variant_id,global_correct,global_exact,poly_correct,poly_exact,current_only_correct,yourmt3_only_correct,net_vs_yourmt3,exceeds_global_and_poly
repair_legacy,48423,0.8164528149184778,2499,0.33838862559241706,2670,5575,-2905,False
repair_contracts,48432,0.8166045625453136,2508,0.33960731211916045,2678,5574,-2896,False
repair_coherent,48485,0.8174981874589017,2561,0.34678402166553823,2714,5557,-2843,False
group127_initial_direct,48478,0.8173801615269184,2554,0.3458361543669601,2692,5542,-2850,False
group127_initial_direct__singletons_only_K,48504,0.8178185435599993,2580,0.3493568043331077,2694,5518,-2824,False
group127_initial_global,48511,0.8179365694919827,2587,0.3503046716316858,2705,5522,-2817,False
group127_initial_global__singletons_only_K,48522,0.8181220388136707,2598,0.35179417738659446,2708,5514,-2806,False
group127_initial_local,48508,0.817885986949704,2584,0.34989844278943805,2707,5527,-2820,False
group127_initial_local__singletons_only_K,48518,0.818054595423966,2594,0.35125253893026404,2716,5526,-2810,False
group127_direct,48478,0.8173801615269184,2554,0.3458361543669601,2692,5542,-2850,False
group127_direct__singletons_only_K,48504,0.8178185435599993,2580,0.3493568043331077,2694,5518,-2824,False
group127_global,48511,0.8179365694919827,2587,0.3503046716316858,2705,5522,-2817,False
group127_global__singletons_only_K,48522,0.8181220388136707,2598,0.35179417738659446,2708,5514,-2806,False
group127_local,48508,0.817885986949704,2584,0.34989844278943805,2707,5527,-2820,False
group127_local__singletons_only_K,48518,0.818054595423966,2594,0.35125253893026404,2716,5526,-2810,False
consensus_bce,48499,0.8177342393228684,2575,0.34867975626269465,2700,5529,-2829,False
consensus_bce__singletons_only_K,48497,0.817700517628016,2573,0.34840893703452946,2700,5531,-2831,False
consensus_ce,48514,0.8179871520342612,2590,0.35071090047393366,2708,5522,-2814,False
consensus_ce__singletons_only_K,48515,0.8180040128816874,2591,0.35084631008801626,2707,5520,-2813,False
catalogue7_global,48514,0.8179871520342612,2590,0.35071090047393366,2708,5522,-2814,False
catalogue7_global__old_groups_only_K,48514,0.8179871520342612,2590,0.35071090047393366,2708,5522,-2814,False
catalogue7_global__singletons_only_K,48515,0.8180040128816874,2591,0.35084631008801626,2707,5520,-2813,False
catalogue8_global,48492,0.817616213390885,2568,0.34773188896411644,2687,5523,-2836,False
catalogue8_global__new_singleton_alone_K,48514,0.8179871520342612,2590,0.35071090047393366,2701,5515,-2814,False
catalogue8_global__new_singleton_gated_K,48518,0.818054595423966,2594,0.35125253893026404,2701,5511,-2810,False
catalogue8_global__old_groups_only_K,48498,0.8177173784754421,2574,0.34854434664861206,2689,5519,-2830,False
catalogue8_global__old_groups_plus_new_singleton_K,48491,0.8175993525434588,2567,0.34759647935003385,2685,5522,-2837,False
catalogue8_global__singletons_only_K,48493,0.8176330742383112,2569,0.34786729857819904,2685,5520,-2835,False
catalogue7_calibrated,48498,0.8177173784754421,2574,0.34854434664861206,2677,5507,-2830,False
catalogue8_calibrated,48511,0.8179365694919827,2587,0.3503046716316858,2688,5505,-2817,False
catalogue7_local,48486,0.8175150483063279,2562,0.3469194312796208,2700,5542,-2842,False
catalogue7_local__no_local_audit_K,48458,0.8170429445783945,2534,0.34312796208530805,2686,5556,-2870,False
catalogue7_local__old_groups_only_K,48486,0.8175150483063279,2562,0.3469194312796208,2700,5542,-2842,False
catalogue7_local__singletons_only_K,48489,0.8175656308486065,2565,0.34732566012186866,2701,5540,-2839,False
catalogue8_local,48486,0.8175150483063279,2562,0.3469194312796208,2687,5529,-2842,False
catalogue8_local__new_singleton_alone_K,48514,0.8179871520342612,2590,0.35071090047393366,2701,5515,-2814,False
catalogue8_local__new_singleton_gated_K,48514,0.8179871520342612,2590,0.35071090047393366,2694,5508,-2814,False
catalogue8_local__no_local_audit_K,48430,0.8165708408504612,2506,0.33933649289099527,2675,5573,-2898,False
catalogue8_local__old_groups_only_K,48494,0.8176499350857374,2570,0.34800270819228163,2689,5523,-2834,False
catalogue8_local__old_groups_plus_new_singleton_K,48487,0.8175319091537541,2563,0.3470548408937035,2686,5527,-2841,False
catalogue8_local__singletons_only_K,48489,0.8175656308486065,2565,0.34732566012186866,2685,5524,-2839,False
catalogue8_contextual_risk,48416,0.8163347889864945,2492,0.33744075829383885,2659,5571,-2912,False
catalogue8_contextual_risk__zero_group_context,48434,0.8166382842401659,2510,0.33987813134732564,2675,5569,-2894,False
catalogue8_contextual_risk__zero_local_audit,48394,0.8159638503431182,2470,0.3344617467840217,2674,5608,-2934,False
catalogue8_parent_risk_new_correction,48502,0.8177848218651469,2578,0.34908598510494243,2688,5514,-2826,False
catalogue8_new_risk_parent_correction,48424,0.816469675765904,2500,0.33852403520649965,2667,5571,-2904,False
regression_loops_s1__identity__cost_1,48502,0.8177848218651469,2578,0.34908598510494243,2688,5514,-2826,False
regression_loops_s1__identity__cost_1.15,48518,0.818054595423966,2594,0.35125253893026404,2705,5515,-2810,False
regression_loops_s1__identity__cost_1.3,48514,0.8179871520342612,2590,0.35071090047393366,2693,5507,-2814,False
regression_loops_s1__identity__cost_1.5,48518,0.818054595423966,2594,0.35125253893026404,2697,5507,-2810,False
regression_loops_s1__identity__cost_2,48512,0.8179534303394088,2588,0.3504400812457685,2688,5504,-2816,False
regression_loops_s1__identity__cost_3,48483,0.8174644657640493,2559,0.34651320243737305,2683,5528,-2845,False
regression_loops_s1__identity__cost_5,48464,0.8171441096629517,2540,0.34394041976980366,2673,5537,-2864,False
regression_loops_s1__q_affine__cost_1,48508,0.817885986949704,2584,0.34989844278943805,2689,5509,-2820,False
regression_loops_s1__q_affine__cost_1.15,48497,0.817700517628016,2573,0.34840893703452946,2685,5516,-2831,False
regression_loops_s1__q_affine__cost_1.3,48512,0.8179534303394088,2588,0.3504400812457685,2696,5512,-2816,False
regression_loops_s1__q_affine__cost_1.5,48509,0.8179028477971303,2585,0.35003385240352064,2698,5517,-2819,False
regression_loops_s1__q_affine__cost_2,48515,0.8180040128816874,2591,0.35084631008801626,2686,5499,-2813,False
regression_loops_s1__q_affine__cost_3,48478,0.8173801615269184,2554,0.3458361543669601,2673,5523,-2850,False
regression_loops_s1__q_affine__cost_5,48468,0.8172115530526565,2544,0.34448205822613404,2678,5538,-2860,False
regression_loops_s1__joint_affine__cost_1,48501,0.8177679610177208,2577,0.34895057549085984,2688,5515,-2827,False
regression_loops_s1__joint_affine__cost_1.15,48490,0.8175824916960326,2566,0.34746106973595126,2681,5519,-2838,False
regression_loops_s1__joint_affine__cost_1.3,48488,0.8175487700011803,2564,0.34719025050778607,2684,5524,-2840,False
regression_loops_s1__joint_affine__cost_1.5,48492,0.817616213390885,2568,0.34773188896411644,2678,5514,-2836,False
regression_loops_s1__joint_affine__cost_2,48466,0.8171778313578041,2542,0.34421123899796885,2676,5538,-2862,False
regression_loops_s1__joint_affine__cost_3,48456,0.8170092228835422,2532,0.34285714285714286,2671,5543,-2872,False
regression_loops_s1__joint_affine__cost_5,48452,0.8169417794938374,2528,0.34231550440081243,2671,5547,-2876,False
regression_loops_s1__transition__cost_1,48505,0.8178354044074255,2581,0.34949221394719027,2705,5528,-2823,False
regression_loops_s1__transition__cost_1.15,48533,0.8183075081353589,2609,0.35328368314150305,2712,5507,-2795,False
regression_loops_s1__transition__cost_1.3,48509,0.8179028477971303,2585,0.35003385240352064,2698,5517,-2819,False
regression_loops_s1__transition__cost_1.5,48495,0.8176667959331636,2571,0.3481381178063643,2689,5522,-2833,False
regression_loops_s1__transition__cost_2,48462,0.8171103879680993,2538,0.3436696005416385,2672,5538,-2866,False
regression_loops_s1__transition__cost_3,48458,0.8170429445783945,2534,0.34312796208530805,2673,5543,-2870,False
regression_loops_s1__transition__cost_5,48453,0.8169586403412635,2529,0.3424509140148951,2671,5546,-2875,False
regression_loops_s1__group_audit__cost_1,48607,0.819555210844897,2683,0.36330399458361545,2721,5442,-2721,False
regression_loops_s1__group_audit__cost_1.15,48603,0.8194877674551923,2679,0.362762356127285,2721,5446,-2725,False
regression_loops_s1__group_audit__cost_1.3,48594,0.8193360198283566,2670,0.36154366960054163,2717,5451,-2734,False
regression_loops_s1__group_audit__cost_1.5,48565,0.8188470552529971,2641,0.35761679079214626,2712,5475,-2763,False
regression_loops_s1__group_audit__cost_2,48517,0.8180377345765398,2593,0.35111712931618144,2698,5509,-2811,False
regression_loops_s1__group_audit__cost_3,48474,0.8173127181372136,2550,0.34529451591062965,2678,5532,-2854,False
regression_loops_s1__group_audit__cost_5,48461,0.8170935271206731,2537,0.3435341909275559,2676,5543,-2867,False
regression_loops_s1__acoustic43__cost_1,48585,0.8191842722015209,2661,0.36032498307379823,2723,5466,-2743,False
regression_loops_s1__acoustic43__cost_1.15,48599,0.8194203240654875,2675,0.36222071767095465,2725,5454,-2729,False
regression_loops_s1__acoustic43__cost_1.3,48613,0.8196563759294542,2689,0.364116452268111,2729,5444,-2715,False
regression_loops_s1__acoustic43__cost_1.5,48586,0.819201133048947,2662,0.3604603926878808,2727,5469,-2742,False
regression_loops_s1__acoustic43__cost_2,48520,0.8180883171188184,2596,0.3515233581584292,2697,5505,-2808,False
regression_loops_s1__acoustic43__cost_3,48476,0.817346439832066,2552,0.34556533513879484,2682,5534,-2852,False
regression_loops_s1__acoustic43__cost_5,48468,0.8172115530526565,2544,0.34448205822613404,2680,5540,-2860,False
regression_loops_s1__acoustic58__cost_1,48591,0.8192854372860779,2667,0.36113744075829385,2723,5460,-2737,False
regression_loops_s1__acoustic58__cost_1.15,48604,0.8195046283026185,2680,0.3628977657413676,2737,5461,-2724,False
regression_loops_s1__acoustic58__cost_1.3,48609,0.8195889325397494,2685,0.36357481381178064,2740,5459,-2719,False
regression_loops_s1__acoustic58__cost_1.5,48581,0.8191168288118161,2657,0.35978334461746786,2725,5472,-2747,False
regression_loops_s1__acoustic58__cost_2,48528,0.8182232038982279,2604,0.35260663507109,2698,5498,-2800,False
regression_loops_s1__acoustic58__cost_3,48480,0.8174138832217708,2556,0.34610697359512527,2681,5529,-2848,False
regression_loops_s1__acoustic58__cost_5,48471,0.817262135594935,2547,0.34488828706838187,2681,5538,-2857,False
regression_loops_s1__nested_cycle_0,48502,0.8177848218651469,2578,0.34908598510494243,2688,5514,-2826,False
regression_loops_s1__nested_cycle_1,48516,0.8180208737291136,2592,0.35098171970209885,2689,5501,-2812,False
regression_loops_s1__nested_cycle_2,48516,0.8180208737291136,2592,0.35098171970209885,2689,5501,-2812,False
regression_loops_s1__nested_cycle_3,48511,0.8179365694919827,2587,0.3503046716316858,2690,5507,-2817,False
regression_loops_s1__nested_cycle_4,48545,0.8185098383044732,2621,0.3549085985104942,2700,5483,-2783,False
regression_loops_s1__nested_cycle_5,48561,0.8187796118632923,2637,0.3570751523358158,2710,5477,-2767,False
regression_loops_s1__nested_cycle_6,48570,0.818931359490128,2646,0.3582938388625592,2722,5480,-2758,False
regression_loops_s2__source_count90,48606,0.8195383499974709,2682,0.36316858496953286,2733,5455,-2722,False
regression_loops_s2__source_success90,48507,0.8178691261022779,2583,0.34976303317535545,2691,5512,-2821,False
regression_loops_s2__transition_success90,48506,0.8178522652548517,2582,0.34962762356127286,2691,5513,-2822,False
regression_loops_s3__tree_group_audit__blend_0.25__cost_1,48560,0.818762751015866,2636,0.35693974272173323,2717,5485,-2768,False
regression_loops_s3__tree_group_audit__blend_0.25__cost_1.15,48569,0.8189144986427018,2645,0.35815842924847663,2716,5475,-2759,False
regression_loops_s3__tree_group_audit__blend_0.25__cost_1.3,48528,0.8182232038982279,2604,0.35260663507109,2697,5497,-2800,False
regression_loops_s3__tree_group_audit__blend_0.25__cost_1.5,48516,0.8180208737291136,2592,0.35098171970209885,2693,5505,-2812,False
regression_loops_s3__tree_group_audit__blend_0.25__cost_2,48504,0.8178185435599993,2580,0.3493568043331077,2688,5512,-2824,False
regression_loops_s3__tree_group_audit__blend_0.25__cost_3,48471,0.817262135594935,2547,0.34488828706838187,2675,5532,-2857,False
regression_loops_s3__tree_group_audit__blend_0.25__cost_5,48463,0.8171272488155255,2539,0.34380501015572107,2678,5543,-2865,False
regression_loops_s3__tree_group_audit__blend_0.5__cost_1,48574,0.8189988028798327,2650,0.35883547731888965,2715,5469,-2754,False
regression_loops_s3__tree_group_audit__blend_0.5__cost_1.15,48571,0.8189482203375542,2647,0.3584292484766418,2709,5466,-2757,False
regression_loops_s3__tree_group_audit__blend_0.5__cost_1.3,48535,0.8183412298302113,2611,0.35355450236966823,2702,5495,-2793,False
regression_loops_s3__tree_group_audit__blend_0.5__cost_1.5,48525,0.8181726213559494,2601,0.35220040622884224,2698,5501,-2803,False
regression_loops_s3__tree_group_audit__blend_0.5__cost_2,48489,0.8175656308486065,2565,0.34732566012186866,2683,5522,-2839,False
regression_loops_s3__tree_group_audit__blend_0.5__cost_3,48461,0.8170935271206731,2537,0.3435341909275559,2674,5541,-2867,False
regression_loops_s3__tree_group_audit__blend_0.5__cost_5,48454,0.8169755011886898,2530,0.3425863236289777,2673,5547,-2874,False
regression_loops_s3__tree_group_audit__blend_0.75__cost_1,48563,0.8188133335581447,2639,0.35734597156398107,2702,5467,-2765,False
regression_loops_s3__tree_group_audit__blend_0.75__cost_1.15,48553,0.8186447250838828,2629,0.355991875423155,2705,5480,-2775,False
regression_loops_s3__tree_group_audit__blend_0.75__cost_1.3,48557,0.8187121684735875,2633,0.35653351387948545,2701,5472,-2771,False
regression_loops_s3__tree_group_audit__blend_0.75__cost_1.5,48523,0.818138899661097,2599,0.35192958700067706,2695,5500,-2805,False
regression_loops_s3__tree_group_audit__blend_0.75__cost_2,48473,0.8172958572897874,2549,0.34515910629654706,2683,5538,-2855,False
regression_loops_s3__tree_group_audit__blend_0.75__cost_3,48457,0.8170260837309683,2533,0.34299255247122545,2670,5541,-2871,False
regression_loops_s3__tree_group_audit__blend_0.75__cost_5,48452,0.8169417794938374,2528,0.34231550440081243,2671,5547,-2876,False
regression_loops_s3__tree_acoustic58__blend_0.25__cost_1,48534,0.818324368982785,2610,0.35341909275558564,2701,5495,-2794,False
regression_loops_s3__tree_acoustic58__blend_0.25__cost_1.15,48534,0.818324368982785,2610,0.35341909275558564,2699,5493,-2794,False
regression_loops_s3__tree_acoustic58__blend_0.25__cost_1.3,48537,0.8183749515250637,2613,0.3538253215978334,2702,5493,-2791,False
regression_loops_s3__tree_acoustic58__blend_0.25__cost_1.5,48528,0.8182232038982279,2604,0.35260663507109,2694,5494,-2800,False
regression_loops_s3__tree_acoustic58__blend_0.25__cost_2,48500,0.8177511001702945,2576,0.34881516587677724,2686,5514,-2828,False
regression_loops_s3__tree_acoustic58__blend_0.25__cost_3,48469,0.8172284139000826,2545,0.34461746784021663,2674,5533,-2859,False
regression_loops_s3__tree_acoustic58__blend_0.25__cost_5,48461,0.8170935271206731,2537,0.3435341909275559,2676,5543,-2867,False
regression_loops_s3__tree_acoustic58__blend_0.5__cost_1,48533,0.8183075081353589,2609,0.35328368314150305,2701,5496,-2795,False
regression_loops_s3__tree_acoustic58__blend_0.5__cost_1.15,48533,0.8183075081353589,2609,0.35328368314150305,2705,5500,-2795,False
regression_loops_s3__tree_acoustic58__blend_0.5__cost_1.3,48518,0.818054595423966,2594,0.35125253893026404,2702,5512,-2810,False
regression_loops_s3__tree_acoustic58__blend_0.5__cost_1.5,48512,0.8179534303394088,2588,0.3504400812457685,2690,5506,-2816,False
regression_loops_s3__tree_acoustic58__blend_0.5__cost_2,48488,0.8175487700011803,2564,0.34719025050778607,2681,5521,-2840,False
regression_loops_s3__tree_acoustic58__blend_0.5__cost_3,48458,0.8170429445783945,2534,0.34312796208530805,2673,5543,-2870,False
regression_loops_s3__tree_acoustic58__blend_0.5__cost_5,48456,0.8170092228835422,2532,0.34285714285714286,2674,5546,-2872,False
regression_loops_s3__tree_acoustic58__blend_0.75__cost_1,48539,0.8184086732199161,2615,0.35409614082599866,2703,5492,-2789,False
regression_loops_s3__tree_acoustic58__blend_0.75__cost_1.15,48513,0.8179702911868351,2589,0.35057549085985107,2694,5509,-2815,False
regression_loops_s3__tree_acoustic58__blend_0.75__cost_1.3,48521,0.8181051779662446,2597,0.35165876777251187,2700,5507,-2807,False
regression_loops_s3__tree_acoustic58__blend_0.75__cost_1.5,48503,0.8178016827125731,2579,0.349221394719025,2695,5520,-2825,False
regression_loops_s3__tree_acoustic58__blend_0.75__cost_2,48481,0.8174307440691969,2557,0.34624238320920786,2681,5528,-2847,False
regression_loops_s3__tree_acoustic58__blend_0.75__cost_3,48454,0.8169755011886898,2530,0.3425863236289777,2671,5545,-2874,False
regression_loops_s3__tree_acoustic58__blend_0.75__cost_5,48454,0.8169755011886898,2530,0.3425863236289777,2673,5547,-2874,False
regression_loops_s3__tree_nested_piece_count90,48579,0.8190831071169637,2655,0.3595125253893026,2719,5468,-2749,False
regression_loops_s3__tree_nested_source_count90,48587,0.8192179938963733,2663,0.3605958023019634,2726,5467,-2741,False
regression_loops_s3__tree_nested_source_success90,48528,0.8182232038982279,2604,0.35260663507109,2695,5495,-2800,False
regression_loops_s4__guard_group__blend_0.25__cost_1,48508,0.817885986949704,2584,0.34989844278943805,2693,5513,-2820,False
regression_loops_s4__guard_group__blend_0.25__cost_1.15,48529,0.8182400647456541,2605,0.3527420446851727,2701,5500,-2799,False
regression_loops_s4__guard_group__blend_0.25__cost_1.3,48518,0.818054595423966,2594,0.35125253893026404,2694,5504,-2810,False
regression_loops_s4__guard_group__blend_0.25__cost_1.5,48508,0.817885986949704,2584,0.34989844278943805,2692,5512,-2820,False
regression_loops_s4__guard_group__blend_0.25__cost_2,48503,0.8178016827125731,2579,0.349221394719025,2687,5512,-2825,False
regression_loops_s4__guard_group__blend_0.25__cost_3,48466,0.8171778313578041,2542,0.34421123899796885,2673,5535,-2862,False
regression_loops_s4__guard_group__blend_0.25__cost_5,48462,0.8171103879680993,2538,0.3436696005416385,2678,5544,-2866,False
regression_loops_s4__guard_group__blend_0.5__cost_1,48505,0.8178354044074255,2581,0.34949221394719027,2688,5511,-2823,False
regression_loops_s4__guard_group__blend_0.5__cost_1.15,48511,0.8179365694919827,2587,0.3503046716316858,2685,5502,-2817,False
regression_loops_s4__guard_group__blend_0.5__cost_1.3,48522,0.8181220388136707,2598,0.35179417738659446,2687,5493,-2806,False
regression_loops_s4__guard_group__blend_0.5__cost_1.5,48505,0.8178354044074255,2581,0.34949221394719027,2688,5511,-2823,False
regression_loops_s4__guard_group__blend_0.5__cost_2,48485,0.8174981874589017,2561,0.34678402166553823,2679,5522,-2843,False
regression_loops_s4__guard_group__blend_0.5__cost_3,48466,0.8171778313578041,2542,0.34421123899796885,2672,5534,-2862,False
regression_loops_s4__guard_group__blend_0.5__cost_5,48461,0.8170935271206731,2537,0.3435341909275559,2675,5542,-2867,False
regression_loops_s4__guard_group__blend_0.75__cost_1,48497,0.817700517628016,2573,0.34840893703452946,2688,5519,-2831,False
regression_loops_s4__guard_group__blend_0.75__cost_1.15,48500,0.8177511001702945,2576,0.34881516587677724,2683,5511,-2828,False
regression_loops_s4__guard_group__blend_0.75__cost_1.3,48506,0.8178522652548517,2582,0.34962762356127286,2679,5501,-2822,False
regression_loops_s4__guard_group__blend_0.75__cost_1.5,48491,0.8175993525434588,2567,0.34759647935003385,2673,5510,-2837,False
regression_loops_s4__guard_group__blend_0.75__cost_2,48465,0.8171609705103778,2541,0.34407582938388626,2669,5532,-2863,False
regression_loops_s4__guard_group__blend_0.75__cost_3,48465,0.8171609705103778,2541,0.34407582938388626,2676,5539,-2863,False
regression_loops_s4__guard_group__blend_0.75__cost_5,48460,0.8170766662732469,2536,0.34339878131347323,2674,5542,-2868,False
regression_loops_s4__guard_group__blend_1__cost_1,48491,0.8175993525434588,2567,0.34759647935003385,2683,5520,-2837,False
regression_loops_s4__guard_group__blend_1__cost_1.15,48488,0.8175487700011803,2564,0.34719025050778607,2672,5512,-2840,False
regression_loops_s4__guard_group__blend_1__cost_1.3,48483,0.8174644657640493,2559,0.34651320243737305,2667,5512,-2845,False
regression_loops_s4__guard_group__blend_1__cost_1.5,48478,0.8173801615269184,2554,0.3458361543669601,2665,5515,-2850,False
regression_loops_s4__guard_group__blend_1__cost_2,48467,0.8171946922052302,2543,0.34434664861205144,2673,5534,-2861,False
regression_loops_s4__guard_group__blend_1__cost_3,48463,0.8171272488155255,2539,0.34380501015572107,2669,5534,-2865,False
regression_loops_s4__guard_group__blend_1__cost_5,48463,0.8171272488155255,2539,0.34380501015572107,2676,5541,-2865,False
regression_loops_s4__guard_acoustic58__blend_0.25__cost_1,48518,0.818054595423966,2594,0.35125253893026404,2689,5499,-2810,False
regression_loops_s4__guard_acoustic58__blend_0.25__cost_1.15,48527,0.8182063430508018,2603,0.35247122545700743,2698,5499,-2801,False
regression_loops_s4__guard_acoustic58__blend_0.25__cost_1.3,48529,0.8182400647456541,2605,0.3527420446851727,2703,5502,-2799,False
regression_loops_s4__guard_acoustic58__blend_0.25__cost_1.5,48533,0.8183075081353589,2609,0.35328368314150305,2698,5493,-2795,False
regression_loops_s4__guard_acoustic58__blend_0.25__cost_2,48490,0.8175824916960326,2566,0.34746106973595126,2680,5518,-2838,False
regression_loops_s4__guard_acoustic58__blend_0.25__cost_3,48478,0.8173801615269184,2554,0.3458361543669601,2680,5530,-2850,False
regression_loops_s4__guard_acoustic58__blend_0.25__cost_5,48461,0.8170935271206731,2537,0.3435341909275559,2677,5544,-2867,False
regression_loops_s4__guard_acoustic58__blend_0.5__cost_1,48526,0.8181894822033755,2602,0.35233581584292484,2693,5495,-2802,False
regression_loops_s4__guard_acoustic58__blend_0.5__cost_1.15,48519,0.8180714562713922,2595,0.35138794854434663,2689,5498,-2809,False
regression_loops_s4__guard_acoustic58__blend_0.5__cost_1.3,48521,0.8181051779662446,2597,0.35165876777251187,2700,5507,-2807,False
regression_loops_s4__guard_acoustic58__blend_0.5__cost_1.5,48502,0.8177848218651469,2578,0.34908598510494243,2696,5522,-2826,False
regression_loops_s4__guard_acoustic58__blend_0.5__cost_2,48490,0.8175824916960326,2566,0.34746106973595126,2688,5526,-2838,False
regression_loops_s4__guard_acoustic58__blend_0.5__cost_3,48475,0.8173295789846398,2551,0.34542992552471224,2682,5535,-2853,False
regression_loops_s4__guard_acoustic58__blend_0.5__cost_5,48458,0.8170429445783945,2534,0.34312796208530805,2674,5544,-2870,False
regression_loops_s4__guard_acoustic58__blend_0.75__cost_1,48512,0.8179534303394088,2588,0.3504400812457685,2700,5516,-2816,False
regression_loops_s4__guard_acoustic58__blend_0.75__cost_1.15,48506,0.8178522652548517,2582,0.34962762356127286,2693,5515,-2822,False
regression_loops_s4__guard_acoustic58__blend_0.75__cost_1.3,48503,0.8178016827125731,2579,0.349221394719025,2691,5516,-2825,False
regression_loops_s4__guard_acoustic58__blend_0.75__cost_1.5,48484,0.8174813266114755,2560,0.34664861205145564,2689,5533,-2844,False
regression_loops_s4__guard_acoustic58__blend_0.75__cost_2,48487,0.8175319091537541,2563,0.3470548408937035,2683,5524,-2841,False
regression_loops_s4__guard_acoustic58__blend_0.75__cost_3,48474,0.8173127181372136,2550,0.34529451591062965,2676,5530,-2854,False
regression_loops_s4__guard_acoustic58__blend_0.75__cost_5,48457,0.8170260837309683,2533,0.34299255247122545,2675,5546,-2871,False
regression_loops_s4__guard_acoustic58__blend_1__cost_1,48487,0.8175319091537541,2563,0.3470548408937035,2689,5530,-2841,False
regression_loops_s4__guard_acoustic58__blend_1__cost_1.15,48489,0.8175656308486065,2565,0.34732566012186866,2683,5522,-2839,False
regression_loops_s4__guard_acoustic58__blend_1__cost_1.3,48491,0.8175993525434588,2567,0.34759647935003385,2680,5517,-2837,False
regression_loops_s4__guard_acoustic58__blend_1__cost_1.5,48487,0.8175319091537541,2563,0.3470548408937035,2683,5524,-2841,False
regression_loops_s4__guard_acoustic58__blend_1__cost_2,48486,0.8175150483063279,2562,0.3469194312796208,2683,5525,-2842,False
regression_loops_s4__guard_acoustic58__blend_1__cost_3,48468,0.8172115530526565,2544,0.34448205822613404,2674,5534,-2860,False
regression_loops_s4__guard_acoustic58__blend_1__cost_5,48463,0.8171272488155255,2539,0.34380501015572107,2675,5540,-2865,False
regression_loops_s4__guard_nested_piece_success90,48511,0.8179365694919827,2587,0.3503046716316858,2694,5511,-2817,False
regression_loops_s4__guard_nested_source_success90,48532,0.8182906472879327,2608,0.35314827352742045,2692,5488,-2796,False
regression_loops_posthoc__tree_group_audit__blend_0.25__cost_1__no_favorable_group,48562,0.8187964727107184,2638,0.3572105619498984,2716,5482,-2766,False
regression_loops_posthoc__group_audit__cost_1.15__no_favorable_group,48617,0.8197238193191589,2693,0.36465809072444144,2729,5440,-2711,False
regression_loops_posthoc__source_count90__no_favorable_group,48611,0.8196226542346018,2687,0.3638456330399458,2732,5449,-2717,False
