global_index,fold,recording,start_sample,end_sample,true_K,freeze_K,previous_best_K,opened_K,outcome_vs_previous
39733,0,02_Jazz3-150-C_solo.jams,646550,648174,1,2,2,1,correction
57376,0,03_Rock3-148-C_solo.jams,250868,252601,1,2,2,1,correction
57808,0,03_SS1-68-E_comp.jams,874291,875886,0,2,2,0,correction
67523,0,04_Jazz3-150-C_solo.jams,470750,471863,1,2,2,1,correction
67554,0,04_Jazz3-150-C_solo.jams,670525,672254,1,2,2,1,correction
3829,1,00_Funk3-112-C#_comp.jams,646361,647312,0,2,2,0,correction
16396,1,00_SS3-98-C_solo.jams,5,1765,1,2,2,1,correction
19518,1,01_Funk2-119-G_comp.jams,216864,218405,1,2,2,0,neutral
19560,1,01_Funk2-119-G_comp.jams,377989,378765,0,3,3,0,correction
19638,1,01_Funk2-119-G_comp.jams,717780,719466,0,3,3,0,correction
19642,1,01_Funk2-119-G_comp.jams,734065,735526,0,3,3,0,correction
1760,2,00_Funk1-114-Ab_comp.jams,152765,154455,0,3,2,0,correction
1958,2,00_Funk1-114-Ab_comp.jams,825105,825105,1,3,2,0,neutral
5920,2,00_Jazz2-110-Bb_comp.jams,489103,490798,0,3,3,0,correction
21932,2,01_Jazz1-200-B_solo.jams,78384,80147,1,3,3,1,correction
56031,2,03_Rock2-85-F_comp.jams,1592892,1594016,0,2,2,0,correction
56048,2,03_Rock2-85-F_comp.jams,1675396,1676571,0,2,2,0,correction
65635,2,04_Jazz1-200-B_comp.jams,488296,490059,0,2,2,0,correction
2186,4,00_Funk2-108-Eb_comp.jams,104509,106263,0,2,2,0,correction
2430,4,00_Funk2-108-Eb_comp.jams,805767,807054,0,2,2,0,correction
2463,4,00_Funk2-108-Eb_comp.jams,903100,904348,0,2,2,0,correction
7199,4,00_Jazz3-137-Eb_solo.jams,5955,7637,1,2,2,0,neutral
8923,4,00_Rock1-90-C#_comp.jams,553314,554505,0,2,2,0,correction
9143,4,00_Rock1-90-C#_comp.jams,1062323,1064047,0,2,2,0,correction
19152,4,01_Funk2-108-Eb_comp.jams,1445713,1446396,0,2,2,0,correction
23114,4,01_Jazz3-137-Eb_comp.jams,211766,212904,0,2,2,0,correction
23125,4,01_Jazz3-137-Eb_comp.jams,249937,251632,0,2,2,0,correction
24886,4,01_Rock1-90-C#_comp.jams,811926,813499,0,2,2,0,correction
30476,4,01_SS2-107-Ab_solo.jams,1547813,1548777,2,2,2,0,regression
49340,4,03_Funk2-108-Eb_comp.jams,666645,668315,0,2,2,0,correction
52993,4,03_Jazz3-137-Eb_comp.jams,170079,171626,0,2,2,0,correction
53176,4,03_Jazz3-137-Eb_comp.jams,1055889,1057035,0,2,2,0,correction
54348,4,03_Rock1-90-C#_comp.jams,274102,275373,0,2,2,0,correction
68356,4,04_Rock1-90-C#_comp.jams,597521,599156,0,2,2,0,correction
68607,4,04_Rock1-90-C#_comp.jams,1242840,1244441,0,2,2,0,correction
68614,4,04_Rock1-90-C#_comp.jams,1255889,1257641,0,2,2,0,correction
68655,4,04_Rock1-90-C#_comp.jams,1347877,1349573,0,2,2,0,correction
