global_index,fold,recording_id,start_seconds,true_k,baseline_k,predicted_k,legacy_k,expected_advantage,baseline_probability,predicted_probability,experts_supporting_decision,expert_mean_advantage,normalized_attention_entropy,most_weighted_subset,most_weighted_subset_weight
638,0,00_BN2-166-Ab_comp.jams,6.1591383,3,3,5,5,0.095059186,0.30198872,0.39704791,0,-0.29781312,0.97091437,30,0.075452775
760,0,00_BN2-166-Ab_comp.jams,16.089683,3,3,4,4,0.08493948,0.35099298,0.43593246,3,-0.03016757,0.90950772,63,0.064112633
792,0,00_BN2-166-Ab_comp.jams,19.025238,4,4,3,4,0.12510607,0.37930742,0.50441349,5,0.12883949,0.95515237,63,0.054452471
7396,0,00_Jazz3-150-C_comp.jams,1.8623583,3,3,2,4,0.038719088,0.34961993,0.38833901,0,-0.22108176,0.88343744,62,0.075525224
7484,0,00_Jazz3-150-C_comp.jams,7.8296825,4,4,2,2,0.11884892,0.24309209,0.36194101,4,0.084061339,0.91685437,30,0.094234012
7493,0,00_Jazz3-150-C_comp.jams,8.3872109,3,3,2,3,0.079544932,0.20955423,0.28909916,4,0.18418734,0.92760442,62,0.048665032
7629,0,00_Jazz3-150-C_comp.jams,18.401973,4,4,3,4,0.61917734,0.10815004,0.72732735,5,0.24034905,0.94111148,63,0.057782602
7643,0,00_Jazz3-150-C_comp.jams,19.218322,3,3,2,3,0.043970644,0.32379249,0.36776313,5,0.27022892,0.89716619,63,0.058810353
7651,0,00_Jazz3-150-C_comp.jams,19.598073,3,3,2,3,0.13305521,0.29604831,0.42910352,1,-0.088208012,0.87662894,62,0.075534865
7691,0,00_Jazz3-150-C_comp.jams,22.247846,3,3,2,2,0.14091471,0.35953197,0.50044668,0,-0.052131604,0.93436873,62,0.043633785
7702,0,00_Jazz3-150-C_comp.jams,22.801565,3,3,2,3,0.29431722,0.29917255,0.59348977,5,0.07030721,0.90632747,62,0.054321997
9838,0,00_Rock2-142-D_comp.jams,11.430703,4,4,5,5,0.052329868,0.29798603,0.3503159,0,-0.14111106,0.98055,30,0.063533068
9855,0,00_Rock2-142-D_comp.jams,12.344649,4,4,3,5,0.21328534,0.14923777,0.36252311,5,0.17515872,0.91162064,63,0.07633315
9868,0,00_Rock2-142-D_comp.jams,12.942313,4,4,5,5,0.46336246,0.052059218,0.51542169,3,0.22539003,0.99065701,30,0.052652881
9977,0,00_Rock2-142-D_comp.jams,18.814943,4,4,5,5,0.27416295,0.19515422,0.46931717,1,-0.060354125,0.97130188,30,0.074840441
9981,0,00_Rock2-142-D_comp.jams,19.036213,4,4,5,6,0.44918555,0.15496849,0.60415405,3,0.042722713,0.97847514,30,0.064942136
9987,0,00_Rock2-142-D_comp.jams,19.369048,3,3,2,3,0.033687711,0.32684684,0.36053455,4,0.044030525,0.94403765,62,0.045350917
10088,0,00_Rock2-142-D_comp.jams,24.727937,3,3,2,3,0.2441515,0.21822932,0.46238083,5,0.23370543,0.8980566,62,0.054879218
12331,0,00_Rock3-148-C_comp.jams,3.065873,3,3,2,3,0.15131477,0.27335772,0.42467248,5,0.5548895,0.93777937,62,0.051384214
12360,0,00_Rock3-148-C_comp.jams,4.5054422,3,3,2,2,0.40488625,0.17108385,0.57597011,5,0.55131984,0.95638176,62,0.042405445
12362,0,00_Rock3-148-C_comp.jams,4.6144671,4,4,3,3,0.32408205,0.1888909,0.51297295,5,0.18578091,0.96907775,63,0.04124628
12442,0,00_Rock3-148-C_comp.jams,8.6296145,4,4,3,5,0.10775304,0.21707517,0.32482821,5,0.085536145,0.87650488,63,0.10317228
12457,0,00_Rock3-148-C_comp.jams,9.3436735,3,3,4,5,0.17741673,0.21278198,0.39019871,2,-0.00069430767,0.9057018,63,0.068831071
12463,0,00_Rock3-148-C_comp.jams,9.6242857,4,4,5,5,0.48413959,0.080337077,0.56447667,1,-0.042411897,0.97510572,30,0.068172418
12494,0,00_Rock3-148-C_comp.jams,11.047937,4,4,2,3,0.68902045,0.024924397,0.71394485,5,0.35486016,0.92851548,30,0.10939412
12499,0,00_Rock3-148-C_comp.jams,11.274558,3,3,2,3,0.4763681,0.1185228,0.59489089,4,0.056147784,0.95552426,62,0.043137074
12687,0,00_Rock3-148-C_comp.jams,20.809161,3,3,2,2,0.28442279,0.15471902,0.43914181,5,0.27101329,0.9629374,62,0.03810237
12727,0,00_Rock3-148-C_comp.jams,22.73229,3,3,2,5,0.26098007,0.11449772,0.37547779,5,0.33972651,0.90482526,62,0.065755427
12741,0,00_Rock3-148-C_comp.jams,23.432948,4,4,3,3,0.46191174,0.059508935,0.52142066,5,0.11872669,0.93378313,31,0.058008887
12796,0,00_Rock3-148-C_solo.jams,0.42995465,3,3,4,3,0.07417506,0.30257758,0.37675264,0,-0.16045508,0.93674249,62,0.051659755
12811,0,00_Rock3-148-C_solo.jams,2.8696372,3,3,4,3,0.048150867,0.34904432,0.39719519,0,-0.14713855,0.93650246,63,0.050023522
12822,0,00_Rock3-148-C_solo.jams,3.6826984,3,3,4,4,0.019609809,0.39241388,0.41202369,0,-0.20261064,0.93388907,62,0.052393917
12826,0,00_Rock3-148-C_solo.jams,4.1002268,3,3,4,4,0.37590969,0.25311059,0.62902027,0,-0.1230052,0.92686358,62,0.055546902
12839,0,00_Rock3-148-C_solo.jams,5.5027664,3,3,4,4,0.23014656,0.34229192,0.57243848,1,-0.065873735,0.93083827,62,0.052917443
12844,0,00_Rock3-148-C_solo.jams,5.9187755,3,3,2,2,0.10900441,0.34588414,0.45488855,2,-0.029983003,0.882751,62,0.074185185
13422,0,00_SS1-68-E_comp.jams,32.62542,3,3,2,3,0.3234995,0.27443784,0.59793735,5,0.2552399,0.93724743,62,0.042265825
13820,0,00_SS1-68-E_solo.jams,18.521406,3,3,4,4,0.27091056,0.24509348,0.51600403,0,-0.074760482,0.90404377,63,0.067893282
13996,0,00_SS1-68-E_solo.jams,36.187642,3,3,2,3,0.14544478,0.13704762,0.2824924,5,0.49473494,0.92656937,58,0.050346486
14008,0,00_SS1-68-E_solo.jams,37.080091,3,3,2,3,0.011071503,0.31997269,0.3310442,2,-0.016089505,0.92793841,62,0.044787318
17299,0,01_BN2-166-Ab_comp.jams,1.4236054,4,4,3,4,0.059391379,0.38314855,0.44253993,4,0.038471218,0.82805605,63,0.14254311
17329,0,01_BN2-166-Ab_comp.jams,3.4461905,4,4,3,4,0.18815559,0.28766525,0.47582084,4,0.087427601,0.82129088,63,0.13930032
17339,0,01_BN2-166-Ab_comp.jams,3.9669388,3,3,2,3,0.013815239,0.23205937,0.24587461,4,0.39119822,0.94347332,63,0.043400995
17342,0,01_BN2-166-Ab_comp.jams,4.33322,4,4,3,4,0.24126828,0.32338989,0.56465816,5,0.17798904,0.8198546,63,0.15269174
17358,0,01_BN2-166-Ab_comp.jams,5.2447619,3,3,4,3,0.19229172,0.24284489,0.43513662,1,-0.13570282,0.93386832,62,0.051756635
17370,0,01_BN2-166-Ab_comp.jams,6.3366667,4,4,3,4,0.18589085,0.19749567,0.38338652,4,0.12805203,0.79565079,63,0.17317134
17413,0,01_BN2-166-Ab_comp.jams,9.947483,4,4,3,3,0.18184054,0.27081624,0.45265678,5,0.2763541,0.84925732,63,0.12523274
17446,0,01_BN2-166-Ab_comp.jams,12.651066,3,3,5,5,0.17570268,0.22455545,0.40025812,2,-0.080102965,0.9754177,30,0.070462942
17461,0,01_BN2-166-Ab_comp.jams,13.563537,3,3,2,3,0.13819197,0.26232949,0.40052146,1,-0.071832553,0.9285032,62,0.048306637
17475,0,01_BN2-166-Ab_comp.jams,14.435125,3,3,4,4,0.1139161,0.36966914,0.48358524,0,-0.18045157,0.90492186,63,0.066792622
17495,0,01_BN2-166-Ab_comp.jams,15.526553,4,4,3,3,0.47137856,0.15020578,0.62158436,4,0.16073887,0.98675413,63,0.033179738
17502,0,01_BN2-166-Ab_comp.jams,16.448685,3,3,2,3,0.33392587,0.26292053,0.5968464,2,-0.14304173,0.87321388,62,0.087286837
23594,0,01_Jazz3-150-C_comp.jams,10.804898,3,3,4,3,0.5073536,0.10622102,0.61357462,0,-0.32226238,0.95797776,62,0.042164508
23598,0,01_Jazz3-150-C_comp.jams,11.581043,3,3,4,3,0.016069084,0.4368715,0.45294058,0,-0.28359848,0.95700216,62,0.045452408
23609,0,01_Jazz3-150-C_comp.jams,13.197506,3,3,4,3,0.048582613,0.44447628,0.49305889,0,-0.26505396,0.96143754,62,0.043171007
25499,0,01_Rock2-142-D_comp.jams,7.4286848,4,4,5,4,0.098582432,0.23933454,0.33791697,0,-0.075700268,0.96547703,30,0.078349918
25520,0,01_Rock2-142-D_comp.jams,8.4704308,4,4,3,4,0.23852019,0.24779539,0.48631558,3,0.055067826,0.79297382,63,0.17003939
28713,0,01_SS1-68-E_comp.jams,2.7185714,3,3,2,3,0.24665272,0.262088,0.50874072,1,-0.06894736,0.91829019,62,0.049967464
28842,0,01_SS1-68-E_comp.jams,9.7269841,3,3,2,3,0.10925227,0.31105271,0.42030498,1,-0.095106877,0.90239194,62,0.056119829
29092,0,01_SS1-68-E_comp.jams,23.854921,3,3,2,3,0.20490402,0.19907117,0.40397519,1,-0.051821746,0.91525968,62,0.050601758
39288,0,02_Jazz3-150-C_comp.jams,10.804966,3,3,4,3,0.012446105,0.26651663,0.27896273,0,-0.099939801,0.96014027,63,0.039836243
39327,0,02_Jazz3-150-C_comp.jams,12.823878,3,3,2,3,0.11527038,0.32471639,0.43998677,5,0.23434997,0.93277611,62,0.041991252
39387,0,02_Jazz3-150-C_comp.jams,16.031655,3,3,2,3,0.033570677,0.37931532,0.41288599,4,0.1318204,0.9343204,62,0.044144623
39472,0,02_Jazz3-150-C_comp.jams,20.849138,3,3,2,3,0.059402913,0.34286606,0.40226898,4,0.12256048,0.94435003,62,0.038635325
40904,0,02_Rock2-142-D_comp.jams,0.66451247,3,3,2,4,0.40566713,0.16586024,0.57152736,4,0.083311528,0.8807415,62,0.069772683
41144,0,02_Rock2-142-D_comp.jams,16.523288,3,3,4,4,0.26399863,0.31742752,0.58142614,0,-0.21926141,0.94208089,62,0.050309062
41242,0,02_Rock2-142-D_comp.jams,22.620068,3,3,4,4,0.25048548,0.26030898,0.51079446,3,0.12281847,0.91452136,63,0.062849499
43050,0,02_Rock3-148-C_comp.jams,4.9056236,4,4,3,4,0.074966729,0.28759417,0.3625609,2,-0.028977931,0.92069175,63,0.078210831
43092,0,02_Rock3-148-C_comp.jams,7.1092063,4,4,3,2,0.023658991,0.35614151,0.3798005,3,0.027251061,0.82167366,63,0.14496116
43111,0,02_Rock3-148-C_comp.jams,8.038254,3,3,2,3,0.17057358,0.240032,0.41060558,5,0.37549779,0.95588915,62,0.043951757
43121,0,02_Rock3-148-C_comp.jams,8.7263719,4,4,3,4,0.15510061,0.34030077,0.49540138,1,-0.15259369,0.75894235,63,0.20220777
43268,0,02_Rock3-148-C_comp.jams,15.949093,3,3,2,2,0.73514408,0.040932383,0.77607644,5,0.54312629,0.94287195,62,0.049339097
43378,0,02_Rock3-148-C_comp.jams,21.719456,3,3,4,6,0.16326764,0.22428179,0.38754943,3,0.070092931,0.91621533,63,0.063480757
47992,0,03_BN2-166-Ab_comp.jams,1.6377324,4,4,2,2,0.54766768,0.11468699,0.66235465,5,0.63480765,0.90600784,30,0.090077661
48014,0,03_BN2-166-Ab_comp.jams,4.5410884,4,4,2,4,0.12986052,0.24709594,0.37695646,5,0.48867506,0.91890771,30,0.088169873
48042,0,03_BN2-166-Ab_comp.jams,7.408322,4,4,3,4,0.10297413,0.22887413,0.33184826,4,0.11399255,0.88575674,63,0.094882734
48056,0,03_BN2-166-Ab_comp.jams,8.6619955,4,4,3,4,0.016882956,0.37878722,0.39567018,2,-0.094360672,0.74414394,63,0.22271609
48072,0,03_BN2-166-Ab_comp.jams,9.928254,4,4,3,4,0.16426679,0.26204202,0.42630881,1,-0.061572492,0.82091344,63,0.15366973
48077,0,03_BN2-166-Ab_comp.jams,10.30458,3,3,4,4,0.28131944,0.22370066,0.50502008,4,0.14218274,0.92085255,63,0.062726133
48137,0,03_BN2-166-Ab_comp.jams,14.812018,4,4,3,4,0.14106044,0.25573492,0.39679536,4,0.11736491,0.81143897,63,0.16948748
48143,0,03_BN2-166-Ab_comp.jams,15.740068,4,4,3,4,0.48747277,0.21010143,0.6975742,5,0.20236392,0.8905045,63,0.083475024
48151,0,03_BN2-166-Ab_comp.jams,16.634444,3,3,2,3,0.17840505,0.23642498,0.41483003,5,0.28736582,0.90786786,62,0.059962779
48179,0,03_BN2-166-Ab_comp.jams,19.497982,3,3,2,3,0.064792633,0.31349975,0.37829238,3,0.025449937,0.87683061,62,0.077837668
53414,0,03_Jazz3-150-C_comp.jams,4.7312698,3,3,2,2,0.58485627,0.17920952,0.7640658,3,0.13641663,0.92901497,62,0.045433525
53546,0,03_Jazz3-150-C_comp.jams,18.231066,3,3,2,2,0.53030539,0.18224606,0.71255147,1,-0.051979911,0.90194215,62,0.060199901
53603,0,03_Jazz3-150-C_comp.jams,24.605011,3,3,2,3,0.18088895,0.3032603,0.48414925,2,-0.055076849,0.92081627,62,0.04995656
55069,0,03_Rock2-142-D_comp.jams,10.165125,4,4,3,4,0.23635909,0.33476219,0.57112128,5,0.16663194,0.82244454,63,0.15454026
55123,0,03_Rock2-142-D_comp.jams,13.513243,3,3,2,3,0.09909156,0.38333979,0.48243135,2,-0.040130608,0.87578783,62,0.075395927
55156,0,03_Rock2-142-D_comp.jams,15.446508,4,4,3,4,0.26423723,0.26253736,0.52677459,4,0.15855445,0.86114488,63,0.11676378
55169,0,03_Rock2-142-D_comp.jams,16.061542,3,3,4,5,0.053688616,0.25164318,0.3053318,1,-0.060689427,0.90409181,63,0.0693532
55199,0,03_Rock2-142-D_comp.jams,17.970431,3,3,2,3,0.09008193,0.32567376,0.41575569,2,-0.0094056902,0.91101813,62,0.04960015
55256,0,03_Rock2-142-D_comp.jams,22.21941,3,3,2,4,0.16247161,0.2423379,0.4048095,1,-0.057393402,0.90256507,62,0.059394132
55325,0,03_Rock2-142-D_comp.jams,25.624898,3,3,2,3,0.26534927,0.15797921,0.42332849,5,0.18173435,0.89928467,62,0.055809725
56871,0,03_Rock3-148-C_comp.jams,0.41696145,4,4,3,4,0.027807623,0.36817011,0.39597774,4,0.040935896,0.74652974,63,0.21633059
57054,0,03_Rock3-148-C_comp.jams,10.139433,3,3,5,5,0.097689793,0.24303637,0.34072617,2,-0.030576605,0.97630176,30,0.068008848
57079,0,03_Rock3-148-C_comp.jams,11.350159,3,3,2,4,0.31369653,0.22518829,0.53888482,2,-0.035497598,0.9091614,62,0.052282576
57107,0,03_Rock3-148-C_comp.jams,12.584558,4,4,3,4,0.065181881,0.25573918,0.32092106,5,0.1704549,0.95377496,63,0.053311419
57128,0,03_Rock3-148-C_comp.jams,13.795079,3,3,2,5,0.042861402,0.26901704,0.31187844,1,-0.045512427,0.90756219,62,0.051922247
57136,0,03_Rock3-148-C_comp.jams,14.190839,3,3,2,3,0.014968246,0.14164831,0.15661655,2,-0.014585542,0.9510644,62,0.042500529
57242,0,03_Rock3-148-C_comp.jams,19.877755,3,3,2,3,0.027506649,0.30935776,0.33686441,0,-0.099164113,0.92916872,62,0.044599123
57267,0,03_Rock3-148-C_comp.jams,21.080227,3,3,2,2,0.43153918,0.15590487,0.58744407,3,0.11811094,0.9014348,62,0.055385739
57310,0,03_Rock3-148-C_comp.jams,23.523991,4,4,5,5,0.12813538,0.21136588,0.33950126,3,0.036188215,0.97518456,30,0.069342047
57324,0,03_Rock3-148-C_comp.jams,24.312562,3,3,2,2,0.34904349,0.24230953,0.591353,3,0.038930066,0.89825071,62,0.057163261
57338,0,03_Rock3-148-C_comp.jams,24.940567,4,4,3,5,0.090910405,0.22140902,0.31231943,5,0.1954377,0.8274552,63,0.13482617
57755,0,03_SS1-68-E_comp.jams,16.82034,3,3,2,3,0.3023597,0.2492419,0.55160159,3,0.025944073,0.92675443,62,0.04664401
57779,0,03_SS1-68-E_comp.jams,18.274785,3,3,4,5,0.19633104,0.23944013,0.43577117,1,-0.021806056,0.91042622,63,0.067786105
57843,0,03_SS1-68-E_comp.jams,21.759524,3,3,2,3,0.15596238,0.26374045,0.41970283,5,0.24931081,0.94348175,62,0.04261972
57863,0,03_SS1-68-E_comp.jams,22.966395,3,3,2,3,0.46862298,0.19113635,0.65975934,5,0.10080217,0.91166226,62,0.049263131
58044,0,03_SS1-68-E_comp.jams,34.5222,3,3,2,3,0.054071128,0.3368423,0.39091343,3,0.043833889,0.92546903,62,0.04497651
61293,0,04_BN2-166-Ab_comp.jams,1.2440816,4,4,3,4,0.32432044,0.23215394,0.55647439,3,-0.037528805,0.77396148,63,0.19888769
61301,0,04_BN2-166-Ab_comp.jams,1.645941,4,4,3,3,0.16772549,0.23767091,0.4053964,5,0.2111512,0.96592474,60,0.041342083
61317,0,04_BN2-166-Ab_comp.jams,2.8495918,3,3,2,2,0.070376426,0.040996004,0.11137243,3,0.26296219,0.83343721,62,0.14672963
61352,0,04_BN2-166-Ab_comp.jams,5.7947392,4,4,3,4,0.16796082,0.34925532,0.51721615,4,0.071219765,0.86145101,31,0.11915498
61356,0,04_BN2-166-Ab_comp.jams,6.1571882,4,4,3,4,0.007314831,0.39910057,0.4064154,4,0.058983117,0.86131319,63,0.11307068
61426,0,04_BN2-166-Ab_comp.jams,11.539048,4,4,3,4,0.3966603,0.25771096,0.65437126,5,0.22732072,0.92940669,63,0.058868609
61429,0,04_BN2-166-Ab_comp.jams,11.897664,4,4,3,4,0.58693188,0.12751143,0.71444333,4,0.081912383,0.84058504,31,0.13298227
61440,0,04_BN2-166-Ab_comp.jams,12.798662,4,4,2,2,0.116432,0.21000306,0.32643506,2,0.015226466,0.83301599,30,0.1425789
61447,0,04_BN2-166-Ab_comp.jams,13.180884,4,4,3,4,0.069810182,0.25886458,0.32867476,2,-0.033291414,0.82312617,63,0.14629905
61480,0,04_BN2-166-Ab_comp.jams,16.04449,4,4,2,4,0.16909704,0.14736134,0.31645837,5,0.18300836,0.8386423,30,0.1414984
61504,0,04_BN2-166-Ab_comp.jams,18.259093,4,4,5,4,0.03531301,0.27054471,0.30585772,1,-0.11885979,0.98337458,30,0.056704175
61542,0,04_BN2-166-Ab_comp.jams,21.458277,4,4,2,4,0.045894645,0.10057802,0.14647266,1,-0.18456557,0.83885171,30,0.13610813
67164,0,04_Jazz3-150-C_comp.jams,1.0661678,4,4,3,3,0.37730044,0.25113082,0.62843126,2,-0.01817959,0.98706347,63,0.03527556
67233,0,04_Jazz3-150-C_comp.jams,6.6834694,3,3,2,2,0.33174282,0.25777572,0.58951855,4,0.085421048,0.90376849,62,0.057549555
67254,0,04_Jazz3-150-C_comp.jams,7.9968707,4,4,3,4,0.12351811,0.30202013,0.42553824,4,0.068825439,0.77101261,63,0.19279009
67260,0,04_Jazz3-150-C_comp.jams,8.3838776,4,4,3,4,0.20710823,0.306384,0.51349223,5,0.18858059,0.85123679,63,0.12475686
67264,0,04_Jazz3-150-C_comp.jams,8.6453288,4,4,2,4,0.20560524,0.22494599,0.43055123,5,0.4349815,0.82676951,30,0.1231484
67285,0,04_Jazz3-150-C_comp.jams,10.210522,4,4,3,4,0.022071213,0.38598353,0.40805474,1,-0.25002912,0.79688287,63,0.17148042
67337,0,04_Jazz3-150-C_comp.jams,14.24678,4,4,3,4,0.095133901,0.34828681,0.44342071,5,0.13298538,0.87292449,31,0.10105317
67367,0,04_Jazz3-150-C_comp.jams,16.245873,3,3,2,3,0.029124767,0.3779926,0.40711737,5,0.27546015,0.9610942,63,0.044908147
67411,0,04_Jazz3-150-C_comp.jams,20.652426,4,4,3,4,0.27265084,0.28759807,0.56024891,3,0.054586776,0.84263874,63,0.13608897
68850,0,04_Rock2-142-D_comp.jams,1.0862812,4,4,5,5,0.561005,0.064554572,0.62555957,3,0.050976716,0.97873366,30,0.065326877
68938,0,04_Rock2-142-D_comp.jams,6.1353288,4,4,3,4,0.048584774,0.22955228,0.27813706,5,0.20535526,0.88299035,63,0.096773408
68963,0,04_Rock2-142-D_comp.jams,7.8212018,4,4,3,5,0.44771144,0.04655705,0.49426848,2,0.043112673,0.97640398,63,0.039556731
68966,0,04_Rock2-142-D_comp.jams,8.2328345,4,4,3,4,0.11219704,0.32426807,0.43646511,4,0.092161253,0.87028971,63,0.11384302
69116,0,04_Rock2-142-D_comp.jams,16.917574,3,3,2,3,0.31042969,0.072455905,0.38288561,5,0.55203259,0.93086269,62,0.046162609
69168,0,04_Rock2-142-D_comp.jams,19.665896,4,4,5,5,0.18591392,0.1980572,0.38397112,1,-0.075029381,0.967059,30,0.075890452
69171,0,04_Rock2-142-D_comp.jams,19.839819,3,3,5,5,0.52691174,0.097437806,0.62434953,2,0.01656864,0.9671,30,0.077312201
69176,0,04_Rock2-142-D_comp.jams,20.282585,4,4,3,4,0.14584303,0.32286325,0.46870628,5,0.12083866,0.90100312,63,0.084167868
69195,0,04_Rock2-142-D_comp.jams,21.358073,4,4,3,3,0.52704203,0.091917008,0.61895901,4,0.14261296,0.97744872,60,0.040199462
70916,0,04_Rock3-148-C_comp.jams,0.41736961,3,3,4,3,0.030082077,0.29932395,0.32940602,0,-0.13627195,0.94443195,63,0.050756451
71097,0,04_Rock3-148-C_comp.jams,11.145351,4,4,3,3,0.19333923,0.30445257,0.4977918,5,0.24751186,0.93533458,63,0.070832983
71157,0,04_Rock3-148-C_comp.jams,14.399274,4,4,3,4,0.071540326,0.37832028,0.4498606,5,0.12025698,0.78271747,63,0.16902623
71175,0,04_Rock3-148-C_comp.jams,15.302494,3,3,2,3,0.21510905,0.33749783,0.55260688,3,-0.020086741,0.94803499,62,0.046864007
71189,0,04_Rock3-148-C_comp.jams,16.149184,3,3,2,3,0.063408926,0.22925438,0.29266331,5,0.29510501,0.9300773,62,0.067373633
71220,0,04_Rock3-148-C_comp.jams,18.548639,3,3,2,3,0.25960475,0.27853054,0.53813529,3,0.021007145,0.94633087,62,0.049713444
71227,0,04_Rock3-148-C_comp.jams,19.070839,3,3,4,4,0.045489103,0.36906719,0.41455629,0,-0.15080898,0.92731916,63,0.056887999
71250,0,04_Rock3-148-C_comp.jams,20.487937,4,4,5,5,0.33594465,0.14940654,0.48535118,2,-0.030625697,0.97795417,30,0.066312566
71581,0,04_SS1-68-E_comp.jams,7.9254649,4,4,3,5,0.021488816,0.33787772,0.35936654,2,0.02013633,0.84295359,63,0.1194194
71692,0,04_SS1-68-E_comp.jams,13.826644,3,3,2,3,0.057030469,0.24024129,0.29727176,5,0.29191774,0.93365254,63,0.051565856
71752,0,04_SS1-68-E_comp.jams,17.252698,4,4,3,3,0.41770086,0.15626094,0.57396179,5,0.17372689,0.95179006,63,0.048857972
71822,0,04_SS1-68-E_comp.jams,21.182268,3,3,2,3,0.047860563,0.34006333,0.3879239,5,0.10567527,0.94603116,62,0.041715216
71886,0,04_SS1-68-E_comp.jams,24.308889,3,3,2,3,0.14808819,0.31732422,0.46541241,1,-0.049692549,0.9350546,62,0.044641569
71938,0,04_SS1-68-E_comp.jams,26.870317,3,3,2,3,0.2678439,0.24410416,0.51194805,2,0.016607439,0.89597148,62,0.062471535
71986,0,04_SS1-68-E_comp.jams,29.546599,4,4,5,5,0.41777164,0.13748439,0.55525601,3,0.041954882,0.97404713,30,0.070365772
72024,0,04_SS1-68-E_comp.jams,31.368345,4,4,3,5,0.30349153,0.15882321,0.46231472,5,0.091258094,0.96998146,63,0.045384869
72072,0,04_SS1-68-E_comp.jams,34.015941,4,4,3,4,0.17738239,0.24092899,0.41831139,5,0.13025215,0.90604307,63,0.077418163
990,1,00_BN3-154-E_comp.jams,0.609161,4,4,3,4,0.17261311,0.39357272,0.56618583,5,0.18026224,0.97597471,61,0.039469678
993,1,00_BN3-154-E_comp.jams,1.0126304,4,4,3,3,0.44415936,0.25141785,0.6955772,3,0.058944844,0.98659705,63,0.036710296
1072,1,00_BN3-154-E_comp.jams,7.2463039,3,3,2,3,0.39311782,0.16069189,0.5538097,5,0.29818666,0.92991948,61,0.048421931
1162,1,00_BN3-154-E_comp.jams,14.233787,4,4,3,4,0.068923056,0.37219909,0.44112214,4,0.06267269,0.90630254,63,0.083229184
1279,1,00_BN3-154-E_comp.jams,22.421859,4,4,2,4,0.10868863,0.12373789,0.23242652,5,0.41135201,0.8286649,29,0.14181642
1288,1,00_BN3-154-E_comp.jams,23.21737,4,4,3,2,0.21118237,0.21079813,0.4219805,5,0.24415454,0.92379701,63,0.074432313
2877,1,00_Funk2-119-G_comp.jams,0.39312925,3,3,4,5,0.24547474,0.14266695,0.38814169,0,-0.12189379,0.93488267,61,0.080659635
2997,1,00_Funk2-119-G_comp.jams,7.9368254,3,3,4,4,0.25168312,0.25929868,0.5109818,2,-0.031561505,0.99053843,61,0.029414402
3063,1,00_Funk2-119-G_comp.jams,11.074762,4,4,5,6,0.33284816,0.10737268,0.44022083,1,-0.036110602,0.98219388,29,0.059969943
3159,1,00_Funk2-119-G_comp.jams,16.759116,3,3,4,3,0.011401027,0.35626182,0.36766285,1,-0.06595403,0.96853727,61,0.054698613
3179,1,00_Funk2-119-G_comp.jams,17.906463,4,4,5,4,0.014229536,0.28016865,0.29439819,3,0.041128479,0.98898004,29,0.054580227
3212,1,00_Funk2-119-G_comp.jams,19.402562,3,3,2,3,0.43254483,0.19148071,0.62402552,5,0.36785546,0.93981456,61,0.04684063
3240,1,00_Funk2-119-G_comp.jams,21.181293,4,4,5,5,0.01771903,0.39119828,0.40891731,0,-0.082408324,0.97141559,29,0.071209989
3332,1,00_Funk2-119-G_comp.jams,26.480658,4,4,3,5,0.022958577,0.35493267,0.37789124,1,-0.009157896,0.8931665,63,0.096045487
3355,1,00_Funk2-119-G_comp.jams,27.606077,4,4,5,6,0.23346899,0.1638907,0.3973597,0,-0.087554768,0.98000668,29,0.063014254
3370,1,00_Funk2-119-G_comp.jams,28.506213,4,4,3,4,0.32223991,0.23949555,0.56173545,2,0.029948588,0.85706448,63,0.12508333
3396,1,00_Funk2-119-G_comp.jams,30.511338,4,4,3,4,0.20183817,0.25437987,0.45621803,5,0.20517008,0.88078106,31,0.10350594
3646,1,00_Funk3-112-C#_comp.jams,4.3202041,3,3,2,3,0.15002972,0.28212568,0.4321554,2,-0.037914384,0.91377226,61,0.052754715
3683,1,00_Funk3-112-C#_comp.jams,6.6729932,3,3,2,3,0.58061033,0.097687759,0.67829812,4,0.30163687,0.88764827,61,0.061936002
3684,1,00_Funk3-112-C#_comp.jams,6.7143991,3,3,4,4,0.26181385,0.26753768,0.52935153,0,-0.11601081,0.96562732,61,0.055861838
3712,1,00_Funk3-112-C#_comp.jams,8.1857823,4,4,5,5,0.0060789287,0.35528865,0.36136758,0,-0.19239575,0.96992106,29,0.07029549
3736,1,00_Funk3-112-C#_comp.jams,9.6241497,4,4,2,4,0.040541902,0.19741914,0.23796104,5,0.26510745,0.85663582,29,0.10684077
3780,1,00_Funk3-112-C#_comp.jams,12.190635,4,4,5,5,0.085635811,0.32192606,0.40756187,0,-0.15434732,0.97875065,29,0.06380076
3790,1,00_Funk3-112-C#_comp.jams,12.700522,3,3,2,3,0.24629955,0.17216794,0.41846749,5,0.36029926,0.96142034,60,0.038691863
3818,1,00_Funk3-112-C#_comp.jams,14.075283,4,4,3,5,0.089878559,0.25320786,0.34308642,5,0.11379709,0.9033477,63,0.084420972
3825,1,00_Funk3-112-C#_comp.jams,14.47542,4,4,3,4,0.033259392,0.33660465,0.36986405,5,0.17459702,0.95204763,61,0.048671626
3880,1,00_Funk3-112-C#_comp.jams,17.549229,4,4,3,4,0.38333493,0.14095199,0.52428693,5,0.27956527,0.98796145,61,0.02984431
3939,1,00_Funk3-112-C#_comp.jams,20.911451,4,4,3,4,0.25631461,0.2667298,0.52304441,5,0.18188411,0.98308241,31,0.040776234
4034,1,00_Funk3-112-C#_comp.jams,26.266644,3,3,4,4,0.012743115,0.32335091,0.33609402,0,-0.13172877,0.97619875,61,0.04748043
4115,1,00_Funk3-112-C#_comp.jams,31.014921,3,3,2,3,0.1390973,0.31143239,0.45052969,5,0.19141801,0.89116319,61,0.065077551
4127,1,00_Funk3-112-C#_comp.jams,31.737211,4,4,3,4,0.17702419,0.27438349,0.45140767,5,0.33011383,0.98471373,61,0.035586454
15817,1,00_SS3-98-C_comp.jams,4.6626304,3,3,2,3,0.080882318,0.063541584,0.1444239,5,0.29706362,0.92192676,61,0.052184049
16554,1,00_SS3-98-C_solo.jams,19.596531,3,3,2,2,0.68878776,0.10229953,0.79108727,1,-0.044933181,0.90670394,63,0.050541207
17768,1,01_BN3-154-E_comp.jams,0.57723356,3,3,4,4,0.31998,0.25928673,0.57926673,4,0.023178976,0.91878292,61,0.098767854
17799,1,01_BN3-154-E_comp.jams,3.7189342,3,3,4,4,0.224244,0.32349145,0.54773545,5,0.099911377,0.92213084,61,0.094184496
17832,1,01_BN3-154-E_comp.jams,6.2245578,3,3,4,4,0.38485295,0.27581704,0.66066998,3,0.040284969,0.95224191,61,0.072219849
17837,1,01_BN3-154-E_comp.jams,6.8361678,4,4,3,3,0.13661048,0.32435229,0.46096277,5,0.094597623,0.88458262,63,0.10700294
17854,1,01_BN3-154-E_comp.jams,8.3968934,3,3,4,4,0.080361813,0.34396407,0.42432588,0,-0.17564419,0.95653729,61,0.071786352
17870,1,01_BN3-154-E_comp.jams,9.3343991,3,3,4,3,0.043336868,0.43610844,0.47944531,1,-0.038510293,0.920937,61,0.092971452
17888,1,01_BN3-154-E_comp.jams,11.303265,3,3,2,3,0.40746367,0.2322505,0.63971418,0,-0.14459598,0.93443729,61,0.047124077
18000,1,01_BN3-154-E_comp.jams,19.897528,3,3,4,5,0.1082094,0.29711071,0.40532011,0,-0.11017148,0.93883065,61,0.087555431
18019,1,01_BN3-154-E_comp.jams,21.250794,3,3,2,3,0.25008512,0.31805986,0.56814498,5,0.35922587,0.9301133,61,0.05210232
18050,1,01_BN3-154-E_comp.jams,23.376531,3,3,4,3,0.10954544,0.36295909,0.47250453,1,-0.10895634,0.97187213,61,0.047900315
19491,1,01_Funk2-119-G_comp.jams,2.640907,3,3,2,3,0.10348153,0.40716934,0.51065087,1,-0.15701777,0.95506919,61,0.046036474
19526,1,01_Funk2-119-G_comp.jams,5.6764172,3,3,2,3,0.23129269,0.33089349,0.56218618,0,-0.22408362,0.94958633,61,0.044418667
19537,1,01_Funk2-119-G_comp.jams,6.663356,3,3,2,3,0.39668706,0.28553608,0.68222314,0,-0.26950353,0.92902758,61,0.060221873
19547,1,01_Funk2-119-G_comp.jams,7.4331973,3,3,2,3,0.22668803,0.35539889,0.58208692,1,-0.11849783,0.92532571,61,0.058213744
19565,1,01_Funk2-119-G_comp.jams,9.0909297,4,4,2,2,0.31256312,0.17793904,0.49050215,2,0.0003551066,0.95259429,31,0.080825754
19615,1,01_Funk2-119-G_comp.jams,13.998821,3,3,2,2,0.40036467,0.2772474,0.67761207,1,-0.14128332,0.96764961,61,0.038704131
19655,1,01_Funk2-119-G_comp.jams,17.900726,3,3,2,3,0.069394827,0.34859526,0.41799009,0,-0.19528477,0.94567527,61,0.046758786
19689,1,01_Funk2-119-G_comp.jams,20.44898,3,3,2,3,0.26859021,0.29832816,0.56691837,0,-0.2411437,0.94173343,61,0.056325331
19791,1,01_Funk2-119-G_comp.jams,30.140454,3,3,2,3,0.50285846,0.18637605,0.6892345,5,0.12265994,0.96790128,61,0.033188727
19810,1,01_Funk2-119-G_comp.jams,32.003605,4,4,3,4,0.22579929,0.27569959,0.50149888,5,0.27978632,0.99063039,31,0.035223182
20029,1,01_Funk3-112-C#_comp.jams,1.4954875,3,3,2,2,0.68492013,0.14889567,0.83381581,2,-0.033593051,0.94723102,61,0.051163595
20053,1,01_Funk3-112-C#_comp.jams,3.634263,3,3,2,3,0.059685528,0.29194054,0.35162607,3,0.14631262,0.92890685,61,0.063156322
20117,1,01_Funk3-112-C#_comp.jams,10.303061,3,3,4,4,0.093910784,0.30069935,0.39461014,0,-0.30598679,0.90723015,61,0.10898343
20155,1,01_Funk3-112-C#_comp.jams,14.456259,3,3,2,3,0.0480012,0.42167875,0.46967995,2,-0.045986928,0.93089061,61,0.060248204
20197,1,01_Funk3-112-C#_comp.jams,19.013764,3,3,4,5,0.36034298,0.13616686,0.49650982,2,-0.041850973,0.97900092,61,0.038434576
20241,1,01_Funk3-112-C#_comp.jams,22.505941,4,4,3,3,0.048197836,0.40319753,0.45139536,3,0.051868163,0.98309411,61,0.037639145
20299,1,01_Funk3-112-C#_comp.jams,27.582721,3,3,4,4,0.36152083,0.23863293,0.60015374,0,-0.26275745,0.94466172,61,0.083334677
20321,1,01_Funk3-112-C#_comp.jams,29.475828,3,3,4,5,0.24657531,0.16679247,0.41336778,0,-0.10670998,0.96801306,61,0.05220218
20327,1,01_Funk3-112-C#_comp.jams,29.744762,3,3,4,2,0.10742083,0.31219,0.41961083,0,-0.1774801,0.98216769,13,0.033312809
20358,1,01_Funk3-112-C#_comp.jams,33.224649,3,3,2,2,0.14834997,0.35202935,0.50037932,1,-0.076419644,0.94305689,61,0.046030875
31571,1,01_SS3-98-C_comp.jams,9.8404989,3,3,2,3,0.056442082,0.29991072,0.35635281,4,0.2093257,0.92333891,61,0.052583352
31670,1,01_SS3-98-C_comp.jams,14.724286,3,3,2,3,0.11704645,0.2695995,0.38664594,5,0.15848041,0.90454327,61,0.052448761
31707,1,01_SS3-98-C_comp.jams,16.398209,3,3,2,3,0.19660324,0.11111166,0.30771491,1,-0.03365773,0.92763521,61,0.052279465
31760,1,01_SS3-98-C_comp.jams,19.342449,3,3,2,4,0.16915709,0.29039249,0.45954958,3,0.009249622,0.94749697,61,0.044512909
31792,1,01_SS3-98-C_comp.jams,20.862336,3,3,2,3,0.032229513,0.26333493,0.29556444,5,0.1837821,0.93771201,61,0.047750477
31851,1,01_SS3-98-C_comp.jams,24.071723,3,3,2,3,0.19461049,0.19547002,0.39008051,1,0.015020004,0.9021182,61,0.060587592
31906,1,01_SS3-98-C_comp.jams,26.801587,3,3,4,5,0.012070984,0.35560825,0.36767924,0,-0.11166082,0.97441139,61,0.047878575
31958,1,01_SS3-98-C_comp.jams,29.427211,3,3,2,3,0.26409113,0.22379653,0.48788768,4,0.11872282,0.93318985,61,0.049884979
31999,1,01_SS3-98-C_comp.jams,31.400612,3,3,4,5,0.12534447,0.17723374,0.30257821,3,0.03361636,0.93713834,61,0.085879967
32016,1,01_SS3-98-C_comp.jams,32.336599,3,3,2,3,0.03747309,0.11282382,0.15029691,4,0.18253203,0.90017864,61,0.057239443
32155,1,01_SS3-98-C_comp.jams,38.763605,3,3,2,4,0.4672001,0.13418697,0.60138708,5,0.21695583,0.94228475,61,0.043468449
33531,1,02_BN3-154-E_comp.jams,11.120544,3,3,4,3,0.081370682,0.29398584,0.37535653,0,-0.19070689,0.84615539,61,0.16306016
33542,1,02_BN3-154-E_comp.jams,11.692744,3,3,2,3,0.0078677535,0.25700277,0.26487052,4,0.18247393,0.8965267,61,0.058229133
33551,1,02_BN3-154-E_comp.jams,12.108685,3,3,2,3,0.26681238,0.21708916,0.48390156,4,0.1689935,0.94513897,61,0.055053361
33578,1,02_BN3-154-E_comp.jams,13.652177,4,4,3,4,0.015734136,0.36873099,0.38446513,5,0.11724989,0.98642816,63,0.040721051
33734,1,02_BN3-154-E_comp.jams,23.596236,3,3,2,3,0.089423358,0.35616249,0.44558585,4,0.090904102,0.93058339,61,0.050134115
35513,1,02_Funk3-112-C#_comp.jams,0.00015873016,3,3,4,4,0.50219148,0.21337651,0.71556801,3,0.091530293,0.89934567,61,0.12052964
35520,1,02_Funk3-112-C#_comp.jams,0.55342404,3,3,2,3,0.056815267,0.35732278,0.41413805,4,0.09389016,0.92524717,61,0.049548976
46591,1,02_SS3-98-C_comp.jams,1.8425624,3,3,4,4,0.17666516,0.27653161,0.45319676,4,0.11027467,0.8906168,61,0.12055349
46613,1,02_SS3-98-C_comp.jams,3.0481859,3,3,4,4,0.30274165,0.18322055,0.48596218,0,-0.09352272,0.93354189,61,0.088967472
46634,1,02_SS3-98-C_comp.jams,4.3221315,4,4,5,4,0.095455736,0.25759986,0.3530556,0,-0.2128768,0.98168282,29,0.061548915
46691,1,02_SS3-98-C_comp.jams,7.974195,3,3,4,4,0.17299113,0.2751469,0.44813803,0,-0.078837931,0.93505288,61,0.091212921
46757,1,02_SS3-98-C_comp.jams,11.643991,3,3,4,5,0.15249446,0.29754126,0.45003572,1,-0.048889846,0.94632783,61,0.079486303
46901,1,02_SS3-98-C_comp.jams,19.622676,3,3,2,3,0.15425542,0.26434416,0.41859958,5,0.2879985,0.93710893,61,0.047163036
46970,1,02_SS3-98-C_comp.jams,23.919728,3,3,2,3,0.25469708,0.30983943,0.56453651,1,-0.035363972,0.93267883,61,0.046398278
47014,1,02_SS3-98-C_comp.jams,26.342132,3,3,4,4,0.0088567138,0.34908521,0.35794193,0,-0.075163879,0.98307691,29,0.034910075
47123,1,02_SS3-98-C_comp.jams,32.744263,3,3,4,4,0.41200632,0.1975732,0.6095795,4,0.08082746,0.88224921,61,0.12877272
48432,1,03_BN3-154-E_comp.jams,6.2467347,4,4,3,4,0.083084315,0.35175323,0.43483755,5,0.095733866,0.84632915,63,0.13364521
48454,1,03_BN3-154-E_comp.jams,9.3233107,4,4,2,4,0.12541491,0.32673874,0.45215365,5,0.31192717,0.87520334,29,0.10763804
48567,1,03_BN3-154-E_comp.jams,21.444036,4,4,3,3,0.17890316,0.29890406,0.47780722,5,0.2117672,0.96924503,61,0.048116736
49738,1,03_Funk2-119-G_comp.jams,1.9995238,3,3,2,3,0.12461287,0.36707461,0.49168748,2,-0.028387994,0.93839284,61,0.046680469
49743,1,03_Funk2-119-G_comp.jams,2.5164626,3,3,2,3,0.11093135,0.20762484,0.31855619,4,0.090879254,0.87346319,61,0.06971626
49816,1,03_Funk2-119-G_comp.jams,10.091179,4,4,3,4,0.23173055,0.34399357,0.57572412,5,0.20939019,0.96897215,63,0.052450079
49820,1,03_Funk2-119-G_comp.jams,10.353424,4,4,3,4,0.041887641,0.35054022,0.39242786,5,0.14716525,0.89007316,63,0.10002384
49825,1,03_Funk2-119-G_comp.jams,10.600045,4,4,3,4,0.12674686,0.31566086,0.44240773,4,0.076596722,0.94209918,63,0.071350828
49836,1,03_Funk2-119-G_comp.jams,12.093311,3,3,4,3,0.090958565,0.41612527,0.50708383,1,-0.0038389564,0.94757866,61,0.071237117
49844,1,03_Funk2-119-G_comp.jams,12.867528,3,3,4,3,0.1060693,0.40058854,0.50665784,1,-0.12614591,0.96518395,61,0.058635484
49874,1,03_Funk2-119-G_comp.jams,17.160181,3,3,2,3,0.079320818,0.33967108,0.41899189,2,0.011498397,0.93147432,61,0.054867938
49875,1,03_Funk2-119-G_comp.jams,17.628141,3,3,2,3,0.53642255,0.16807862,0.70450115,0,-0.19460662,0.9402049,61,0.054494958
49882,1,03_Funk2-119-G_comp.jams,18.657347,4,4,3,4,0.049235672,0.40442058,0.45365626,4,0.094882421,0.84848048,31,0.12615585
49925,1,03_Funk2-119-G_comp.jams,24.190567,3,3,2,3,0.13354984,0.36062658,0.49417642,1,-0.15001941,0.91208385,61,0.060930301
49971,1,03_Funk2-119-G_comp.jams,28.241179,4,4,3,4,0.0039057732,0.41429111,0.41819689,4,0.031489253,0.88671159,63,0.10613135
49987,1,03_Funk2-119-G_comp.jams,29.230023,3,3,4,5,0.29971614,0.24004093,0.53975707,1,-0.075928442,0.94269968,61,0.075627826
50010,1,03_Funk2-119-G_comp.jams,30.784649,4,4,3,4,0.011630952,0.35548565,0.3671166,5,0.21890163,0.93847952,63,0.068420708
50223,1,03_Funk3-112-C#_comp.jams,5.3431066,3,3,4,3,0.13348639,0.32334715,0.45683354,0,-0.23357208,0.97261039,61,0.051523928
50430,1,03_Funk3-112-C#_comp.jams,23.571224,4,4,3,3,0.4099738,0.18961968,0.59959346,5,0.24270949,0.88977053,31,0.10423208
60023,1,03_SS3-98-C_comp.jams,1.1994558,3,3,4,2,0.010868788,0.35184062,0.3627094,3,0.0042988718,0.91149578,61,0.096906416
60066,1,03_SS3-98-C_comp.jams,3.2568707,3,3,2,2,0.33559778,0.20305565,0.53865343,4,0.084306411,0.96217425,29,0.036435112
60076,1,03_SS3-98-C_comp.jams,3.7024036,3,3,4,3,0.24371897,0.19793753,0.4416565,1,-0.055803377,0.92749183,61,0.095376298
60206,1,03_SS3-98-C_comp.jams,10.582313,3,3,4,5,0.34005523,0.14581074,0.48586595,0,-0.052077938,0.97503248,29,0.050191283
60222,1,03_SS3-98-C_comp.jams,11.325215,3,3,4,3,0.17461064,0.26773828,0.44234893,0,-0.077149369,0.97565173,61,0.048497047
60225,1,03_SS3-98-C_comp.jams,11.488413,3,3,4,5,0.31470335,0.081043586,0.39574692,1,-0.050532788,0.89069987,61,0.12763681
60343,1,03_SS3-98-C_comp.jams,17.447755,3,3,2,3,0.25558996,0.22167234,0.47726232,3,0.060315866,0.90985335,61,0.055158969
60352,1,03_SS3-98-C_comp.jams,17.9039,3,3,2,2,0.4296928,0.14597875,0.57567155,5,0.13490745,0.91344773,61,0.052547604
60366,1,03_SS3-98-C_comp.jams,18.639501,3,3,4,6,0.19571139,0.18021514,0.37592652,0,-0.04748784,0.95878946,61,0.066848226
60460,1,03_SS3-98-C_comp.jams,23.268231,3,3,5,5,0.2805728,0.11120256,0.39177537,2,-0.046732649,0.98499073,29,0.05605888
60485,1,03_SS3-98-C_comp.jams,24.807256,3,3,4,4,0.08014074,0.34980503,0.42994577,3,0.029940087,0.92637199,61,0.0847262
60537,1,03_SS3-98-C_comp.jams,27.842676,3,3,2,3,0.067568362,0.28170735,0.34927571,5,0.17799966,0.91892285,61,0.050857048
60579,1,03_SS3-98-C_comp.jams,30.149365,3,3,2,2,0.19544742,0.21359909,0.4090465,2,0.012437111,0.92857653,61,0.052629203
60623,1,03_SS3-98-C_comp.jams,32.747234,3,3,4,5,0.054238483,0.24379499,0.29803348,2,-0.013831151,0.9354587,61,0.08637926
61700,1,04_BN3-154-E_comp.jams,1.3585941,4,4,2,2,0.0094954036,0.060360264,0.069855668,4,0.31945652,0.82524953,31,0.12852062
61709,1,04_BN3-154-E_comp.jams,1.7744218,3,3,2,2,0.06768164,0.14048362,0.20816526,5,0.72289741,0.95329318,61,0.041167725
61721,1,04_BN3-154-E_comp.jams,3.1037642,3,3,2,3,0.44603801,0.2055582,0.65159619,3,0.029216195,0.84622814,61,0.074358843
61748,1,04_BN3-154-E_comp.jams,4.8911791,3,3,2,3,0.1131629,0.20931667,0.32247958,5,0.34608322,0.94471308,61,0.04387502
63178,1,04_Funk2-119-G_comp.jams,2.0307256,3,3,2,3,0.020319045,0.35241348,0.37273252,0,-0.13703439,0.92431984,61,0.0502082
63187,1,04_Funk2-119-G_comp.jams,2.7694104,4,4,3,4,0.11858788,0.35835397,0.47694185,5,0.084911652,0.87139436,63,0.1072567
63213,1,04_Funk2-119-G_comp.jams,4.7982766,4,4,3,3,0.14597142,0.34054801,0.48651943,5,0.085952207,0.88347643,63,0.10732453
63240,1,04_Funk2-119-G_comp.jams,7.5758957,4,4,2,4,0.008231312,0.33258548,0.3408168,4,0.052674621,0.88472822,29,0.10382894
63248,1,04_Funk2-119-G_comp.jams,8.0842857,3,3,2,3,0.0105941,0.40461907,0.41521317,2,-0.087573215,0.92183991,61,0.058937095
63263,1,04_Funk2-119-G_comp.jams,9.579229,4,4,3,4,0.21379143,0.2825186,0.49631003,3,0.032137096,0.93928181,63,0.07140886
63282,1,04_Funk2-119-G_comp.jams,10.844921,3,3,2,4,0.038842708,0.3053273,0.34417,0,-0.13937122,0.90648426,61,0.057248104
63289,1,04_Funk2-119-G_comp.jams,11.340454,4,4,3,4,0.216831,0.27877995,0.49561095,2,-0.031813521,0.90929056,63,0.090879701
63293,1,04_Funk2-119-G_comp.jams,11.60678,4,4,3,6,0.092748463,0.35587373,0.4486222,1,-0.19331904,0.90846212,63,0.091631338
63302,1,04_Funk2-119-G_comp.jams,12.371474,3,3,4,4,0.16140845,0.25119916,0.41260761,2,-0.061425615,0.94556675,61,0.076419078
63405,1,04_Funk2-119-G_comp.jams,21.929184,3,3,4,4,0.075384498,0.34628853,0.42167303,4,0.12198124,0.88681363,61,0.11963999
63475,1,04_Funk2-119-G_comp.jams,27.225601,3,3,4,4,0.50293344,0.18034144,0.68327487,3,0.038012363,0.91995354,61,0.09655492
63498,1,04_Funk2-119-G_comp.jams,28.622789,3,3,2,3,0.1992851,0.20778795,0.40707305,5,0.2075986,0.93197313,61,0.057011213
63501,1,04_Funk2-119-G_comp.jams,28.973968,3,3,4,4,0.25671682,0.28779063,0.54450744,2,-0.056323566,0.91766067,61,0.098079011
63516,1,04_Funk2-119-G_comp.jams,29.990385,4,4,2,4,0.10255256,0.31337932,0.41593188,4,0.13086097,0.90711919,31,0.1084832
63527,1,04_Funk2-119-G_comp.jams,30.693651,3,3,2,3,0.34417647,0.19727463,0.5414511,4,0.1726407,0.9225522,61,0.06418404
63540,1,04_Funk2-119-G_comp.jams,31.770045,4,4,3,4,0.31368083,0.18119161,0.49487242,2,-0.024067879,0.93519018,63,0.07282535
63781,1,04_Funk3-112-C#_comp.jams,1.6331519,3,3,4,3,0.014160484,0.43941009,0.45357057,0,-0.22884361,0.97215395,61,0.05426288
63806,1,04_Funk3-112-C#_comp.jams,3.7972789,3,3,4,4,0.22596604,0.25902551,0.48499155,0,-0.07497175,0.94016598,61,0.080157138
63824,1,04_Funk3-112-C#_comp.jams,5.1026077,4,4,3,4,0.43461126,0.20176287,0.63637412,2,-0.024735015,0.8634256,63,0.12003916
63854,1,04_Funk3-112-C#_comp.jams,7.761746,4,4,3,4,0.069794685,0.35977,0.42956468,5,0.20198932,0.91871911,63,0.084105641
63857,1,04_Funk3-112-C#_comp.jams,8.0391837,4,4,3,6,0.13268653,0.33498651,0.46767303,4,0.076723292,0.93824682,63,0.069833875
63872,1,04_Funk3-112-C#_comp.jams,8.9680726,3,3,2,3,0.50956243,0.19861548,0.70817792,4,0.27130499,0.92962,61,0.043155003
63923,1,04_Funk3-112-C#_comp.jams,12.297596,3,3,2,2,0.36184889,0.24444424,0.60629314,3,0.047624815,0.89811221,61,0.050755061
63930,1,04_Funk3-112-C#_comp.jams,12.852132,4,4,3,3,0.12726837,0.30940068,0.43666905,3,0.024670776,0.94574515,63,0.066413447
63981,1,04_Funk3-112-C#_comp.jams,15.809773,3,3,4,4,0.28544217,0.21094237,0.49638456,4,0.042641144,0.92443484,61,0.085104227
63989,1,04_Funk3-112-C#_comp.jams,16.334694,3,3,4,4,0.12444299,0.30050296,0.42494595,2,-0.025032317,0.97598767,61,0.045043807
64009,1,04_Funk3-112-C#_comp.jams,17.858866,3,3,2,3,0.17497087,0.3071577,0.48212856,4,0.057999827,0.95157038,61,0.041942414
64087,1,04_Funk3-112-C#_comp.jams,23.04127,3,3,4,5,0.41965264,0.1949258,0.61457843,1,-0.026962006,0.91855538,61,0.094709091
64095,1,04_Funk3-112-C#_comp.jams,23.580159,3,3,2,4,0.088012099,0.33999985,0.42801195,1,-0.081316754,0.93727357,61,0.045640644
64115,1,04_Funk3-112-C#_comp.jams,25.192268,3,3,4,4,0.3453477,0.25392377,0.59927148,0,-0.1757489,0.96108176,61,0.06644275
64156,1,04_Funk3-112-C#_comp.jams,27.874558,4,4,3,4,0.032098144,0.38887951,0.42097765,3,0.015479284,0.8844706,63,0.10229179
64207,1,04_Funk3-112-C#_comp.jams,30.811995,4,4,3,4,0.13654792,0.32088649,0.45743442,4,0.069046639,0.85060968,63,0.12414781
64233,1,04_Funk3-112-C#_comp.jams,32.405193,3,3,4,3,0.014348984,0.43698767,0.45133665,4,0.092588745,0.95596144,61,0.066232689
1826,2,00_Funk1-114-Ab_comp.jams,7.6517687,3,3,4,4,0.070708036,0.3464233,0.41713133,1,-0.081919551,0.94891468,61,0.065724246
1897,2,00_Funk1-114-Ab_comp.jams,13.691973,3,3,2,3,0.22279736,0.25324419,0.47604156,0,-0.15733436,0.93027973,61,0.053228837
5538,2,00_Jazz1-200-B_comp.jams,3.8575283,3,3,2,2,0.10262096,0.38202417,0.48464513,5,0.14345856,0.96547781,61,0.041044232
5610,2,00_Jazz1-200-B_comp.jams,10.778435,4,4,2,6,0.041644782,0.32831863,0.36996341,0,-0.18920645,0.91665136,31,0.095543601
5631,2,00_Jazz1-200-B_comp.jams,11.888027,3,3,2,3,0.26046768,0.27509388,0.53556156,0,-0.12516753,0.97532061,29,0.030609041
5864,2,00_Jazz2-110-Bb_comp.jams,6.3319048,3,3,4,4,0.05864054,0.34175023,0.40039077,1,-0.12430675,0.94498218,61,0.062921099
5895,2,00_Jazz2-110-Bb_comp.jams,9.2270748,3,3,4,4,0.10644102,0.27046534,0.37690637,4,0.083791971,0.89340946,61,0.098889381
6052,2,00_Jazz2-110-Bb_comp.jams,19.382063,4,4,5,5,0.067673117,0.3320435,0.39971662,0,-0.068732813,0.96421777,29,0.078598768
6195,2,00_Jazz2-110-Bb_comp.jams,29.206757,4,4,3,4,0.20850122,0.31782705,0.52632827,5,0.19274385,0.93387055,63,0.065644488
6228,2,00_Jazz2-110-Bb_comp.jams,31.628027,3,3,2,2,0.22626275,0.25177014,0.47803289,5,0.2411671,0.96059517,61,0.03679106
8053,2,00_Rock1-130-A_comp.jams,1.0338549,3,3,2,3,0.31979817,0.18970318,0.50950134,5,0.4063088,0.97251202,8,0.035453457
8124,2,00_Rock1-130-A_comp.jams,5.1978005,3,3,2,2,0.29453474,0.1858398,0.48037454,5,0.41269034,0.93633289,61,0.047314223
8134,2,00_Rock1-130-A_comp.jams,5.7310658,3,3,2,3,0.34483352,0.1723232,0.51715672,5,0.29882714,0.96341585,63,0.041593514
8139,2,00_Rock1-130-A_comp.jams,5.9855782,4,4,3,3,0.056691408,0.29968315,0.35637456,3,0.0026733191,0.97069118,63,0.05415168
8155,2,00_Rock1-130-A_comp.jams,7.0251247,3,3,2,2,0.49929243,0.19224386,0.69153631,5,0.19188321,0.95527826,61,0.042675074
8190,2,00_Rock1-130-A_comp.jams,9.3186168,3,3,2,3,0.2464532,0.036133118,0.28258631,5,0.70151824,0.9568241,4,0.05789132
8251,2,00_Rock1-130-A_comp.jams,12.579819,4,4,3,3,0.1397268,0.19946454,0.33919135,5,0.14173034,0.98985452,63,0.032297831
8264,2,00_Rock1-130-A_comp.jams,13.283696,4,4,2,2,0.14393663,0.21520621,0.35914284,4,0.11860706,0.96267977,29,0.066173278
8288,2,00_Rock1-130-A_comp.jams,14.645034,4,4,3,5,0.54617685,0.065855846,0.61203271,5,0.17238508,0.98314949,21,0.030178985
8307,2,00_Rock1-130-A_comp.jams,15.582971,4,4,3,3,0.30364779,0.14562058,0.44926837,5,0.062757634,0.98281504,25,0.032959945
8319,2,00_Rock1-130-A_comp.jams,16.292086,4,4,3,6,0.23422296,0.12473981,0.35896277,3,-0.035178382,0.95915366,21,0.039032232
8330,2,00_Rock1-130-A_comp.jams,16.858413,3,3,4,5,0.23031574,0.13607633,0.36639208,2,0.0049348651,0.97448603,61,0.043466572
8346,2,00_Rock1-130-A_comp.jams,17.887687,4,4,2,2,0.54391634,0.12015223,0.66406858,5,0.40512338,0.94753023,29,0.082538471
8367,2,00_Rock1-130-A_comp.jams,18.910295,3,3,4,4,0.01288572,0.37428507,0.38717079,0,-0.13460152,0.9449045,61,0.063690171
10519,2,00_Rock2-85-F_comp.jams,6.8779819,4,4,2,4,0.092035368,0.23788054,0.32991591,4,0.088542059,0.94346325,29,0.080058977
10554,2,00_Rock2-85-F_comp.jams,8.6307256,3,3,2,4,0.029923931,0.22382574,0.25374967,5,0.28100052,0.9562964,63,0.041101504
10656,2,00_Rock2-85-F_comp.jams,13.425692,4,4,3,6,0.042881727,0.25395691,0.29683864,2,0.01042946,0.9909974,63,0.030575814
10684,2,00_Rock2-85-F_comp.jams,14.822562,4,4,3,6,0.062840015,0.22368723,0.28652725,1,-0.04481649,0.99094477,63,0.031119684
10690,2,00_Rock2-85-F_comp.jams,15.17254,3,3,2,3,0.097666234,0.31061187,0.40827811,5,0.178002,0.97599157,61,0.035335969
10704,2,00_Rock2-85-F_comp.jams,15.904853,3,3,2,3,0.44407701,0.16294062,0.60701764,5,0.46187538,0.9159268,16,0.071431138
10845,2,00_Rock2-85-F_comp.jams,23.275601,4,4,2,4,0.26630244,0.17799446,0.4442969,2,-0.052332975,0.93087268,29,0.083894461
10855,2,00_Rock2-85-F_comp.jams,23.810839,4,4,3,4,0.10019664,0.21602266,0.3162193,5,0.11943181,0.97973494,63,0.041309461
10928,2,00_Rock2-85-F_comp.jams,27.538617,4,4,5,6,0.030668199,0.3217971,0.3524653,1,-0.043202914,0.97085899,29,0.071766749
10971,2,00_Rock2-85-F_comp.jams,30.165556,4,4,2,3,0.29056439,0.15051815,0.44108254,5,0.15968743,0.9002189,29,0.091890723
10983,2,00_Rock2-85-F_comp.jams,30.727483,3,3,2,3,0.3293142,0.1691224,0.4984366,5,0.36502349,0.9464923,61,0.045142572
11069,2,00_Rock2-85-F_comp.jams,35.470703,4,4,5,6,0.080581903,0.24051902,0.32110092,0,-0.065653749,0.97887971,29,0.06332127
11149,2,00_Rock2-85-F_comp.jams,39.51746,3,3,2,2,0.6418218,0.12544654,0.76726836,5,0.30455408,0.93328008,63,0.059865002
18355,2,01_Funk1-114-Ab_comp.jams,1.9903401,3,3,2,2,0.95179927,0.020193992,0.97199327,4,0.17171332,0.95496336,17,0.05666085
18377,2,01_Funk1-114-Ab_comp.jams,4.1031519,3,3,2,2,0.94684076,0.021808555,0.96864933,5,0.28383404,0.97387756,16,0.040290691
18397,2,01_Funk1-114-Ab_comp.jams,6.1827438,3,3,2,2,0.45327201,0.18460777,0.63787979,4,0.066681072,0.98223225,16,0.0344043
18405,2,01_Funk1-114-Ab_comp.jams,6.9725624,3,3,2,3,0.7451545,0.046091322,0.79124582,4,0.36147854,0.97294197,60,0.034684949
18432,2,01_Funk1-114-Ab_comp.jams,9.1034921,3,3,2,3,0.69906449,0.083817765,0.78288227,5,0.47575864,0.97021077,63,0.036614195
18485,2,01_Funk1-114-Ab_comp.jams,13.835465,3,3,2,2,0.70560902,0.103001,0.80861002,5,0.22610466,0.92173047,16,0.070895024
18493,2,01_Funk1-114-Ab_comp.jams,14.471814,3,3,2,2,0.11035842,0.42308772,0.53344613,2,-0.055877306,0.95980502,61,0.042524874
18501,2,01_Funk1-114-Ab_comp.jams,15.130975,3,3,2,2,0.13996914,0.32024634,0.46021548,2,-0.002783525,0.98658604,29,0.026019059
22268,2,01_Jazz2-110-Bb_comp.jams,16.908912,3,3,2,2,0.0053829253,0.26666799,0.27205092,5,0.2761054,0.93884802,61,0.049628079
22330,2,01_Jazz2-110-Bb_comp.jams,22.749456,3,3,4,4,0.12672362,0.31491679,0.44164041,3,0.048700709,0.93563813,61,0.067882441
23881,2,01_Rock1-130-A_comp.jams,1.6242404,3,3,4,4,0.0073370636,0.33675179,0.34408885,1,-0.069003358,0.95017262,61,0.060474426
23932,2,01_Rock1-130-A_comp.jams,4.8917914,3,3,2,2,0.39327422,0.20816872,0.60144293,4,0.061798334,0.98921371,61,0.025519386
24046,2,01_Rock1-130-A_comp.jams,11.07576,4,4,3,3,0.027529508,0.30291462,0.33044413,5,0.089722596,0.98438512,63,0.042149242
24090,2,01_Rock1-130-A_comp.jams,14.090385,3,3,2,3,0.16807762,0.35868451,0.52676213,0,-0.073985748,0.94494383,61,0.0405735
24125,2,01_Rock1-130-A_comp.jams,15.923175,4,4,5,6,0.15306407,0.14638379,0.29944786,0,-0.14531116,0.97414496,31,0.068213336
24195,2,01_Rock1-130-A_comp.jams,19.621088,4,4,2,2,0.073598832,0.26247245,0.33607128,2,0.014999697,0.98556894,31,0.05549679
26200,2,01_Rock2-85-F_comp.jams,2.0604535,4,4,3,6,0.011827648,0.32190192,0.33372957,5,0.14391914,0.97311074,63,0.055191934
26280,2,01_Rock2-85-F_comp.jams,6.7182766,3,3,2,2,0.70340991,0.10817576,0.81158566,5,0.12822931,0.95376705,61,0.036756128
26369,2,01_Rock2-85-F_comp.jams,11.274694,3,3,4,4,0.077082396,0.38155073,0.45863312,0,-0.072616786,0.92620586,61,0.078064077
26395,2,01_Rock2-85-F_comp.jams,12.363265,3,3,2,3,0.040894151,0.24622592,0.28712007,2,0.016773254,0.95299267,61,0.035926543
26586,2,01_Rock2-85-F_comp.jams,21.904376,4,4,3,6,0.081586346,0.19009756,0.2716839,1,-0.10699532,0.97782639,63,0.049725682
26703,2,01_Rock2-85-F_comp.jams,29.24483,3,3,2,4,0.087346613,0.30464163,0.39198825,2,-0.015668511,0.9206448,61,0.052953456
26896,2,01_Rock2-85-F_comp.jams,40.215283,3,3,4,3,0.13238114,0.28310382,0.41548496,4,0.11349182,0.94487337,61,0.06393417
26903,2,01_Rock2-85-F_comp.jams,40.551066,3,3,2,2,0.54614592,0.14209945,0.68824536,3,0.12832707,0.91636971,61,0.054906707
34021,2,02_Funk1-114-Ab_comp.jams,8.4373243,3,3,2,3,0.08447516,0.37325093,0.45772609,3,-0.016697358,0.94306755,61,0.040050875
34028,2,02_Funk1-114-Ab_comp.jams,8.9612018,3,3,2,3,0.2417846,0.33487424,0.57665884,3,0.028363511,0.9229551,61,0.052136581
34051,2,02_Funk1-114-Ab_comp.jams,10.519524,3,3,2,3,0.28382424,0.30060288,0.58442712,1,-0.10334752,0.9427311,61,0.040969085
37212,2,02_Jazz1-200-B_comp.jams,2.2999546,3,3,2,3,0.16849498,0.24287052,0.41136551,5,0.25669605,0.96081737,63,0.035653263
37230,2,02_Jazz1-200-B_comp.jams,3.1894558,3,3,2,3,0.10174678,0.13003254,0.23177932,4,0.35237199,0.96635928,63,0.036395073
37600,2,02_Jazz2-110-Bb_comp.jams,5.9801587,4,4,2,3,0.10889965,0.26027673,0.36917639,2,-0.021514352,0.88645424,29,0.10714637
37634,2,02_Jazz2-110-Bb_comp.jams,8.1779365,3,3,4,4,0.071719617,0.33851296,0.41023257,3,0.048314653,0.9667397,61,0.0446552
37793,2,02_Jazz2-110-Bb_comp.jams,18.610317,4,4,3,3,0.28275383,0.23419702,0.51695085,5,0.25686324,0.93592351,63,0.067390747
37981,2,02_Jazz2-110-Bb_comp.jams,30.04898,4,4,2,4,0.15053862,0.21754339,0.36808202,5,0.12313069,0.92300371,29,0.078030124
38014,2,02_Jazz2-110-Bb_comp.jams,32.487959,3,3,2,3,0.4321174,0.23978025,0.67189765,2,-0.0237293,0.95022593,61,0.037979171
38027,2,02_Jazz2-110-Bb_comp.jams,33.231519,3,3,2,2,0.33619824,0.20642564,0.54262388,5,0.17446482,0.9680431,61,0.036592584
39832,2,02_Rock1-130-A_comp.jams,0.70163265,3,3,2,2,0.45671883,0.18432096,0.64103979,3,0.019997079,0.90879348,61,0.05790567
39857,2,02_Rock1-130-A_comp.jams,2.5461678,4,4,3,6,0.0072303116,0.34855717,0.35578749,3,0.043172866,0.98700843,63,0.037702978
39946,2,02_Rock1-130-A_comp.jams,8.6106122,3,3,2,2,0.46756792,0.2116068,0.67917472,5,0.3734819,0.95414209,61,0.041331556
40001,2,02_Rock1-130-A_comp.jams,12.263039,3,3,4,4,0.1285859,0.31880146,0.44738737,1,-0.07415241,0.95298121,61,0.063225098
40007,2,02_Rock1-130-A_comp.jams,12.71619,4,4,3,3,0.27504542,0.22688803,0.50193346,0,-0.12723966,0.97312244,63,0.056488078
40090,2,02_Rock1-130-A_comp.jams,18.247596,3,3,2,6,0.037915289,0.28104946,0.31896475,3,0.0033114315,0.94939537,61,0.039237618
40136,2,02_Rock1-130-A_comp.jams,21.050703,4,4,3,4,0.10041654,0.24573132,0.34614787,4,0.11150105,0.97454978,63,0.045173526
40151,2,02_Rock1-130-A_comp.jams,21.923107,3,3,2,2,0.28373036,0.23605028,0.51978064,5,0.12493904,0.94689927,61,0.04383133
41512,2,02_Rock2-85-F_comp.jams,7.7712472,3,3,2,2,0.07099694,0.40289161,0.47388855,3,-0.028373668,0.93228453,61,0.048973128
41569,2,02_Rock2-85-F_comp.jams,12.019796,3,3,4,4,0.08761847,0.3564944,0.44411287,0,-0.10833164,0.94801234,61,0.0630695
41991,2,02_Rock2-85-F_comp.jams,40.942585,3,3,2,4,0.030434191,0.32915658,0.35959077,1,-0.10056476,0.91658933,61,0.05749017
51793,2,03_Jazz1-200-B_comp.jams,5.10322,4,4,3,2,0.21135163,0.25098163,0.46233326,5,0.25398466,0.96163251,63,0.044077095
51851,2,03_Jazz1-200-B_comp.jams,11.028776,4,4,3,4,0.13850972,0.35645857,0.4949683,5,0.22378802,0.9811006,28,0.038449887
51874,2,03_Jazz1-200-B_comp.jams,13.814082,4,4,2,3,0.46313518,0.19150783,0.654643,5,0.2696898,0.97303546,29,0.058127299
51978,2,03_Jazz2-110-Bb_comp.jams,1.4541043,3,3,2,2,0.3356953,0.31293276,0.64862806,2,0.060341232,0.96960643,61,0.036998011
52023,2,03_Jazz2-110-Bb_comp.jams,5.2276417,4,4,3,4,0.04381758,0.42305824,0.46687582,5,0.19313119,0.97697336,60,0.037369352
52075,2,03_Jazz2-110-Bb_comp.jams,9.8182313,3,3,2,2,0.30559587,0.1221794,0.42777526,5,0.13173036,0.94182022,61,0.049016837
52128,2,03_Jazz2-110-Bb_comp.jams,14.015714,3,3,2,2,0.28140685,0.25755075,0.5389576,5,0.061165147,0.94921708,61,0.04523607
52169,2,03_Jazz2-110-Bb_comp.jams,17.457188,4,4,2,4,0.25438762,0.22141412,0.47580174,5,0.22893269,0.96361123,29,0.063532107
52205,2,03_Jazz2-110-Bb_comp.jams,20.545193,4,4,3,4,0.028969347,0.4486016,0.47757095,5,0.2086499,0.97521226,31,0.043064672
52215,2,03_Jazz2-110-Bb_comp.jams,21.830091,4,4,2,2,0.13875481,0.26289654,0.40165135,5,0.3600266,0.92691439,29,0.085554205
52270,2,03_Jazz2-110-Bb_comp.jams,25.435782,4,4,3,4,0.23972529,0.29781377,0.53753906,4,0.11002626,0.98004543,31,0.034857649
52287,2,03_Jazz2-110-Bb_comp.jams,27.293673,3,3,2,2,0.38122275,0.12199417,0.50321692,4,0.17068756,0.94912295,61,0.047262836
52355,2,03_Jazz2-110-Bb_comp.jams,32.740249,4,4,2,2,0.19454899,0.23505759,0.42960659,5,0.27655658,0.9616758,29,0.06049243
53777,2,03_Rock1-130-A_comp.jams,1.8590249,3,3,4,4,0.39358449,0.19844128,0.59202576,0,-0.16286349,0.94150492,61,0.063578516
53886,2,03_Rock1-130-A_comp.jams,8.3393651,4,4,5,4,0.019023627,0.26891589,0.28793952,0,-0.083100192,0.97510338,29,0.067481808
54000,2,03_Rock1-130-A_comp.jams,14.746508,3,3,2,2,0.40303519,0.25131974,0.65435493,2,-0.023961063,0.92054453,61,0.052373871
55675,2,03_Rock2-85-F_comp.jams,14.673379,3,3,2,2,0.24223116,0.26168302,0.50391418,1,-0.008454591,0.90296481,16,0.07666751
55806,2,03_Rock2-85-F_comp.jams,21.844444,3,3,4,4,0.40375239,0.15921296,0.56296533,1,-0.053181648,0.95443068,61,0.058843579
55863,2,03_Rock2-85-F_comp.jams,25.380454,3,3,2,3,0.33410457,0.23194721,0.56605178,3,0.01775809,0.95284259,61,0.035546392
62190,2,04_Funk1-114-Ab_comp.jams,7.9077324,4,4,3,6,0.018809706,0.30162531,0.32043502,2,-0.010422486,0.98405412,25,0.030170383
65480,2,04_Jazz1-200-B_comp.jams,0.63267574,4,4,3,4,0.15794626,0.29950184,0.4574481,5,0.11028129,0.97817873,63,0.037184201
65581,2,04_Jazz1-200-B_comp.jams,7.8175057,4,4,2,4,0.28684521,0.25825953,0.54510474,5,0.23793551,0.9683272,29,0.062704779
65584,2,04_Jazz1-200-B_comp.jams,8.1096825,4,4,2,2,0.24764116,0.23063456,0.47827572,5,0.2506687,0.93899212,29,0.068347469
66011,2,04_Jazz2-110-Bb_comp.jams,16.675964,3,3,2,2,0.22504526,0.32763064,0.5526759,5,0.20066719,0.94909698,61,0.039755236
66015,2,04_Jazz2-110-Bb_comp.jams,17.227052,4,4,3,3,0.10950735,0.29168385,0.4011912,3,0.078600973,0.93217864,63,0.06802249
66058,2,04_Jazz2-110-Bb_comp.jams,21.864603,3,3,2,3,0.018983901,0.38315162,0.40213552,4,0.16957642,0.96360664,61,0.033661112
66074,2,04_Jazz2-110-Bb_comp.jams,22.899002,4,4,2,2,0.34480691,0.12407483,0.46888173,5,0.72272384,0.96090841,29,0.060953762
66117,2,04_Jazz2-110-Bb_comp.jams,26.213469,3,3,2,2,0.13726598,0.40257335,0.53983933,4,0.10869277,0.9542767,61,0.042574447
67838,2,04_Rock1-130-A_comp.jams,11.545147,3,3,4,3,0.14776564,0.33705705,0.48482269,4,0.045975309,0.93132985,61,0.07012935
67909,2,04_Rock1-130-A_comp.jams,16.407188,3,3,2,3,0.11125359,0.34121269,0.45246628,2,-0.028294027,0.93053856,61,0.050941125
2197,4,00_Funk2-108-Eb_comp.jams,3.0557596,3,3,4,5,0.41859335,0.22721894,0.64581227,2,-0.036350254,0.97410458,63,0.038639713
2289,4,00_Funk2-108-Eb_comp.jams,9.06161,3,3,2,3,0.32400197,0.18659256,0.51059455,5,0.22875316,0.9823962,62,0.030099392
2295,4,00_Funk2-108-Eb_comp.jams,9.73161,4,4,3,4,0.081092626,0.38249797,0.46359059,2,0.044107158,0.94348387,63,0.06200752
2421,4,00_Funk2-108-Eb_comp.jams,17.766553,3,3,2,3,0.16340265,0.29460579,0.45800844,1,-0.031878881,0.97697519,63,0.028181935
2474,4,00_Funk2-108-Eb_comp.jams,21.060136,3,3,2,2,0.14708889,0.22777557,0.37486446,0,-0.071043625,0.92516519,63,0.048110452
2606,4,00_Funk2-108-Eb_comp.jams,29.037551,4,4,5,6,0.10019526,0.27209863,0.37229389,3,0.026695553,0.98013147,31,0.060723696
5091,4,00_Jazz1-130-D_comp.jams,1.6532426,3,3,4,3,0.044339746,0.29214463,0.33648437,0,-0.22510672,0.97164419,61,0.035625052
5126,4,00_Jazz1-130-D_comp.jams,4.1161905,3,3,2,3,0.052723885,0.25390702,0.30663091,5,0.18488969,0.91157214,63,0.048292171
5183,4,00_Jazz1-130-D_comp.jams,8.1349433,3,3,4,4,0.0088818371,0.38852674,0.39740857,2,-0.053421956,0.97757186,63,0.038639732
5196,4,00_Jazz1-130-D_comp.jams,8.7522222,3,3,4,4,0.33397391,0.27148023,0.60545415,4,0.078288861,0.94607347,63,0.049063753
5253,4,00_Jazz1-130-D_comp.jams,12.757732,3,3,4,5,0.1500349,0.31168061,0.46171552,0,-0.15754899,0.98670047,63,0.030685771
5307,4,00_Jazz1-130-D_comp.jams,16.652608,4,4,3,3,0.39137304,0.16123115,0.5526042,5,0.2114588,0.99388728,12,0.025193049
5382,4,00_Jazz1-130-D_comp.jams,21.047732,3,3,2,3,0.098345503,0.2050571,0.3034026,5,0.26657563,0.90261139,63,0.05474687
6886,4,00_Jazz3-137-Eb_comp.jams,1.136712,3,3,4,4,0.17822623,0.3459124,0.52413863,0,-0.14381188,0.94127406,63,0.050567236
6890,4,00_Jazz3-137-Eb_comp.jams,1.5820181,3,3,2,3,0.040431887,0.30767861,0.3481105,4,0.057556711,0.96885142,60,0.033011425
6939,4,00_Jazz3-137-Eb_comp.jams,5.0839456,3,3,2,3,0.1211957,0.27842411,0.39961982,5,0.33453229,0.96788029,63,0.028934829
6944,4,00_Jazz3-137-Eb_comp.jams,6.1253515,3,3,2,3,0.0646303,0.29754522,0.36217552,5,0.29095179,0.91401607,63,0.073965132
6975,4,00_Jazz3-137-Eb_comp.jams,8.7448526,3,3,4,3,0.0072234273,0.41689619,0.42411962,0,-0.1436018,0.94606114,63,0.051798955
7021,4,00_Jazz3-137-Eb_comp.jams,12.962381,3,3,4,3,0.1521188,0.35788399,0.51000279,0,-0.26466399,0.93268359,63,0.050537609
7023,4,00_Jazz3-137-Eb_comp.jams,13.13449,3,3,4,3,0.069643632,0.24118035,0.31082398,0,-0.19924891,0.93419325,63,0.049771603
7053,4,00_Jazz3-137-Eb_comp.jams,15.198005,3,3,2,3,0.019928008,0.21241522,0.23234323,5,0.31945419,0.92199257,63,0.062445324
7110,4,00_Jazz3-137-Eb_comp.jams,21.427234,3,3,4,4,0.45739216,0.2146132,0.67200536,0,-0.14952001,0.98532919,63,0.032028552
7158,4,00_Jazz3-137-Eb_comp.jams,25.668844,3,3,4,4,0.14840582,0.34613988,0.4945457,0,-0.20325103,0.92923384,63,0.052600086
8745,4,00_Rock1-90-C#_comp.jams,3.0990023,3,3,4,5,0.15908328,0.29354128,0.45262456,0,-0.17159817,0.96881267,63,0.042830575
8765,4,00_Rock1-90-C#_comp.jams,4.1144671,3,3,2,3,0.12583593,0.26694742,0.39278334,5,0.23384576,0.90293586,63,0.057783313
8888,4,00_Rock1-90-C#_comp.jams,10.628821,4,4,5,6,0.23781809,0.17428535,0.41210344,1,-0.049349528,0.98051788,31,0.063769229
8916,4,00_Rock1-90-C#_comp.jams,12.182018,4,4,5,5,0.018785715,0.3595711,0.37835681,1,-0.0038636208,0.98102268,31,0.057670109
8965,4,00_Rock1-90-C#_comp.jams,14.448639,3,3,2,3,0.019831643,0.22719346,0.2470251,5,0.28811499,0.96327001,60,0.03004209
8977,4,00_Rock1-90-C#_comp.jams,15.112766,3,3,4,4,0.43813506,0.1705831,0.60871816,0,-0.1044143,0.95287527,63,0.046483316
9024,4,00_Rock1-90-C#_comp.jams,17.710454,3,3,4,5,0.19696578,0.25565135,0.45261714,1,-0.081443205,0.97359069,63,0.040093508
9237,4,00_Rock1-90-C#_comp.jams,28.469955,3,3,2,3,0.2323142,0.14160687,0.37392107,5,0.38563213,0.92171339,63,0.050369926
14215,4,00_SS2-107-Ab_comp.jams,8.7266213,3,3,2,3,0.10250819,0.19671664,0.29922482,0,-0.099872783,0.94162611,63,0.047908805
14331,4,00_SS2-107-Ab_comp.jams,15.980272,3,3,2,3,0.20379052,0.27762845,0.48141897,4,0.1449028,0.92521799,63,0.057356052
14473,4,00_SS2-107-Ab_comp.jams,24.976871,3,3,4,3,0.10715488,0.31119743,0.41835231,0,-0.25736064,0.95667603,63,0.052709218
18853,4,01_Funk2-108-Eb_comp.jams,0.72206349,3,3,4,3,0.16362786,0.36723512,0.53086299,0,-0.16200142,0.97261326,63,0.037360955
18865,4,01_Funk2-108-Eb_comp.jams,2.5057596,3,3,2,4,0.26960263,0.25463751,0.52424014,0,-0.094370462,0.98387009,63,0.026362475
18922,4,01_Funk2-108-Eb_comp.jams,7.7762358,3,3,2,3,0.088528037,0.37733084,0.46585888,1,-0.1075207,0.98619324,63,0.025534583
18930,4,01_Funk2-108-Eb_comp.jams,8.4742177,3,3,4,3,0.27216864,0.28376329,0.55593193,1,-0.1073947,0.97152174,63,0.0360635
18952,4,01_Funk2-108-Eb_comp.jams,10.437256,3,3,4,3,0.11498642,0.37172899,0.48671541,2,-0.049793761,0.99388086,63,0.022740617
18963,4,01_Funk2-108-Eb_comp.jams,11.401655,3,3,2,3,0.25011206,0.34325039,0.59336245,3,0.21508627,0.9678514,63,0.029878819
19021,4,01_Funk2-108-Eb_comp.jams,18.898209,3,3,2,2,0.44078821,0.22008812,0.66087633,0,-0.20148651,0.98065952,47,0.025341678
19057,4,01_Funk2-108-Eb_comp.jams,22.964853,3,3,2,3,0.3820509,0.27966437,0.66171527,0,-0.21131139,0.99232281,44,0.022355007
19098,4,01_Funk2-108-Eb_comp.jams,27.365238,3,3,4,4,0.057594538,0.31995791,0.37755245,0,-0.10973223,0.96419035,63,0.044564292
19103,4,01_Funk2-108-Eb_comp.jams,27.790884,3,3,2,2,0.097521037,0.38858795,0.48610899,0,-0.29183668,0.99056653,62,0.024012344
19107,4,01_Funk2-108-Eb_comp.jams,28.202993,4,4,3,4,0.37592632,0.18608524,0.56201154,5,0.12419208,0.99307277,53,0.025657305
19124,4,01_Funk2-108-Eb_comp.jams,29.585079,3,3,4,3,0.19857308,0.33982328,0.53839636,2,0.0048465729,0.99077692,63,0.025843505
19128,4,01_Funk2-108-Eb_comp.jams,30.005306,3,3,2,3,0.38152269,0.2743229,0.65584558,2,-0.047358323,0.98299229,63,0.025094945
19162,4,01_Funk2-108-Eb_comp.jams,33.60737,3,3,2,2,0.51918882,0.22098728,0.74017608,0,-0.12145293,0.96328492,63,0.030010579
19170,4,01_Funk2-108-Eb_comp.jams,34.448503,3,3,2,2,0.67352223,0.15028448,0.8238067,2,-0.049335767,0.97337204,47,0.027445257
19174,4,01_Funk2-108-Eb_comp.jams,34.864286,3,3,4,3,0.018356681,0.4211621,0.43951878,0,-0.20664728,0.98674771,63,0.028511541
23148,4,01_Jazz3-137-Eb_comp.jams,7.6993197,3,3,2,3,0.24923751,0.32922283,0.57846034,3,0.12017436,0.91013265,63,0.056630731
23165,4,01_Jazz3-137-Eb_comp.jams,9.4686621,3,3,4,4,0.3880229,0.27317405,0.66119695,1,-0.13999514,0.94068227,63,0.050967254
23307,4,01_Jazz3-137-Eb_comp.jams,23.466122,3,3,4,3,0.071765095,0.42513666,0.49690175,0,-0.1087857,0.95176437,63,0.045387402
23339,4,01_Jazz3-137-Eb_comp.jams,26.094762,3,3,4,3,0.19520062,0.35728121,0.55248183,0,-0.10400613,0.9446373,63,0.047880225
24534,4,01_Rock1-90-C#_comp.jams,1.6805215,3,3,4,4,0.28137216,0.29545483,0.57682699,3,0.028035143,0.96152639,63,0.04407445
24831,4,01_Rock1-90-C#_comp.jams,15.333333,4,4,5,5,0.013882905,0.2764397,0.2903226,1,-0.042378128,0.98182391,31,0.060040247
24906,4,01_Rock1-90-C#_comp.jams,19.299932,4,4,5,6,0.16473241,0.24902697,0.41375938,2,-0.055584203,0.97558356,31,0.067154609
24947,4,01_Rock1-90-C#_comp.jams,21.308753,3,3,2,3,0.017724663,0.41326648,0.43099114,0,-0.21522184,0.96174579,63,0.040519886
25048,4,01_Rock1-90-C#_comp.jams,26.309048,3,3,2,3,0.046732947,0.15387413,0.20060708,4,0.14770134,0.99053889,63,0.027804233
25063,4,01_Rock1-90-C#_comp.jams,27.343356,3,3,4,5,0.15963641,0.33921859,0.49885499,0,-0.11928417,0.93460899,63,0.052609924
29661,4,01_SS2-107-Ab_comp.jams,0.27226757,3,3,4,3,0.15641427,0.36609906,0.52251333,0,-0.17592612,0.97662481,63,0.03602419
29680,4,01_SS2-107-Ab_comp.jams,1.9830385,3,3,2,2,0.3651576,0.27771974,0.64287734,0,-0.30652013,0.97266875,47,0.027376926
29720,4,01_SS2-107-Ab_comp.jams,4.7640136,4,4,3,3,0.087958395,0.34889841,0.43685681,5,0.20421794,0.99343187,44,0.022025393
29774,4,01_SS2-107-Ab_comp.jams,9.8119048,3,3,4,3,0.37840033,0.26180249,0.64020282,1,-0.06577526,0.99203675,63,0.025613612
34391,4,02_Funk2-108-Eb_comp.jams,0.5760771,3,3,2,4,0.15902001,0.19186845,0.35088846,5,0.23412928,0.96760352,63,0.029556729
34396,4,02_Funk2-108-Eb_comp.jams,0.85659864,3,3,4,4,0.12042794,0.31317109,0.43359903,0,-0.16344395,0.93622448,63,0.050937086
34411,4,02_Funk2-108-Eb_comp.jams,1.6877778,3,3,4,4,0.010592759,0.35336635,0.3639591,3,-0.0058319718,0.96882391,63,0.039071254
34456,4,02_Funk2-108-Eb_comp.jams,4.997415,3,3,2,4,0.031202108,0.31362891,0.34483102,3,0.071866728,0.95559162,63,0.035460513
34537,4,02_Funk2-108-Eb_comp.jams,11.683832,3,3,4,4,0.060347438,0.2928417,0.35318914,0,-0.12742142,0.97245159,63,0.036638197
34561,4,02_Funk2-108-Eb_comp.jams,13.901043,3,3,4,3,0.22294116,0.29248744,0.5154286,1,-0.11544462,0.97075951,63,0.037124079
34567,4,02_Funk2-108-Eb_comp.jams,14.426236,3,3,2,3,0.0016107261,0.29581541,0.29742613,5,0.20232466,0.96252751,63,0.034891717
34610,4,02_Funk2-108-Eb_comp.jams,18.637143,3,3,2,3,0.02569136,0.26398355,0.28967491,5,0.28454792,0.9330201,63,0.05440205
34775,4,02_Funk2-108-Eb_comp.jams,30.017914,3,3,2,2,0.0058566332,0.28458253,0.29043916,5,0.21653418,0.96868632,63,0.034417503
36739,4,02_Jazz1-130-D_comp.jams,0.7969161,3,3,4,3,0.025867969,0.36080661,0.38667458,0,-0.15336704,0.96180013,63,0.04200086
36855,4,02_Jazz1-130-D_comp.jams,10.463696,4,4,3,4,0.12297788,0.36782926,0.49080715,4,0.041335143,0.8635762,63,0.12481327
36984,4,02_Jazz1-130-D_comp.jams,21.975283,3,3,4,5,0.042539805,0.41558871,0.45812851,0,-0.17961763,0.93769843,63,0.052645855
38667,4,02_Jazz3-137-Eb_comp.jams,5.6970975,3,3,4,3,0.13383576,0.35770187,0.49153763,0,-0.19497214,0.95383361,63,0.046007551
38681,4,02_Jazz3-137-Eb_comp.jams,6.5730612,3,3,4,4,0.25351527,0.31827673,0.57179201,2,-0.017262951,0.94406821,63,0.050356939
38685,4,02_Jazz3-137-Eb_comp.jams,7.4426531,3,3,4,4,0.31146252,0.27900153,0.59046406,0,-0.18139097,0.96358348,63,0.043363288
38771,4,02_Jazz3-137-Eb_comp.jams,14.451859,3,3,4,3,0.10728228,0.3459315,0.45321378,0,-0.19032462,0.95561042,63,0.044305768
38822,4,02_Jazz3-137-Eb_comp.jams,19.719592,3,3,4,4,0.15879667,0.36861026,0.52740693,0,-0.097947702,0.95769411,63,0.046134416
38899,4,02_Jazz3-137-Eb_comp.jams,24.940181,3,3,2,2,0.33940393,0.21047182,0.54987574,3,0.068839774,0.89949059,63,0.05669995
38925,4,02_Jazz3-137-Eb_comp.jams,26.554807,3,3,4,3,0.19863382,0.2615791,0.46021292,0,-0.15365845,0.94538812,63,0.051001631
40377,4,02_Rock1-90-C#_comp.jams,4.6734014,3,3,4,3,0.24122187,0.32550874,0.56673062,0,-0.23938826,0.95742151,63,0.044152219
40421,4,02_Rock1-90-C#_comp.jams,8.6770295,3,3,4,3,0.056142062,0.36874586,0.42488793,0,-0.1867723,0.96515953,63,0.042113133
40429,4,02_Rock1-90-C#_comp.jams,9.3431746,3,3,4,3,0.22928646,0.3138347,0.54312116,1,-0.096534215,0.96978299,63,0.040955387
40457,4,02_Rock1-90-C#_comp.jams,11.344195,3,3,2,3,0.020537525,0.44404063,0.46457815,2,-0.026741941,0.92388392,63,0.051112477
40471,4,02_Rock1-90-C#_comp.jams,12.008776,3,3,2,3,0.12092796,0.13560089,0.25652885,4,0.17041311,0.88102143,63,0.071093686
40521,4,02_Rock1-90-C#_comp.jams,16.705624,3,3,4,3,0.044273019,0.40204644,0.44631946,0,-0.21753187,0.97310478,63,0.037781265
40530,4,02_Rock1-90-C#_comp.jams,17.356961,3,3,4,3,0.34942809,0.2759541,0.62538218,0,-0.10376067,0.96504269,63,0.042933542
40540,4,02_Rock1-90-C#_comp.jams,18.031859,3,3,4,3,0.19212887,0.32458219,0.51671106,1,-0.15394987,0.96539503,63,0.043038916
40611,4,02_Rock1-90-C#_comp.jams,23.033129,3,3,4,3,0.040380508,0.3698515,0.41023201,1,-0.044161953,0.97565506,63,0.036178131
44834,4,02_SS2-107-Ab_comp.jams,8.1420181,3,3,4,3,0.059532911,0.33071852,0.39025143,0,-0.12601027,0.95845622,63,0.045818053
44892,4,02_SS2-107-Ab_comp.jams,12.918458,3,3,4,4,0.086615175,0.35384375,0.44045892,0,-0.15627317,0.94293771,63,0.04957569
44992,4,02_SS2-107-Ab_comp.jams,18.784739,3,3,4,4,0.13139349,0.35709298,0.48848647,1,-0.046409599,0.94646284,63,0.048349939
45098,4,02_SS2-107-Ab_comp.jams,24.137868,3,3,4,4,0.31958669,0.2342896,0.55387628,3,0.02617665,0.97258459,63,0.039482038
45119,4,02_SS2-107-Ab_comp.jams,25.837823,3,3,4,4,0.0061332881,0.38391602,0.39004931,0,-0.10127238,0.95538191,63,0.042679753
45129,4,02_SS2-107-Ab_comp.jams,26.376463,3,3,4,3,0.084120601,0.26620179,0.3503224,1,-0.14400372,0.96426121,63,0.037640885
49171,4,03_Funk2-108-Eb_comp.jams,0.00013605442,3,3,4,4,0.50743335,0.14828902,0.65572238,3,0.021813404,0.96451792,63,0.041187078
49217,4,03_Funk2-108-Eb_comp.jams,3.3243311,3,3,4,4,0.45047268,0.15968063,0.61015332,2,-0.020841142,0.96492162,63,0.043697976
49226,4,03_Funk2-108-Eb_comp.jams,4.4380499,3,3,4,3,0.09062013,0.36041436,0.45103449,4,0.051701177,0.96220338,63,0.041797422
49237,4,03_Funk2-108-Eb_comp.jams,5.5389569,3,3,5,5,0.33631831,0.13686739,0.47318572,1,-0.13335447,0.98156181,31,0.055490281
49270,4,03_Funk2-108-Eb_comp.jams,8.9056236,4,4,3,6,0.13504815,0.16426817,0.29931632,0,-0.13145642,0.97582773,63,0.037928402
49364,4,03_Funk2-108-Eb_comp.jams,17.226553,4,4,3,4,0.021583706,0.41485769,0.43644139,5,0.22905383,0.9834805,44,0.030143365
49432,4,03_Funk2-108-Eb_comp.jams,23.062585,4,4,3,4,0.040975571,0.35131356,0.39228913,2,-0.019407293,0.98135066,63,0.03344832
49441,4,03_Funk2-108-Eb_comp.jams,23.795034,3,3,2,4,0.52549177,0.18222934,0.70772111,2,-0.01330716,0.93352974,63,0.053697668
49447,4,03_Funk2-108-Eb_comp.jams,24.449297,3,3,4,3,0.34358221,0.26921332,0.61279553,1,-0.08423505,0.96409668,63,0.042675637
49468,4,03_Funk2-108-Eb_comp.jams,26.672993,4,4,3,4,0.024540514,0.40516835,0.42970887,4,0.052746534,0.95710782,63,0.053435627
49496,4,03_Funk2-108-Eb_comp.jams,28.892948,4,4,3,4,0.0069731176,0.36836544,0.37533855,4,0.10301957,0.96759893,63,0.046213049
49509,4,03_Funk2-108-Eb_comp.jams,29.72737,3,3,2,3,0.28679305,0.24235936,0.52915239,4,0.16526219,0.96700903,63,0.030314524
49546,4,03_Funk2-108-Eb_comp.jams,32.764535,3,3,2,3,0.17294979,0.30401897,0.47696877,3,0.037724245,0.97142428,63,0.029407535
49565,4,03_Funk2-108-Eb_comp.jams,34.330499,3,3,4,3,0.1186997,0.33051258,0.44921228,0,-0.18273841,0.94147115,63,0.052766152
51544,4,03_Jazz1-130-D_comp.jams,13.36288,3,3,2,3,0.25137913,0.23089479,0.48227394,3,0.010172146,0.919564,63,0.051753584
51555,4,03_Jazz1-130-D_comp.jams,15.116621,3,3,4,3,0.02282396,0.41886348,0.44168743,0,-0.11491936,0.94773545,63,0.045752883
53095,4,03_Jazz3-137-Eb_comp.jams,16.013424,3,3,4,4,0.20612296,0.27765682,0.48377979,1,-0.14094312,0.93737699,63,0.04974651
54293,4,03_Rock1-90-C#_comp.jams,3.3544218,3,3,4,3,0.10522544,0.38830122,0.49352667,0,-0.23784009,0.95682187,63,0.044726901
54441,4,03_Rock1-90-C#_comp.jams,11.343265,3,3,4,4,0.45707813,0.15095595,0.60803407,4,0.13460191,0.97238727,63,0.041356862
54472,4,03_Rock1-90-C#_comp.jams,13.005102,3,3,4,2,0.16365343,0.25461167,0.4182651,0,-0.072605073,0.97001001,63,0.043585297
54572,4,03_Rock1-90-C#_comp.jams,18.329796,3,3,4,4,0.31663144,0.28190142,0.59853286,0,-0.18011007,0.94786151,63,0.047034826
54654,4,03_Rock1-90-C#_comp.jams,23.023537,3,3,4,4,0.33473763,0.17833975,0.51307738,3,0.060072642,0.97492252,63,0.04145202
54770,4,03_Rock1-90-C#_comp.jams,29.984195,3,3,4,4,0.068943411,0.39506575,0.46400917,0,-0.18542387,0.94320497,63,0.051194414
58377,4,03_SS2-107-Ab_comp.jams,1.5590703,3,3,4,3,0.16946957,0.33322892,0.50269848,0,-0.19087648,0.96810112,63,0.037743438
58392,4,03_SS2-107-Ab_comp.jams,2.500907,3,3,2,2,0.64012319,0.079314746,0.71943796,3,0.19112569,0.91850929,63,0.05526337
58410,4,03_SS2-107-Ab_comp.jams,3.3779138,3,3,4,4,0.075832427,0.30370927,0.3795417,0,-0.078972593,0.96318941,63,0.047810435
58436,4,03_SS2-107-Ab_comp.jams,4.7669161,3,3,2,2,0.15640056,0.33279923,0.48919979,4,0.10312512,0.90709251,63,0.056765459
58465,4,03_SS2-107-Ab_comp.jams,6.4362585,3,3,2,3,0.16030952,0.30839053,0.46870005,1,-0.13857274,0.98930796,63,0.025924006
58497,4,03_SS2-107-Ab_comp.jams,8.2746712,3,3,4,3,0.046523333,0.31018358,0.35670692,0,-0.25231552,0.96779063,63,0.040828262
58526,4,03_SS2-107-Ab_comp.jams,10.08415,3,3,4,3,0.14946011,0.31441557,0.46387568,3,0.041411988,0.96638978,63,0.042232249
58545,4,03_SS2-107-Ab_comp.jams,11.519229,3,3,4,4,0.21529397,0.28141019,0.49670416,0,-0.22246814,0.93882394,63,0.052300584
58649,4,03_SS2-107-Ab_comp.jams,18.235918,3,3,4,4,0.36620039,0.24112843,0.60732883,0,-0.065183155,0.94826097,63,0.049583424
58667,4,03_SS2-107-Ab_comp.jams,19.508571,3,3,4,4,0.39649886,0.24549906,0.64199793,0,-0.19330993,0.95401368,63,0.048947442
58684,4,03_SS2-107-Ab_comp.jams,20.472834,3,3,2,2,0.34760475,0.18735909,0.53496385,3,0.12083235,0.92593808,63,0.055976849
58784,4,03_SS2-107-Ab_comp.jams,26.230703,3,3,4,5,0.36788774,0.16051017,0.52839792,1,-0.056262434,0.9711647,63,0.041857217
58829,4,03_SS2-107-Ab_comp.jams,29.463537,4,4,5,4,0.19670482,0.22077827,0.41748309,0,-0.07948719,0.97287366,31,0.06710089
58881,4,03_SS2-107-Ab_comp.jams,32.541179,3,3,2,2,0.24911357,0.16056012,0.40967369,5,0.19899316,0.90236459,63,0.057270549
62588,4,04_Funk2-108-Eb_comp.jams,1.3934694,3,3,4,3,0.12591764,0.3528913,0.47880894,0,-0.26266867,0.96746788,63,0.039150678
62610,4,04_Funk2-108-Eb_comp.jams,3.6179819,3,3,4,4,0.35467833,0.27465105,0.62932938,1,-0.13483676,0.96599238,63,0.041667078
62632,4,04_Funk2-108-Eb_comp.jams,5.8470522,3,3,4,4,0.13266835,0.36437804,0.49704638,2,-0.0029103279,0.97332825,63,0.040038288
62687,4,04_Funk2-108-Eb_comp.jams,11.111066,3,3,2,3,0.08532384,0.30729237,0.39261621,0,-0.097568512,0.9281609,63,0.048744865
62761,4,04_Funk2-108-Eb_comp.jams,17.092834,3,3,2,3,0.11350974,0.29365626,0.407166,1,-0.17097041,0.99297818,53,0.022837441
62764,4,04_Funk2-108-Eb_comp.jams,17.494535,3,3,4,3,0.13695359,0.36121416,0.49816775,0,-0.20403798,0.97013992,63,0.038188715
62877,4,04_Funk2-108-Eb_comp.jams,26.268435,3,3,4,3,0.27935553,0.20418166,0.48353717,0,-0.16892812,0.97081936,63,0.036247119
62908,4,04_Funk2-108-Eb_comp.jams,28.785442,3,3,2,3,0.026153058,0.34478602,0.37093908,3,0.045235224,0.98670391,32,0.036944784
62981,4,04_Funk2-108-Eb_comp.jams,34.880635,3,3,4,4,0.04976052,0.41235942,0.46211994,0,-0.16283196,0.93347585,63,0.052708957
65267,4,04_Jazz1-130-D_comp.jams,14.288095,4,4,3,4,0.06436789,0.2667436,0.33111149,5,0.077355638,0.89530677,63,0.085044302
65280,4,04_Jazz1-130-D_comp.jams,15.218662,4,4,3,4,0.07899496,0.39940912,0.47840407,4,0.094852887,0.90676867,63,0.078366295
65304,4,04_Jazz1-130-D_comp.jams,16.867075,3,3,4,3,0.42041108,0.21351156,0.63392264,0,-0.24587286,0.96525836,63,0.039650459
65353,4,04_Jazz1-130-D_comp.jams,19.851655,4,4,5,4,0.033591688,0.25696182,0.29055351,0,-0.2904616,0.98491561,31,0.05787494
66693,4,04_Jazz3-137-Eb_comp.jams,0.67836735,4,4,3,4,0.13899997,0.35640231,0.49540228,3,0.055047441,0.85895651,63,0.11903542
66945,4,04_Jazz3-137-Eb_comp.jams,20.877324,4,4,2,4,0.25676507,0.16795178,0.42471686,5,0.40509352,0.9651665,31,0.065025501
66965,4,04_Jazz3-137-Eb_comp.jams,22.190045,3,3,2,3,0.043027759,0.29193714,0.3349649,1,-0.015139073,0.99207275,62,0.02433848
66988,4,04_Jazz3-137-Eb_comp.jams,23.950091,3,3,2,3,0.13523552,0.31707183,0.45230734,5,0.16430277,0.99071111,44,0.022580635
66993,4,04_Jazz3-137-Eb_comp.jams,24.780794,4,4,2,4,0.19029531,0.24014208,0.43043739,1,-0.088633314,0.91460071,31,0.085083582
67012,4,04_Jazz3-137-Eb_comp.jams,26.28254,4,4,3,4,0.016499758,0.4348979,0.45139766,4,0.074610449,0.88869375,63,0.09086889
68142,4,04_Rock1-90-C#_comp.jams,0.044104308,3,3,4,3,0.099396676,0.37766975,0.47706643,1,-0.044768017,0.95520162,63,0.040564485
68187,4,04_Rock1-90-C#_comp.jams,3.3153061,3,3,4,4,0.018220842,0.42494696,0.44316781,0,-0.17868418,0.95179693,63,0.050235584
68239,4,04_Rock1-90-C#_comp.jams,6.6808617,3,3,4,4,0.40426028,0.24859218,0.65285248,0,-0.1172992,0.95128185,63,0.048842654
68337,4,04_Rock1-90-C#_comp.jams,12.635147,3,3,4,4,0.31427574,0.24845286,0.56272858,2,-0.03962303,0.97743404,63,0.040292069
68411,4,04_Rock1-90-C#_comp.jams,16.648163,3,3,4,4,0.21733746,0.32888392,0.54622138,0,-0.12667535,0.95866661,63,0.04528584
68419,4,04_Rock1-90-C#_comp.jams,17.352109,3,3,4,4,0.1338475,0.37639114,0.51023865,0,-0.16852514,0.95069028,63,0.048905496
68446,4,04_Rock1-90-C#_comp.jams,19.31449,3,3,4,4,0.29141724,0.27725369,0.56867093,0,-0.10201895,0.97004234,63,0.040733956
68494,4,04_Rock1-90-C#_comp.jams,21.997438,3,3,2,4,0.21008757,0.26764286,0.47773042,4,0.10970634,0.90699603,63,0.056556437
68555,4,04_Rock1-90-C#_comp.jams,25.29356,3,3,4,4,0.29010385,0.2654385,0.55554235,3,0.025642818,0.95942287,63,0.04566399
68649,4,04_Rock1-90-C#_comp.jams,30.298367,3,3,4,4,0.26606542,0.24448581,0.51055121,2,-0.04467091,0.95742518,63,0.048552793
72407,4,04_SS2-107-Ab_comp.jams,2.2730612,3,3,2,3,0.064890802,0.3775799,0.4424707,3,-0.010749495,0.94463403,63,0.039382618
