source,target,feature,corrections,regressions,correction_median,regression_median,standardized_reg_minus_cor,descriptive_auc_high_value_regression,eligible_folds,sign_agreement_folds,fold_effects
2,3,birth__early_mass_fraction,172,198,0.8009488394,0.8208559369,0.02110820677,0.5425769321,4,3,"[0.19511109749585975, -0.3479902942990032, 0.16652421192532596, 0.07814147620388598]"
2,3,birth__frame_max,172,198,0.172078705,0.1728998816,0.07129661191,0.4898402631,4,3,"[-0.020664035480983087, 0.14789546142048024, 0.2259816541317525, 0.0637763742344355]"
2,3,birth__frame_mean,172,198,0.04928900323,0.04711826986,0.01129106464,0.4793868922,4,2,"[-0.033641542488496684, -0.005836275288703494, 0.26813346047619935, 0.05521143150533791]"
2,3,birth__frame_std,172,198,0.0549438756,0.05625787396,0.09006272316,0.500293634,4,4,"[0.03290445291881185, 0.10124664407519451, 0.338939776318308, 0.12711599582464095]"
2,3,birth__late_mass_fraction,172,198,0.0695944206,0.05031815694,0.004741562157,0.430584919,4,1,"[-0.25194666558832396, 0.4217962766182471, -0.2583558216077333, -0.07680807702095267]"
2,3,birth__mid_mass_fraction,172,198,0.09309025161,0.0911522795,-0.0533812392,0.4930996007,4,3,"[-0.005168002735698654, -0.22574883259803066, 0.08895808175370738, -0.015839750577803423]"
2,3,birth__novel_mass,172,198,0.8072306493,0.7786611148,-0.1179228265,0.463207658,4,2,"[-0.06906805086355114, -0.42184959848107517, 0.14306248018670972, 0.005982094363989981]"
2,3,birth__novel_track_fraction,172,198,0.2857142857,0.2448979592,-0.1623945664,0.4392911675,4,3,"[-0.12455677097586249, -0.31114545613968364, 0.2402892021527555, -0.0407228161578246]"
2,3,birth__positive_flow,172,198,1.084358071,1.036601937,0.01129106464,0.4793868922,4,2,"[-0.033641542488497454, -0.005836275288703894, 0.26813346047619835, 0.05521143150533938]"
2,3,birth__positive_fraction,172,198,0.4786250387,0.4850276157,0.09312528564,0.5292459479,4,3,"[-0.14916641213547888, 0.2501402700131602, 0.3235938932104658, 0.283831983886645]"
2,3,birth__positive_track_concentration,172,198,0.1086812838,0.1165406462,0.2715377045,0.5509161381,4,2,"[0.3618774662892344, -0.10458485096111043, -0.06055839950923837, 0.20128813435669865]"
2,3,coherence__pitch_centroid_drift,172,198,0.273439236,0.271346166,-0.1884017594,0.4783591731,4,3,"[-0.17347881682596156, -0.17354029804334384, 0.04459116889949535, -0.13298211775993712]"
2,3,coherence__pitch_centroid_late_pre,172,198,2.596255519,2.383550126,-0.1539226775,0.4606236786,4,3,"[-0.03236412084199053, -0.469200679483322, 0.36444228085905384, -0.17657737948930152]"
2,3,coherence__simultaneous_birth_death,172,198,1,1,-0.121499444,0.4818534179,4,3,"[0.06272437492004077, -0.189782150040207, -0.47140452079103123, -0.25530617651075727]"
2,3,coherence__source_occupancy_var,172,198,1.132893072,1.074334683,-0.1132560654,0.456189805,4,2,"[-0.2930398070805676, 0.003878163651321478, -0.07995254750513156, 0.3985435245278108]"
2,3,coherence__temporal_cos_10,172,198,0.8068944084,0.8307182221,0.09587838867,0.5233732676,4,3,"[0.11086441893172126, 0.09757759190860432, -0.11511293596191037, 0.09623681622770751]"
2,3,coherence__temporal_cos_2,172,198,0.9796124085,0.9799087548,0.1599914339,0.5253993423,4,3,"[0.09050400916134999, 0.16640516806531053, -0.10869344696204686, 0.2785298277451404]"
2,3,coherence__temporal_cos_5,172,198,0.9097727753,0.9153600501,0.1304854763,0.5282475922,4,3,"[0.10780488567097542, 0.102897546938978, -0.041793863981607914, 0.17448930621954187]"
2,3,damping__early_mass_fraction,172,198,0.5415054815,0.5654620355,0.1200992513,0.5372621564,4,3,"[0.1873119677724813, 0.08910874083911585, -0.4179715042356248, 0.2507338001497073]"
2,3,damping__frame_max,172,198,0.1153435642,0.1168443177,-0.05710758245,0.4750998356,4,2,"[0.11092863150428656, -0.42423383143289156, 0.20580612816772803, -0.07463619770229574]"
2,3,damping__frame_mean,172,198,0.05045873697,0.05043495812,-0.07995824295,0.4595665962,4,2,"[0.06447355162665262, -0.31612137796995543, 0.14779932966627504, -0.13509266919345067]"
2,3,damping__frame_std,172,198,0.03072059095,0.03265055004,0.006191258021,0.4965057552,4,2,"[0.20293897068113892, -0.3846572057324461, 0.18630522346172587, -0.02146493654698108]"
2,3,damping__late_mass_fraction,172,198,0.1843583085,0.1670174713,-0.2650049548,0.4336387127,4,4,"[-0.295217395453505, -0.09795534399822167, -0.21464844175940728, -0.37578502133178104]"
2,3,damping__lost_mass,172,198,0.1596716707,0.1679578719,0.133737488,0.5273079634,4,2,"[0.4055428517586875, 0.05937706905469957, -0.060942551597182024, -0.10396531455636897]"
2,3,damping__mid_mass_fraction,172,198,0.2424407826,0.2481495417,0.1094125779,0.5190862109,4,3,"[0.029427234910361547, -0.015472160012581915, 0.6585561403374653, 0.06987839540217552]"
2,3,damping__negative_flow,172,198,1.110092213,1.109569079,-0.07995824295,0.4595665962,4,2,"[0.06447355162665244, -0.3161213779699561, 0.14779932966627593, -0.13509266919345064]"
2,3,damping__sink_fraction,172,198,0.5213749612,0.5149723842,-0.09312528569,0.4707540521,4,3,"[0.14916641211697113, -0.2501402700997833, -0.32359389319534, -0.28383198396957027]"
2,3,damping__sink_track_concentration,172,198,0.06209800127,0.06425078073,0.1148968772,0.5249882546,4,3,"[0.05497093343170436, 0.2505616523039095, -0.31791936027681084, 0.19813764472138404]"
2,3,damping__vanishing_track_fraction,172,198,0.2244897959,0.2040816327,-0.0844608795,0.4679058022,4,2,"[0.09690516296569755, -0.5415247472578008, 0.5808051466865581, -0.19944178920033598]"
2,3,persistence__mean_survival,172,198,0.4223355908,0.3840447453,-0.2110367688,0.4230385248,4,3,"[-0.3582664106100212, 0.1712789325429623, -0.06830201536919471, -0.1915980297984088]"
2,3,persistence__new_source_retention,172,198,0.6228176842,0.6339286244,0.04911799314,0.52443035,4,2,"[-0.213221406983031, 0.31942972719702645, -0.08252989064947812, 0.3386603613775482]"
2,3,persistence__pre_post_retention,172,198,0.6622096878,0.6220802984,-0.07982945941,0.47556965,4,3,"[-0.37534528425285657, 0.20576066935219367, -0.036700012460673816, -0.17946785805236426]"
2,3,persistence__retention_10,172,198,0.6879580167,0.6831320482,0.1420207545,0.5366748884,4,2,"[-0.0966917543889951, 0.4184255202998504, -0.13971822331419578, 0.364017221542015]"
2,3,persistence__retention_2,172,198,0.9020245188,0.9065203283,0.1387081332,0.5463648109,4,2,"[-0.08108071233196898, 0.40047211836963786, -0.13021605152472113, 0.43426933509239907]"
2,3,persistence__retention_5,172,198,0.7912485008,0.7954353393,0.1411465222,0.5422245713,4,2,"[-0.10018241137579692, 0.4195781535606141, -0.12717523253292365, 0.42186745424407207]"
2,3,persistence__stable_track_fraction,172,198,0.08163265306,0.08163265306,-0.03452155063,0.5,4,3,"[-0.33781866856660286, 0.6417266431167972, -0.44964381622650695, -0.16353090704925882]"
2,3,source__continuation_l1,172,198,0.5687030056,0.5872637722,0.02591794812,0.5027307963,4,2,"[0.1646454535222726, -0.23497250083998092, 0.41316864390540414, -0.16220395481232397]"
2,3,source__effective_late_sources,172,198,5.591667647,5.228569564,-0.05411386533,0.4488783181,4,2,"[-0.3723667696190452, 0.49378752703184003, -0.15616078817159645, 0.04098931612342821]"
2,3,source__effective_onset_sources,172,198,9.215739846,8.816656375,-0.1007349567,0.4586563307,4,3,"[-0.13463960818701087, -0.10097210667605633, 0.28371242201969377, -0.1607315487439023]"
2,3,source__novelty_l1,172,198,0.7773093149,0.766506297,0.01747206375,0.5089558374,4,3,"[0.09236414388282604, -0.2956526763860088, 0.27185078974337595, 0.060539942437469546]"
2,3,source__onset_lost_energy_fraction,172,198,0.09186161121,0.1310298138,0.2373797511,0.5663172422,4,3,"[0.3517913362754877, 0.2950537616371571, -0.24208364287224282, 0.17487508927382503]"
2,3,source__post_lost_energy_fraction,172,198,0.3377903121,0.3762291498,0.05143288556,0.519379845,4,3,"[0.31982405580121154, -0.2057606691947677, 0.036700011798291625, 0.17946785769480542]"
2,3,source__spectral_shift_cents,172,198,223.3845269,210.0921295,0.08337784312,0.5005285412,4,3,"[0.1416628061120225, -0.44389228133296, 0.505444476473985, 0.1393541009250998]"
2,3,source__stable_presence_fraction,172,198,0.542937398,0.5439844263,-0.02250879448,0.4966232088,4,3,"[-0.05350654727565527, 0.20730698999935382, -0.23561006841638066, -0.28417982301064015]"
2,3,spectral__active_late,172,198,5.083333333,5,-0.1611596403,0.4631195678,4,2,"[-0.5809627921187638, 0.4891223783152036, -0.19556154677904367, 0.18007219274889266]"
2,3,spectral__active_on,172,198,5.6,5.6,-0.03143389822,0.4910882077,4,2,"[-0.27557700664435386, 0.4270008553785242, -0.3104504068797145, 0.22081586062845351]"
2,3,spectral__active_pre,172,198,5,5,0.0393238044,0.5193651633,4,2,"[-0.12213272869195624, 0.4793815474695647, -0.047662252081459286, 0.003358452405555754]"
2,3,spectral__dominant_late,172,198,0.2967115233,0.3121134979,0.2233276356,0.5587268029,4,2,"[0.4957903449841621, -0.32297565990098265, -0.09353790628435255, 0.12548061932193777]"
2,3,spectral__dominant_on,172,198,0.2264316074,0.2287426763,0.1609410137,0.5355590792,4,2,"[0.2718246241721916, -0.09199942363544215, -0.17282308423467888, 0.06992263042403053]"
2,3,spectral__dominant_pre,172,198,0.2863019933,0.2932656286,0.1251864814,0.5372034296,4,2,"[0.14037656066238385, -0.07143087001454881, -0.16926646168722698, 0.22007238331319548]"
2,3,spectral__entropy_late,172,198,0.5205968419,0.5051347687,-0.1571478975,0.4492600423,4,3,"[-0.4105781738599572, 0.42836832232802785, -0.08079551681091258, -0.06300584580088163]"
2,3,spectral__entropy_on,172,198,0.6647319133,0.6532044891,-0.2126169544,0.4362814188,4,3,"[-0.18418263165504162, -0.26291772522509005, 0.3221850700876018, -0.39278171022472935]"
2,3,spectral__entropy_pre,172,198,0.5507554709,0.5535816502,-0.0679802993,0.4938043223,4,3,"[-0.10881715635628439, 0.1225660019687581, -0.03061779523661178, -0.17174241235168283]"
2,3,spectral__late_pre_ratio,172,198,0.589630601,0.5322725481,0.009301150049,0.4775369979,4,3,"[0.01965066364027733, -0.17458239845485127, 0.11761034402369801, 0.09197454971330986]"
2,3,spectral__mass_late,172,198,1.008001047,1.009349972,0.1049287393,0.5142706131,4,2,"[-0.18116270280864208, 0.2805797718446643, -0.07681941687682903, 0.26248550252234737]"
2,3,spectral__mass_on,172,198,1.229667744,1.222522878,-0.07640351703,0.4852008457,4,2,"[0.038566413216310984, -0.29005549070914605, 0.031711687612421116, -0.08700770757257494]"
2,3,spectral__mass_pre,172,198,0.5602681863,0.6111293934,0.1287846848,0.5346194503,4,2,"[0.2662175663917845, 0.2750873195590138, -0.2021107849801774, -0.14740639768803876]"
2,3,spectral__on_pre_ratio,172,198,0.8337707427,0.790524657,-0.01048212485,0.4555144468,4,1,"[0.040753597655670916, -0.30668684220720777, 0.13254818736477794, 0.026707450433770725]"
3,2,birth__early_mass_fraction,271,222,0.7531142093,0.795476635,0.2117898123,0.5722715335,4,4,"[0.03185449003317985, 0.24491930438409001, 0.19358913424600935, 0.471823249339794]"
3,2,birth__frame_max,271,222,0.1665805317,0.1836809571,0.2038277888,0.5692962335,4,4,"[0.15572605626724742, 0.4208857351725365, 0.17634384476959533, 0.259678096561348]"
3,2,birth__frame_mean,271,222,0.05506662933,0.05560352239,0.09694678764,0.5201123633,4,3,"[0.21843913782137306, 0.3639533847333364, -0.07479011178177576, 0.06578778252377157]"
3,2,birth__frame_std,271,222,0.05349211862,0.0581728931,0.1710719702,0.5633290117,4,4,"[0.23672645616614496, 0.4079641010510706, 0.1364614731641352, 0.16929558821160254]"
3,2,birth__late_mass_fraction,271,222,0.06643400803,0.05769221743,-0.1001710248,0.4735048702,4,2,"[0.06478174767182782, -0.21359086879287686, 0.17497871150626132, -0.47112888312755696]"
3,2,birth__mid_mass_fraction,271,222,0.1117846874,0.09215366441,-0.2298525232,0.4441840364,4,4,"[-0.1690521078963268, -0.08757165136123611, -0.7756300273518697, -0.08651845988035568]"
3,2,birth__novel_mass,271,222,0.7089112629,0.8391967128,0.16504605,0.5682324391,4,4,"[0.1447011757798637, 0.37153067983302274, 0.14418076487009865, 0.20945893297163964]"
3,2,birth__novel_track_fraction,271,222,0.2448979592,0.2653061224,0.1019600022,0.5264951298,4,3,"[0.24020093199452963, 0.32909624841019736, -0.37419423048425676, 0.23359957717244975]"
3,2,birth__positive_flow,271,222,1.211465845,1.223277493,0.09694678764,0.5201123633,4,3,"[0.21843913782137309, 0.36395338473333694, -0.07479011178177562, 0.06578778252377164]"
3,2,birth__positive_fraction,271,222,0.4925870335,0.4743179295,-0.1334851346,0.4570493002,4,3,"[0.09249359607823583, -0.021617530486929756, -0.24791888610245197, -0.3826807571095373]"
3,2,birth__positive_track_concentration,271,222,0.1073342424,0.1159483019,-0.0005829058864,0.5160898906,4,3,"[-0.08831652332732956, -0.011122423611288132, 0.13061250935391353, -0.010035811924987068]"
3,2,coherence__pitch_centroid_drift,271,222,0.2686734812,0.2961180478,0.001546612516,0.5381968685,4,3,"[0.10679864074769937, 0.0807429573000986, -0.08478114055795233, 0.02693888760290385]"
3,2,coherence__pitch_centroid_late_pre,271,222,2.312058443,2.79785131,-0.00850591367,0.5029586782,4,2,"[0.020713285417820058, 0.059494099775497224, -0.03926120000643769, -0.07329104868587441]"
3,2,coherence__simultaneous_birth_death,271,222,1,1,-0.09141052774,0.4886473189,4,1,"[0.08145798076037036, -0.43773732198860993, 0.018438344193379735, 0.11411145577839996]"
3,2,coherence__source_occupancy_var,271,222,1.077759076,1.144963009,0.06157048195,0.5293956318,4,3,"[0.3713737076479017, 0.16132983865800304, 0.04837803395825084, -0.19917675401634244]"
3,2,coherence__temporal_cos_10,271,222,0.7971593911,0.7794182512,-0.1124710799,0.4628835478,4,2,"[-0.303082926940147, -0.3005842695032026, 0.01076480500385962, 0.0011190740093465128]"
3,2,coherence__temporal_cos_2,271,222,0.9763234122,0.9742177512,0.02779484675,0.4649945148,4,2,"[-0.16931741046431176, -0.049582274275714586, 0.0131638015485963, 0.14346445003805489]"
3,2,coherence__temporal_cos_5,271,222,0.8990736062,0.8919269753,-0.09091459579,0.4623516505,4,3,"[-0.2868632883285538, -0.2585250943083224, -0.04714662618900535, 0.05963374818213596]"
3,2,damping__early_mass_fraction,271,222,0.4465843983,0.5036212774,0.2459564286,0.568864067,4,3,"[0.2757034804883169, -0.05271968529175307, 0.6697883318331878, 0.20835092339349057]"
3,2,damping__frame_max,271,222,0.1002289887,0.1191916711,0.2159393193,0.5671520229,4,4,"[0.14847002868749193, 0.3576404757191458, 0.1529826281537303, 0.365814565493263]"
3,2,damping__frame_mean,271,222,0.04559853207,0.05164833492,0.1457484439,0.5558159636,4,4,"[0.10687800681685397, 0.29590113187863276, 0.1183505332257834, 0.22643366533945067]"
3,2,damping__frame_std,271,222,0.02740614143,0.03202339515,0.2189716214,0.5613676407,4,4,"[0.1868811366728212, 0.33283592271626533, 0.15312761000900377, 0.36640620426671244]"
3,2,damping__late_mass_fraction,271,222,0.1930428445,0.1721204993,-0.1554901129,0.4464279778,4,4,"[-0.17884667717692962, -0.11334660004068091, -0.0363409215992831, -0.2709103286236665]"
3,2,damping__lost_mass,271,222,0.1841725003,0.1857830721,0.09113530395,0.5218077856,4,3,"[0.1647253400921899, -0.06332433289537942, 0.15462311223539452, 0.048902944810681116]"
3,2,damping__mid_mass_fraction,271,222,0.2961684906,0.2658735421,-0.1457374214,0.4614208304,4,3,"[-0.2118930219050257, 0.16985178506640625, -0.6839582664368062, -0.0056034994583076345]"
3,2,damping__negative_flow,271,222,1.003167705,1.136263368,0.1457484439,0.5558159636,4,4,"[0.10687800681685389, 0.295901131878633, 0.11835053322578354, 0.22643366533945053]"
3,2,damping__sink_fraction,271,222,0.5074129664,0.5256820704,0.1334851346,0.5429506998,4,3,"[-0.09249359600148192, 0.021617530606363802, 0.2479188860850477, 0.38268075711566224]"
3,2,damping__sink_track_concentration,271,222,0.06279265854,0.06290680314,-0.09533390404,0.4802366943,4,3,"[-0.334174527086781, -0.04848158551218295, 0.27198755866669744, -0.24037715868330753]"
3,2,damping__vanishing_track_fraction,271,222,0.2244897959,0.2551020408,0.09059292499,0.5318805891,4,3,"[0.22908454348653084, 0.15869343031821487, -0.24806360601150546, 0.28494420045800817]"
3,2,persistence__mean_survival,271,222,0.4180374274,0.3934060497,-0.08432658632,0.464977893,4,3,"[0.05272020373718237, -0.04653265253241227, -0.03208718467109693, -0.25415512687889]"
3,2,persistence__new_source_retention,271,222,0.6203954146,0.6228348056,-0.05175408799,0.4888634021,4,2,"[0.001929844582012521, -0.18220522144941131, 0.38633349482152757, -0.4728117728681332]"
3,2,persistence__pre_post_retention,271,222,0.6388482706,0.5869594405,-0.118739423,0.4632824707,4,3,"[-0.39274461905530206, -0.22775055706823064, -0.11507123849580071, 0.24763316203792743]"
3,2,persistence__retention_10,271,222,0.6872114154,0.664679947,-0.1165752858,0.4560187494,4,3,"[-0.11544225670862159, -0.34286618850213957, 0.012010181933366027, -0.16759404786315255]"
3,2,persistence__retention_2,271,222,0.9039387208,0.8972386835,-0.1142482156,0.4610052857,4,4,"[-0.1708358532779101, -0.29215632868181635, -0.014014139916248222, -0.11514634169461099]"
3,2,persistence__retention_5,271,222,0.7953286271,0.7783566953,-0.1167268858,0.4575147103,4,3,"[-0.1483080861150442, -0.32260477304977797, 0.000977575305252779, -0.13791825306332886]"
3,2,persistence__stable_track_fraction,271,222,0.08163265306,0.08163265306,-0.05067203151,0.4912153851,4,2,"[-0.12099204172073498, -0.5295154770680505, 0.36590018381063666, 0.2431605701224743]"
3,2,source__continuation_l1,271,222,0.5756304988,0.6458113754,0.06234279098,0.5229048236,4,3,"[0.17484046237700018, 0.3764816091520015, -0.3563410077965323, 0.13644996092812184]"
3,2,source__effective_late_sources,271,222,6.010939391,5.608049582,-0.02619435752,0.4891958379,4,2,"[0.18487063137741244, -0.2052889162255983, 0.11992742335717613, -0.1243440832268258]"
3,2,source__effective_onset_sources,271,222,9.265665826,9.610596104,0.02815187655,0.5109371364,4,2,"[0.16544719560900994, -0.03166699707621088, -0.38140277901235675, 0.2636969634412836]"
3,2,source__novelty_l1,271,222,0.8312203723,0.8346517676,0.1065283984,0.5228715801,4,2,"[0.42476380533041963, 0.2768962927909779, -0.10872604624185311, -0.20851695500569617]"
3,2,source__onset_lost_energy_fraction,271,222,0.1291082564,0.1341375402,0.01991198787,0.5080283235,4,1,"[0.32529485945951003, -0.08473170782776109, -0.13495586957351582, -0.15121776284752736]"
3,2,source__post_lost_energy_fraction,271,222,0.3611517292,0.4130405593,0.1187394219,0.5367175293,4,3,"[0.3927446167571826, 0.22775055311084205, 0.11507123906834747, -0.2476331606281347]"
3,2,source__spectral_shift_cents,271,222,236.1171637,254.4297247,0.028766705,0.5056514079,4,2,"[0.05445397887174964, 0.08436480301511129, -0.032523383656682905, -0.012999840662690188]"
3,2,source__stable_presence_fraction,271,222,0.4826038937,0.4590079245,-0.134880624,0.4605232539,4,3,"[-0.4599979593194781, -0.4190162578152534, -0.005040724459661414, 0.32984655060128026]"
3,2,spectral__active_late,271,222,5.166666667,5.041666667,0.02625015441,0.4954290083,4,3,"[0.22064967751623485, -0.29914316533430607, 0.03787474472678789, 0.13163600633095812]"
3,2,spectral__active_on,271,222,5.7,5.7,-0.01909900282,0.4872344669,4,2,"[0.2140709811218158, -0.17412483412084104, 0.009004063310854047, -0.12007501198567529]"
3,2,spectral__active_pre,271,222,5.375,5.375,0.01959824008,0.5111116652,4,2,"[0.10985836293179073, -0.07760202655702408, 0.25583514641150734, -0.1830897838766059]"
3,2,spectral__dominant_late,271,222,0.2841814751,0.3074313825,0.06897734168,0.5296698913,4,2,"[-0.09505747801893888, 0.2655482189787865, -0.13008906544610654, 0.22283284467151834]"
3,2,spectral__dominant_on,271,222,0.2193463958,0.2227999284,0.0006338913079,0.5083108939,4,2,"[-0.23448445657622016, 0.18276245273970446, 0.15595475560104805, -0.08748854785372832]"
3,2,spectral__dominant_pre,271,222,0.2609281326,0.2635030359,0.03223246886,0.5105215917,4,2,"[-0.06729184970804104, 0.12405609459514562, -0.05390833141919612, 0.11780332348729189]"
3,2,spectral__entropy_late,271,222,0.5419603812,0.53353717,-0.009953053313,0.4903593631,4,2,"[0.15595656147989398, -0.2183866243307834, 0.1819903007056213, -0.08827962043759763]"
3,2,spectral__entropy_on,271,222,0.6503087794,0.6662364098,0.03734704929,0.5131478342,4,3,"[0.22642894098316385, 0.07631479598500752, -0.34825530557002693, 0.1970933724155509]"
3,2,spectral__entropy_pre,271,222,0.5946388732,0.5868630843,0.007567595125,0.4986203916,4,3,"[0.01658873977298639, -0.11048029458510908, 0.19680697664101235, 0.003295630268421305]"
3,2,spectral__late_pre_ratio,271,222,0.6500649799,0.7196973527,0.008458618706,0.50799508,4,2,"[0.13480676009712256, 0.3641601930177595, -0.23016575318502352, -0.28264055467669746]"
3,2,spectral__mass_late,271,222,1.011163172,1.010640172,0.02805640916,0.4763638177,4,2,"[0.08575238316695753, 0.18499273394122195, -0.014872099497690033, -0.23151675202040994]"
3,2,spectral__mass_on,271,222,1.143748004,1.210844649,0.166810569,0.5730361358,4,4,"[0.012014580467226092, 0.27326633155657126, 0.2655036767440239, 0.2566649954303036]"
3,2,spectral__mass_pre,271,222,0.5394536857,0.5302748529,-0.01046626575,0.4946311625,4,2,"[-0.019440730944350528, -0.3442634594885319, 0.15244238823543377, 0.1420087242892861]"
3,2,spectral__on_pre_ratio,271,222,0.8254995952,0.9663139364,0.0949841139,0.5348226455,4,2,"[0.13096225895705105, 0.46941342256014706, -0.10497948051210511, -0.08659055685485581]"
3,4,birth__early_mass_fraction,163,177,0.8795471042,0.8783582708,-0.03737485977,0.4910748328,4,1,"[0.6649989199010944, 0.015974558533037496, 0.13000694823987016, -0.20571155812855335]"
3,4,birth__frame_max,163,177,0.1985839228,0.2066683448,0.08533903246,0.5166198745,4,2,"[0.6170814162237006, -0.30405302738766277, 1.2095269010754626, -0.09169597461646205]"
3,4,birth__frame_mean,163,177,0.05754541812,0.05695127614,0.0112260925,0.4907282243,4,2,"[0.15005396950600333, -0.28581648189070946, 0.7237641215092807, -0.02376344739795802]"
3,4,birth__frame_std,163,177,0.06923892589,0.0693281436,0.06622829504,0.5071921251,4,2,"[0.5255865054999077, -0.2351422592604065, 0.8944478985324656, -0.12815799485683746]"
3,4,birth__late_mass_fraction,163,177,0.02812023334,0.03359139532,0.2579233939,0.5267408409,4,3,"[-0.35304642404834996, 0.34563683019638236, 0.48485790946958485, 0.24104610930102513]"
3,4,birth__mid_mass_fraction,163,177,0.08015879963,0.06987975471,-0.2120480305,0.452220027,4,3,"[-0.6085211938577183, -0.4415296636615336, -0.4738169002494462, 0.03605844842730607]"
3,4,birth__novel_mass,163,177,0.9320251037,1.0066031,0.1971595322,0.559079408,4,3,"[0.8059153809493389, -0.3032418886447164, 1.270138977370716, 0.12751161338210798]"
3,4,birth__novel_track_fraction,163,177,0.3673469388,0.3469387755,-0.07203507066,0.4726352639,4,3,"[-0.16448135917908854, -0.31145702847954865, 1.0935447719124114, -0.10331897013185061]"
3,4,birth__positive_flow,163,177,1.265999199,1.252928075,0.0112260925,0.4907282243,4,2,"[0.15005396950600342, -0.28581648189070963, 0.7237641215092802, -0.023763447397958635]"
3,4,birth__positive_fraction,163,177,0.5427174696,0.5230042732,-0.06926026079,0.4676441025,4,2,"[-0.46969592649918923, -0.05061616569208504, 0.1190561939765281, 0.04263224092935925]"
3,4,birth__positive_track_concentration,163,177,0.1106143014,0.1200913457,0.2009695928,0.5565145056,4,2,"[0.7060003016479937, -0.022080867918448033, -0.01960602682012464, 0.20971201689743427]"
3,4,coherence__pitch_centroid_drift,163,177,0.2955301692,0.2961134271,-0.02633663359,0.5148868323,4,2,"[0.15719367760366737, -0.1897119830326588, 0.4559169193586442, -0.06663423332475103]"
3,4,coherence__pitch_centroid_late_pre,163,177,3.637054572,4.213268653,-0.144782784,0.4962739593,4,3,"[0.00013971721821734708, -0.12459639173511475, -0.03851229316385174, -0.19155533923981516]"
3,4,coherence__simultaneous_birth_death,163,177,1,1,-0.06856739699,0.4957193858,4,3,"[-0.3960590171906631, -0.15726417507479115, 0.5669467095138426, -0.00990026223666657]"
3,4,coherence__source_occupancy_var,163,177,1.16472141,1.226132685,-0.04127974151,0.5142109459,4,3,"[-0.06148389733753995, 0.11739935443616414, -0.02978258416241004, -0.08839767918519655]"
3,4,coherence__temporal_cos_10,163,177,0.7905426988,0.7699901348,-0.04509189232,0.4821323351,4,3,"[-0.06146263232826845, -0.07818834344582874, -0.6003120721397898, 0.02916024539284204]"
3,4,coherence__temporal_cos_2,163,177,0.973686168,0.9721701102,0.08411094876,0.4785276074,4,3,"[0.007803722238410947, 0.12860732065511699, -0.11296418911042734, 0.11604357805363524]"
3,4,coherence__temporal_cos_5,163,177,0.8911172859,0.884082465,0.02295879126,0.4842813074,4,3,"[0.10704048543429039, 0.026084265021622498, -0.43426235053384576, 0.0608150420739066]"
3,4,damping__early_mass_fraction,163,177,0.538280841,0.5384937855,0.04511744293,0.5123565908,4,3,"[0.031829724978476734, 0.26448266204691573, -0.08807292803516033, 0.03186593106612628]"
3,4,damping__frame_max,163,177,0.1187829606,0.1144621245,0.01845060395,0.4851478285,4,2,"[0.3598292733636079, -0.21224205499691212, 0.5318199143888462, -0.09112787474800438]"
3,4,damping__frame_mean,163,177,0.05099992957,0.04954689474,0.09275234211,0.498110984,4,3,"[0.4288004796479683, -0.2915977001292601, 0.6120300742018995, 0.004190066567129987]"
3,4,damping__frame_std,163,177,0.03316910299,0.03235804589,0.0246766263,0.4883366261,4,2,"[0.4201751503760777, -0.20579268537913978, 0.41146602610519073, -0.07331341335288409]"
3,4,damping__late_mass_fraction,163,177,0.1480164893,0.1466340603,0.1604616461,0.5133270944,4,3,"[0.11926032310243198, -0.17219504367743516, 0.2629281833661362, 0.24907182635658404]"
3,4,damping__lost_mass,163,177,0.06590416739,0.06686412063,0.02192300672,0.5151641191,4,2,"[0.17963786568796916, 0.2234201630028291, -0.27214466230119994, -0.16207603143365873]"
3,4,damping__mid_mass_fraction,163,177,0.303176475,0.2868015127,-0.1854293411,0.4439707462,4,4,"[-0.12304980542422138, -0.2070832986482094, -0.04543871505234577, -0.26409082351322166]"
3,4,damping__negative_flow,163,177,1.12199845,1.090031684,0.09275234211,0.498110984,4,3,"[0.42880047964796797, -0.29159770012925995, 0.6120300742019006, 0.004190066567129162]"
3,4,damping__sink_fraction,163,177,0.4572825304,0.4769957267,0.06926026078,0.5323558975,4,2,"[0.4696959264694658, 0.0506161656326107, -0.11905619383067777, -0.04263224094799877]"
3,4,damping__sink_track_concentration,163,177,0.04904245828,0.05276831604,0.1731224834,0.5682991924,4,3,"[0.5523533275920253, 0.15909217585651178, -0.5820211459159598, 0.16444539130761932]"
3,4,damping__vanishing_track_fraction,163,177,0.306122449,0.2857142857,-0.1980114124,0.4433815119,4,3,"[-0.35248209430715194, -0.37504889645125256, 1.184665488414155, -0.2648842854845522]"
3,4,persistence__mean_survival,163,177,0.4091945173,0.4149824102,-0.009485415569,0.4932931268,4,1,"[-0.9148917453295181, 0.1447714184542348, 0.2674863487360012, 0.071386824379668]"
3,4,persistence__new_source_retention,163,177,0.602394626,0.6220778053,0.1530752822,0.5519392742,4,3,"[-0.21140886933355496, 0.25917869311152003, 0.01429077805800155, 0.2833904012922085]"
3,4,persistence__pre_post_retention,163,177,0.6965282376,0.6845816944,-0.1233410818,0.4640740356,4,3,"[-0.5171338709497477, -0.34115139575390585, -0.5872942934370146, 0.1276477170652806]"
3,4,persistence__retention_10,163,177,0.688711109,0.6818188787,-0.2003387885,0.4587362656,4,3,"[-0.5080919936487739, 0.10470951169247199, -0.7780980036221864, -0.13501263104560016]"
3,4,persistence__retention_2,163,177,0.9066131267,0.9057560734,-0.1412900366,0.4696197705,4,3,"[-0.2309878084771646, 0.09275457222913988, -0.60389462847022, -0.11468413874269037]"
3,4,persistence__retention_5,163,177,0.7989079224,0.7971880374,-0.1597533256,0.4689612145,4,3,"[-0.32978946635593565, 0.1048869905219781, -0.6761937621365763, -0.1146730767647714]"
3,4,persistence__stable_track_fraction,163,177,0.08163265306,0.0612244898,-0.1899001456,0.4434854944,4,3,"[-0.4603689324502388, -0.0767676986235469, 0.06369644591840841, -0.25383563643800916]"
3,4,source__continuation_l1,163,177,0.655474136,0.6317999865,-0.1590552424,0.4545423036,4,3,"[-0.0012590533655578763, -0.40365755477068477, 0.36594284014273254, -0.20354249065346]"
3,4,source__effective_late_sources,163,177,5.27653012,5.163268184,-0.1749559328,0.4574191536,4,3,"[-0.5842753054315909, 0.11601518881759454, -0.2722736999413565, -0.15924243944775207]"
3,4,source__effective_onset_sources,163,177,11.74215828,10.69703079,-0.2690835226,0.4257391425,4,3,"[-0.6966409963551659, -0.08237044805934797, 0.6483214251828131, -0.32003303431324626]"
3,4,source__novelty_l1,163,177,0.8806782086,0.8859243095,-0.001158215696,0.5116980347,4,1,"[0.16020710354961645, 0.059550770599878504, 0.13376791559697485, -0.06691848820938788]"
3,4,source__onset_lost_energy_fraction,163,177,0.04755121235,0.05059780263,0.02925190982,0.5111088004,4,2,"[0.1111214123392993, 0.35492525723691243, -0.38992340499264927, -0.03275018613574819]"
3,4,source__post_lost_energy_fraction,163,177,0.3034717622,0.315418305,0.1233410925,0.5359259644,4,3,"[0.5171338728546078, 0.34115140070271316, 0.5872944406365743, -0.1276477137976376]"
3,4,source__spectral_shift_cents,163,177,305.9819184,290.7410879,-0.10522036,0.4821323351,4,3,"[-0.132285838001513, -0.20607946374337718, 0.5767633349486555, -0.14506515151351435]"
3,4,source__stable_presence_fraction,163,177,0.5080485263,0.4724367564,-0.1004237124,0.4654951302,4,3,"[-0.43360243112307045, -0.1934413786608474, -0.5588037651164962, 0.0598413073884402]"
3,4,spectral__active_late,163,177,5,4.916666667,-0.2218065195,0.4411805483,4,3,"[-0.6738938258493005, -0.18420394188918782, 0.09646735443635075, -0.10780829300857489]"
3,4,spectral__active_on,163,177,6.1,5.7,-0.188704668,0.430938269,4,3,"[-0.8962420448940824, 0.4487457393026715, -0.01113945186756525, -0.2449512586941987]"
3,4,spectral__active_pre,163,177,4.875,4.875,-0.06360717897,0.4684239714,4,2,"[-0.6063035634452095, 0.29331937841558053, 0.4221432952012095, -0.12253980347240832]"
3,4,spectral__dominant_late,163,177,0.304859346,0.3107826811,0.1812470895,0.5493050501,4,3,"[0.5737497236190534, -0.0770700272993889, 0.16084899443830553, 0.18799294867724314]"
3,4,spectral__dominant_on,163,177,0.1853388417,0.1960803102,0.2198401476,0.5633080309,4,2,"[0.5939279644282519, -0.1101261409416303, -0.8304416115736534, 0.3806624171632195]"
3,4,spectral__dominant_pre,163,177,0.2971980679,0.3218182579,0.1908899361,0.5590100863,4,2,"[0.5887235347122467, -0.026823882069998816, -0.14701015585438718, 0.2576876968773899]"
3,4,spectral__entropy_late,163,177,0.5104651929,0.4990134308,-0.142975242,0.4610238813,4,3,"[-0.7068661238318564, 0.19434038283483515, -0.033671849972645905, -0.12918580861441514]"
3,4,spectral__entropy_on,163,177,0.716278611,0.692361416,-0.2256019983,0.4290665835,4,3,"[-0.6152872938057834, -0.13513958917246732, 0.6700824036869133, -0.30172472469153394]"
3,4,spectral__entropy_pre,163,177,0.5325577947,0.5110974115,0.09273774624,0.480815223,4,3,"[-0.3037679612496251, 0.29672550464780845, 0.3707405662573468, 0.04937317600226822]"
3,4,spectral__late_pre_ratio,163,177,1.241307357,1.371303787,-0.07154822108,0.5203632456,4,4,"[-0.010171922153671843, -0.18411686375791658, -0.007668863594987944, -0.046663756974244484]"
3,4,spectral__mass_late,163,177,1.033987646,1.032736322,-0.02613553817,0.4786315899,4,1,"[-0.5137881941186209, 0.04000788463403066, 0.331619229706754, 0.11933272073207438]"
3,4,spectral__mass_on,163,177,1.226284515,1.227058625,0.1284059858,0.5215070535,4,2,"[0.6216996484884274, -0.2203307285984362, 0.5327008055955125, -0.03255650339377287]"
3,4,spectral__mass_pre,163,177,0.3019320905,0.2630944807,-0.09310941405,0.4782849815,4,3,"[-0.13352814270056884, 0.18934096099489536, -0.5722523035286663, -0.19431386885136331]"
3,4,spectral__on_pre_ratio,163,177,1.388074008,1.597802628,-0.05420556438,0.5303109078,4,2,"[0.26168948936290326, -0.24935188668410552, 0.0436067651617663, -0.06353642328583205]"
4,2,birth__early_mass_fraction,57,33,0.8141348932,0.8416294982,0.3819175236,0.5789473684,3,1,"[-0.13601757413918364, -0.05975075706837926, 0.9816935631161259]"
4,2,birth__frame_max,57,33,0.1702183106,0.2084806814,0.1810559746,0.6751727804,3,3,"[0.5959736967575384, 0.4279015116105777, 0.503292558805996]"
4,2,birth__frame_mean,57,33,0.06547128361,0.05259678934,0.08075306379,0.5162147794,3,2,"[0.2810215670071806, 1.0511751346082605, -0.6082526796366489]"
4,2,birth__frame_std,57,33,0.05789378534,0.06711593187,0.2336571182,0.6321105795,3,3,"[0.37621670875144014, 0.7217681724075732, 0.22211028363979202]"
4,2,birth__late_mass_fraction,57,33,0.03555256354,0.04283780738,0.06142286079,0.5406698565,3,2,"[0.26708819736745587, 0.2308001070588432, -0.05850376643378729]"
4,2,birth__mid_mass_fraction,57,33,0.1396920959,0.1051424978,-0.5083517599,0.3849016481,3,3,"[-0.04022165281002536, -0.09564933515632235, -1.0772418008562554]"
4,2,birth__novel_mass,57,33,0.7649478689,0.9317363596,0.1481061029,0.6310473153,3,3,"[0.4593822563862129, 0.3662645123453408, 0.6922315760892792]"
4,2,birth__novel_track_fraction,57,33,0.3265306122,0.2653061224,-0.07206765501,0.485380117,3,1,"[0.26521575515592316, 0.7939109895323182, -0.636894389866835]"
4,2,birth__positive_flow,57,33,1.440368239,1.157129365,0.08075306379,0.5162147794,3,2,"[0.28102156700718045, 1.051175134608261, -0.6082526796366478]"
4,2,birth__positive_fraction,57,33,0.5768973234,0.5339697913,-0.1073010031,0.4593301435,3,2,"[-0.10179548192422765, 0.4889124037845431, -0.8240820024632529]"
4,2,birth__positive_track_concentration,57,33,0.1123871191,0.1504299771,0.1164184087,0.5491759702,3,1,"[-0.0646383324144224, -0.5966768746579935, 0.8821338018420959]"
4,2,coherence__pitch_centroid_drift,57,33,0.3569892433,0.2888310947,0.1194677276,0.4891015417,3,1,"[0.8462032544056858, -0.1253725453625617, -0.27708792752585315]"
4,2,coherence__pitch_centroid_late_pre,57,33,6.858043556,4.575233144,-0.2187062935,0.408825093,3,2,"[0.24393609729753002, -0.3830884065409573, -0.9084813633095568]"
4,2,coherence__simultaneous_birth_death,57,33,1,1,-0.3192347538,0.4696969697,3,2,"[-0.5345224838248436, -0.5773502691896276, 0.0]"
4,2,coherence__source_occupancy_var,57,33,1.266165314,1.353797045,0.4237539901,0.6140350877,3,3,"[0.8688234750568468, 0.3387341054048845, 0.23950411144626452]"
4,2,coherence__temporal_cos_10,57,33,0.7549569896,0.7853328836,0.09520782831,0.5497076023,3,1,"[-0.32128625510602304, -0.46040624363398264, 0.6175229894281249]"
4,2,coherence__temporal_cos_2,57,33,0.9725756233,0.9711235355,-0.2240519765,0.4630515683,3,2,"[-0.9098103283376039, -0.09978634721257904, 0.32849615020018524]"
4,2,coherence__temporal_cos_5,57,33,0.8795515455,0.8834909411,-0.1537644764,0.4976076555,3,2,"[-0.6911555122922534, -0.7190524499492967, 0.5135230142144095]"
4,2,damping__early_mass_fraction,57,33,0.463005357,0.4891430483,0.03514178946,0.5029239766,3,1,"[-0.5255635071733705, -0.8824500913906156, 0.8175504762424965]"
4,2,damping__frame_max,57,33,0.1025814412,0.1157982428,0.03025991308,0.5821371611,3,3,"[0.47409450451695156, 0.3119448421046852, 0.06930085140462106]"
4,2,damping__frame_mean,57,33,0.04038323806,0.04500673964,0.04657978916,0.5954279638,3,2,"[0.6412627646012162, 0.4642221060706545, -0.07042481655240605]"
4,2,damping__frame_std,57,33,0.02955692001,0.03382401747,0.005996164439,0.5667198299,3,3,"[0.27140882129878074, 0.23018742529316186, 0.00938626410216531]"
4,2,damping__late_mass_fraction,57,33,0.1551745427,0.1774993619,0.2595816169,0.586390218,3,3,"[0.8049425066884293, 0.3602582852631191, 0.0804071756742854]"
4,2,damping__lost_mass,57,33,0.1100614695,0.1126518504,-0.3396105285,0.4348750665,3,3,"[-0.32205754145191823, -0.9344848956941859, -0.007623311868166756]"
4,2,damping__mid_mass_fraction,57,33,0.3309638646,0.2786645296,-0.1582243265,0.4561403509,3,1,"[0.2525431153426208, 0.833054650642761, -1.0097689394604836]"
4,2,damping__negative_flow,57,33,0.8884312372,0.990148272,0.04657978916,0.5954279638,3,2,"[0.6412627646012163, 0.46422210607065495, -0.07042481655240576]"
4,2,damping__sink_fraction,57,33,0.4231026766,0.4660302087,0.1073010031,0.5406698565,3,2,"[0.10179548200393464, -0.4889124035600263, 0.8240820024571897]"
4,2,damping__sink_track_concentration,57,33,0.05180547732,0.06243075838,0.6429317523,0.6815523658,3,3,"[0.8707745541200896, 0.12709560944190718, 1.2719492576006437]"
4,2,damping__vanishing_track_fraction,57,33,0.3469387755,0.2244897959,-0.5089646219,0.3670919724,3,2,"[-0.6930757555281486, 0.6805349083834049, -1.1723505745372875]"
4,2,persistence__mean_survival,57,33,0.3690653543,0.3328084146,-0.1474492877,0.4433811802,3,2,"[-0.22058117641810954, 0.5121605995113835, -0.6041178904354816]"
4,2,persistence__new_source_retention,57,33,0.664318413,0.6730426438,0.1063696501,0.5305688464,3,1,"[-0.30282675828881217, -0.8183782508013902, 0.7643138856170966]"
4,2,persistence__pre_post_retention,57,33,0.5334505476,0.5492613324,0.09342148377,0.5273790537,3,1,"[-0.0686315908558419, 0.18926856914103754, -0.16062521510342267]"
4,2,persistence__retention_10,57,33,0.7015287751,0.6972904657,0.0112554928,0.4843168527,3,1,"[-0.3141780235059064, -0.6310402705826599, 0.31286969593356817]"
4,2,persistence__retention_2,57,33,0.9095957122,0.905981213,-0.05342725822,0.456671983,3,2,"[-0.4039859399491031, -0.6893604720913311, 0.2613987035044309]"
4,2,persistence__retention_5,57,33,0.8052107816,0.8000997946,-0.03824304639,0.4609250399,3,2,"[-0.3553865525806194, -0.6899458647088418, 0.2610202097854943]"
4,2,persistence__stable_track_fraction,57,33,0.0612244898,0.08163265306,0.1035843727,0.5435938331,3,1,"[-0.06885303726591002, -0.6162360225133208, 0.4386743711639848]"
4,2,source__continuation_l1,57,33,0.7172463141,0.6598799218,-0.2425176102,0.4343434343,3,2,"[-0.09111863023290345, 0.5952589018965633, -0.8708296191843731]"
4,2,source__effective_late_sources,57,33,5.211224938,4.290888731,-0.217020465,0.4290271132,3,2,"[0.24657053848827426, -0.22315525479461476, -0.7195550021749126]"
4,2,source__effective_onset_sources,57,33,11.14202724,9.045177491,-0.3250642976,0.4098883573,3,2,"[-0.16536760335711784, 0.5613462241766191, -1.0066136396045702]"
4,2,source__novelty_l1,57,33,1.012668918,0.9827581845,-0.01197702609,0.4593301435,3,2,"[-0.0648101228422737, 0.6965356365942295, -0.17625707309611777]"
4,2,source__onset_lost_energy_fraction,57,33,0.1029924278,0.09954327153,-0.3554861988,0.4513556619,3,2,"[-0.5907781015833435, -0.8510196332348777, 0.04102125675407251]"
4,2,source__post_lost_energy_fraction,57,33,0.466549452,0.4507386672,-0.09342149855,0.4726209463,3,1,"[0.0686315334097595, -0.18926858974781896, 0.16062521647350958]"
4,2,source__spectral_shift_cents,57,33,455.0959531,292.5869901,-0.326321026,0.404040404,3,2,"[-0.20645082350672134, 0.49927043260251536, -1.0122630889089947]"
4,2,source__stable_presence_fraction,57,33,0.3393509992,0.3572674795,0.1033979047,0.5523657629,3,1,"[-0.06895279868026337, -0.05632346567439115, 0.14831358602669276]"
4,2,spectral__active_late,57,33,5,4.416666667,-0.3898922757,0.3920786816,3,2,"[0.12502708899116105, -0.25142954065996204, -0.7813968309343113]"
4,2,spectral__active_on,57,33,5.7,5.4,-0.1545065386,0.4393939394,3,2,"[-0.056901528575212086, 0.39946674998023934, -0.6415758724905926]"
4,2,spectral__active_pre,57,33,5.625,5.625,-0.1591714069,0.4667729931,3,2,"[-0.4974051671833458, -0.24197409209507356, 0.10607565664609098]"
4,2,spectral__dominant_late,57,33,0.3091719296,0.3442809188,0.1114329961,0.5465178097,3,2,"[-0.10677673243202399, 0.03788016145507299, 0.6319970752911184]"
4,2,spectral__dominant_on,57,33,0.207130483,0.2104015244,0.1821239536,0.5518341308,3,2,"[0.26959330324142755, -0.6504985847672089, 1.019300821862387]"
4,2,spectral__dominant_pre,57,33,0.2567899927,0.2419534505,0.1878858593,0.5273790537,3,2,"[0.40052954416011344, 0.7578236956043206, -0.12607057240526423]"
4,2,spectral__entropy_late,57,33,0.5073391171,0.4610304175,-0.193262296,0.4237107921,3,1,"[0.10409209204014766, 0.09448055536268385, -0.7156223573564132]"
4,2,spectral__entropy_on,57,33,0.6975525022,0.6450309705,-0.3384977078,0.3981924508,3,2,"[-0.2952416729292167, 0.6028850405363448, -1.0305064763769762]"
4,2,spectral__entropy_pre,57,33,0.5661716552,0.5681625906,-0.2735765509,0.4646464646,3,2,"[-0.7391701815347202, -0.6263090476301141, 0.32267148791087263]"
4,2,spectral__late_pre_ratio,57,33,1.2819408,1.323688192,0.3066113785,0.5566188198,3,2,"[0.5914338656386977, 0.6696129442152221, -0.36843892336282075]"
4,2,spectral__mass_late,57,33,1.023559595,1.025862845,0.01912416492,0.5422647528,3,1,"[-0.38684101722059583, 0.7869231703037152, -0.1721985822872497]"
4,2,spectral__mass_on,57,33,1.096426499,1.15608228,0.1088030871,0.6267942584,3,3,"[0.31610700117448615, 0.24368683130557325, 1.1183967560525931]"
4,2,spectral__mass_pre,57,33,0.2855848881,0.2776875545,-0.2499539633,0.4465709729,3,2,"[-0.4088213609436725, -0.6004921769365745, 0.028358389393790394]"
4,2,spectral__on_pre_ratio,57,33,1.335491932,1.528817545,0.4028533122,0.5757575758,3,2,"[0.7636075544579908, 0.8112376939877474, -0.15856582338516173]"
4,3,birth__early_mass_fraction,136,125,0.8426512745,0.8437553921,0.06372959754,0.5047058824,4,2,"[-0.14588073363284657, 0.3794732292221325, -0.2352238547413922, 0.5152819598780193]"
4,3,birth__frame_max,136,125,0.2000108696,0.2003076049,-0.08395232127,0.4813529412,4,2,"[-0.21627320410349896, 0.22526717833526902, -0.6504778282189324, 0.5318992326829449]"
4,3,birth__frame_mean,136,125,0.05829463244,0.06046543261,-0.04976108593,0.5047647059,4,2,"[-0.047623293470496576, 0.1275351387261539, -0.660206357846063, 0.7170555355169431]"
4,3,birth__frame_std,136,125,0.0684675747,0.06792174934,-0.02424560816,0.5118823529,4,2,"[-0.11303451169310796, 0.33589265643190486, -0.7815880740597184, 0.7999542546016114]"
4,3,birth__late_mass_fraction,136,125,0.06166091147,0.05556451257,-0.08165364372,0.4847647059,4,2,"[0.12529964897027443, -0.26228859464402937, 0.038096590979838224, -0.4358319152280451]"
4,3,birth__mid_mass_fraction,136,125,0.08038832433,0.08374173789,0.003875423525,0.5021176471,4,2,"[0.09603293946886306, -0.2660739402774519, 0.3665229249114876, -0.43370722386751737]"
4,3,birth__novel_mass,136,125,1.023395083,1.016935596,-0.02517981821,0.508,4,2,"[-0.23199309073872892, 0.38742757117999327, -0.5004382066842167, 0.44576928985866504]"
4,3,birth__novel_track_fraction,136,125,0.3265306122,0.3469387755,0.2459785062,0.5659705882,4,3,"[0.13743195817106524, 0.6946408847768865, -0.559969766103815, 0.5209093789715123]"
4,3,birth__positive_flow,136,125,1.282481914,1.330239517,-0.04976108593,0.5047647059,4,2,"[-0.04762329347049609, 0.1275351387261536, -0.6602063578460624, 0.7170555355169435]"
4,3,birth__positive_fraction,136,125,0.5034220403,0.5351746545,0.1830417242,0.5584117647,4,3,"[0.25902234927699397, 0.19478926100975152, -0.12498477496957489, 0.5102346185775197]"
4,3,birth__positive_track_concentration,136,125,0.1136744506,0.1100550671,-0.1416790301,0.4724117647,4,3,"[-0.16755033134882494, 0.008359924063753231, -0.011982265338354224, -0.7088052417534072]"
4,3,coherence__pitch_centroid_drift,136,125,0.3468098912,0.4351657485,0.3580314044,0.5903529412,4,3,"[0.29172403640926436, 0.5539508868944552, 0.3371895227618594, -0.1495805642254701]"
4,3,coherence__pitch_centroid_late_pre,136,125,4.135380875,5.517295065,0.2326058316,0.5709411765,4,4,"[0.16375731783028452, 0.44124139543614027, 0.05893773475375625, 0.37644384743184617]"
4,3,coherence__simultaneous_birth_death,136,125,1,1,0.2685020897,0.5217058824,4,4,"[0.2657747460482559, 0.08826622009926548, 0.3939192985791702, 0.4999999999999921]"
4,3,coherence__source_occupancy_var,136,125,1.150889426,1.261005969,0.3033198901,0.5785,4,4,"[0.31096322795181924, 0.21019749105110794, 0.35531949927995954, 0.33940345174160413]"
4,3,coherence__temporal_cos_10,136,125,0.7421408615,0.7175613187,-0.2124223809,0.4327647059,4,3,"[-0.06828555904905478, -0.6445000464656204, 0.36686735411785776, -0.7657389872595411]"
4,3,coherence__temporal_cos_2,136,125,0.9680887148,0.9617942073,-0.3048816113,0.4117647059,4,4,"[-0.2848831540263935, -0.4118823541707271, -0.25226285858834535, -0.12988348606525488]"
4,3,coherence__temporal_cos_5,136,125,0.8634778961,0.8513848393,-0.3088922489,0.4137647059,4,3,"[-0.1902720952333067, -0.6472671752897013, 0.03672256321124255, -0.46429571664514135]"
4,3,damping__early_mass_fraction,136,125,0.5037295875,0.4982603743,0.09242641777,0.5182941176,4,2,"[-0.041556725465790235, 0.1433229530137592, 0.49956672555048115, -0.33579346657907044]"
4,3,damping__frame_max,136,125,0.1156376781,0.116339365,-0.09488244967,0.4904117647,4,3,"[-0.20172275474021598, 0.21664188982128824, -0.5374081220625233, -0.16691183123981054]"
4,3,damping__frame_mean,136,125,0.05106336048,0.04717575606,-0.1506246936,0.4792352941,4,3,"[-0.2248889214706013, -0.058906733823941126, -0.36489659387410744, 0.1666083054882136]"
4,3,damping__frame_std,136,125,0.03195564736,0.03204078951,-0.03840103712,0.5088823529,4,3,"[-0.18621395617753142, 0.402284744932018, -0.4921969706013809, -0.3103022112825798]"
4,3,damping__late_mass_fraction,136,125,0.1786817479,0.1924806301,-0.05845793795,0.4907647059,4,1,"[0.17229019068821136, -0.45894221592011436, 0.004827028498351709, 0.1565974444392191]"
4,3,damping__lost_mass,136,125,0.1046514899,0.07107415078,-0.3214996649,0.3802352941,4,4,"[-0.3870760789931704, -0.3780258031273175, -0.05723236912441819, -0.550412952278347]"
4,3,damping__mid_mass_fraction,136,125,0.2731988573,0.2850826647,-0.0604619861,0.4934117647,4,2,"[-0.11764045548227191, 0.31113094427707294, -0.7261087798088073, 0.3493015015717379]"
4,3,damping__negative_flow,136,125,1.123393931,1.037866633,-0.1506246936,0.4792352941,4,3,"[-0.22488892147060088, -0.05890673382394009, -0.36489659387410733, 0.16660830548821381]"
4,3,damping__sink_fraction,136,125,0.4965779596,0.4648253455,-0.1830417242,0.4415882353,4,3,"[-0.2590223492726583, -0.1947892609403839, 0.1249847748648599, -0.5102346184755421]"
4,3,damping__sink_track_concentration,136,125,0.05890687133,0.05721197709,-0.1654493648,0.4547058824,4,3,"[-0.04096594020172218, -0.419880032923317, 0.06624379364713183, -0.2935547564216175]"
4,3,damping__vanishing_track_fraction,136,125,0.2653061224,0.2857142857,0.03435652454,0.5249411765,4,2,"[-0.16354898457640352, 0.4739904211484461, -0.3061367990172634, 0.10664679630366916]"
4,3,persistence__mean_survival,136,125,0.4287355948,0.4316634899,0.03241984559,0.5012352941,4,3,"[0.11369898269890776, -0.225428160718691, 0.15628625072830576, 0.33708323659334877]"
4,3,persistence__new_source_retention,136,125,0.654693967,0.6585237445,0.1103820738,0.5194705882,4,2,"[0.20151356339582727, -0.06690187208665259, 0.4424001535250051, -0.13652826731061535]"
4,3,persistence__pre_post_retention,136,125,0.5851243142,0.5981265117,0.088473887,0.5306470588,4,3,"[0.34644518547061137, -0.4159717795563145, 0.23925691114225986, 0.47947492660116714]"
4,3,persistence__retention_10,136,125,0.6830483871,0.6884161707,0.1135362265,0.5246470588,4,2,"[0.24325098052450592, -0.07204036374529602, 0.33605086178155735, -0.2027929960038294]"
4,3,persistence__retention_2,136,125,0.9051167026,0.9049660469,0.1284367231,0.5193529412,4,3,"[0.1605632592137817, 0.08232406144542874, 0.32012616040963465, -0.16436748182919178]"
4,3,persistence__retention_5,136,125,0.7946928103,0.7939252372,0.1222825632,0.5213529412,4,3,"[0.1985968900555212, 0.017149749931874403, 0.31828121942551313, -0.1544256606140726]"
4,3,persistence__stable_track_fraction,136,125,0.08163265306,0.08163265306,-0.01523427398,0.4845,4,2,"[0.24533625811160156, -0.46922173688909896, 0.29207543010674125, -0.55429102464541]"
4,3,source__continuation_l1,136,125,0.6425974362,0.6027517882,0.04590906488,0.5095294118,4,2,"[-0.11594522735983154, 0.6396722944652581, -0.6367106907701895, 0.27909875764661024]"
4,3,source__effective_late_sources,136,125,5.886128693,5.977283372,0.06622868188,0.5389411765,4,3,"[0.23939375863809503, -0.35032374967575053, 0.2284096112872534, 0.3425812473119555]"
4,3,source__effective_onset_sources,136,125,9.941291791,10.94589618,0.1350078411,0.554,4,3,"[0.07966169010820455, 0.22056086400987437, -0.08140312047474366, 0.4657934640195019]"
4,3,source__novelty_l1,136,125,0.8780600013,0.9280722252,0.06681686631,0.5321176471,4,2,"[-0.09142121942646954, 0.527582498483526, -0.461496802614632, 0.3533256169554435]"
4,3,source__onset_lost_energy_fraction,136,125,0.09703069718,0.05555364363,-0.4542384041,0.3624117647,4,3,"[-0.7115165219491165, -0.49868040520100765, 0.2723687169051289, -0.9668851825177008]"
4,3,source__post_lost_energy_fraction,136,125,0.4148756844,0.4018734879,-0.08847388344,0.4693529412,4,3,"[-0.3464451735246967, 0.41597177716782713, -0.23925690979311673, -0.47947493383814177]"
4,3,source__spectral_shift_cents,136,125,334.217981,367.5831567,0.0541688854,0.5142352941,4,2,"[-0.04869689490588716, 0.4135702192958385, -0.4415130337079822, 0.2253645829095461]"
4,3,source__stable_presence_fraction,136,125,0.4203168632,0.3855205082,-0.1602185811,0.4491764706,4,2,"[0.09060894597212983, -0.893950884516621, 0.6499610151261627, -0.32770298159286687]"
4,3,spectral__active_late,136,125,5,5.166666667,0.1094092256,0.5338235294,4,3,"[0.2572905803011556, -0.23102395947773996, 0.3109208672741011, 0.057455094355702584]"
4,3,spectral__active_on,136,125,5.55,5.9,0.2787342844,0.5760294118,4,4,"[0.4894047624331314, 0.07432194306885669, 0.1781924364071699, 0.29502348879322343]"
4,3,spectral__active_pre,136,125,5.25,5.125,0.0563784634,0.5077647059,4,3,"[0.13487747778553155, 0.06937784299511855, 0.3098741629675339, -1.0734882353386572]"
4,3,spectral__dominant_late,136,125,0.2998702137,0.2834662358,-0.160382424,0.461,4,3,"[-0.19562650771405213, 0.32569941519926926, -0.6248899866206814, -0.5485222007975027]"
4,3,spectral__dominant_on,136,125,0.2075287671,0.1882239062,-0.1576538992,0.4446470588,4,3,"[-0.14623019727083256, -0.15711078381961643, 0.13787440465967477, -0.8057765327421357]"
4,3,spectral__dominant_pre,136,125,0.2839553904,0.2766248964,-0.1469823088,0.4621764706,4,3,"[-0.19404090233994425, 0.0779868785967338, -0.4833911718534909, -0.0189965238684791]"
4,3,spectral__entropy_late,136,125,0.5356970073,0.5310813211,0.04744670876,0.5145294118,4,3,"[0.23428489669786515, -0.5113025916997589, 0.22643587914903457, 0.5409788434245997]"
4,3,spectral__entropy_on,136,125,0.6858818969,0.7130281148,0.157986771,0.5551764706,4,3,"[0.09225042587807591, 0.31511969797456935, -0.16408000958840582, 0.6357532194211336]"
4,3,spectral__entropy_pre,136,125,0.5769147237,0.5638525359,-0.04561988778,0.4769411765,4,3,"[-0.07137258394050001, -0.11038870443513162, 0.4014475149863142, -0.5547298479532008]"
4,3,spectral__late_pre_ratio,136,125,1.294043764,1.712500961,0.3212203062,0.6121764706,4,3,"[0.18898115447807154, 0.7255774574989189, -0.2912238380372812, 0.7698441323819772]"
4,3,spectral__mass_late,136,125,1.022624508,1.029475575,0.1618615319,0.5557058824,4,3,"[0.1555593717763423, 0.23346051491127284, -0.02389027842015012, 0.5152440240805328]"
4,3,spectral__mass_on,136,125,1.240173895,1.199164526,-0.1740780766,0.4508823529,4,3,"[-0.2851502056083449, -0.027242362988682007, -0.3752085230776583, 0.08689152925102671]"
4,3,spectral__mass_pre,136,125,0.2825852343,0.1854851064,-0.3243291311,0.3864705882,4,3,"[-0.1783898568754576, -0.6835500213053648, 0.1521707702021874, -0.5625040965052891]"
4,3,spectral__on_pre_ratio,136,125,1.581735878,1.917444919,0.3054551075,0.6093529412,4,3,"[0.1328404312165333, 0.8804834524423625, -0.5111476370960482, 0.9027577548074748]"
4,5,birth__early_mass_fraction,24,31,0.8761240402,0.8881175233,0.01831331004,0.5080645161,2,1,"[-0.07787494918571689, 0.18063913092193043]"
4,5,birth__frame_max,24,31,0.2357919513,0.1990524668,-0.8998008862,0.2620967742,2,2,"[-1.143156104256572, -1.8255414402221757]"
4,5,birth__frame_mean,24,31,0.07050064931,0.05501811318,-0.6526335945,0.2997311828,2,2,"[-0.4998270946854368, -1.841367988853473]"
4,5,birth__frame_std,24,31,0.08359172614,0.06610301437,-0.9156567237,0.2446236559,2,2,"[-0.8272941225954298, -2.148668340776831]"
4,5,birth__late_mass_fraction,24,31,0.04094967425,0.03850337303,0.07728385786,0.5241935484,2,1,"[0.5921081620067841, -0.41419856629842194]"
4,5,birth__mid_mass_fraction,24,31,0.08150708006,0.06775539076,-0.06997687552,0.4811827957,2,1,"[-0.1690576712903532, 0.06919826735905324]"
4,5,birth__novel_mass,24,31,0.9881722239,0.9017794645,-0.894463595,0.2889784946,2,2,"[-1.3269930286473168, -1.4722576451022493]"
4,5,birth__novel_track_fraction,24,31,0.4591836735,0.3673469388,-0.8212738067,0.2849462366,2,2,"[-1.3569457693657512, -0.870612171223913]"
4,5,birth__positive_flow,24,31,1.551014285,1.21039849,-0.6526335945,0.2997311828,2,2,"[-0.49982709468543846, -1.841367988853475]"
4,5,birth__positive_fraction,24,31,0.5123027216,0.5129568528,-0.0624448467,0.4610215054,2,1,"[0.23709081721753572, -0.4296264920292097]"
4,5,birth__positive_track_concentration,24,31,0.08347531554,0.0930324655,0.340936358,0.5779569892,2,2,"[0.20013907752283236, 0.4856897053815749]"
4,5,coherence__pitch_centroid_drift,24,31,0.2338346736,0.2131545312,0.2196416881,0.498655914,2,1,"[-0.2096667789255237, 0.49422867555066785]"
4,5,coherence__pitch_centroid_late_pre,24,31,1.589037039,1.448187106,0.224253743,0.5201612903,2,1,"[-1.5941269919482222, 1.6965177123782755]"
4,5,coherence__simultaneous_birth_death,24,31,1,1,0,0.5,2,2,"[0.0, 0.0]"
4,5,coherence__source_occupancy_var,24,31,0.9228711312,0.9236745115,-0.0649338149,0.4576612903,2,1,"[0.07064865489891961, -0.39947056060264763]"
4,5,coherence__temporal_cos_10,24,31,0.8387436872,0.8258889303,0.1052531443,0.5389784946,2,2,"[0.3256802031184556, 0.8520856395871934]"
4,5,coherence__temporal_cos_2,24,31,0.9809080174,0.9818885192,-0.1835284579,0.563172043,2,0,"[0.48756454355678247, 0.6987974561276219]"
4,5,coherence__temporal_cos_5,24,31,0.9179757098,0.9188554153,-0.00200961231,0.5537634409,2,0,"[0.43850438425214144, 0.7580947996379299]"
4,5,damping__early_mass_fraction,24,31,0.4765357312,0.4845117151,0.4567194246,0.6034946237,2,1,"[-0.6392655908501352, 2.162903152062383]"
4,5,damping__frame_max,24,31,0.1384094098,0.1187329738,-0.6680615435,0.2997311828,2,2,"[-1.3458159168227883, -0.3721900628202842]"
4,5,damping__frame_mean,24,31,0.06339160564,0.0528261926,-0.6383495059,0.3158602151,2,2,"[-0.6093257893192251, -0.8479839524434192]"
4,5,damping__frame_std,24,31,0.03582641499,0.03035587129,-0.6303286654,0.3185483871,2,2,"[-1.5693094112173132, -0.15009959470373818]"
4,5,damping__late_mass_fraction,24,31,0.1726209719,0.185860862,-0.01452113405,0.5134408602,2,1,"[1.2704004046180173, -1.0561871886616234]"
4,5,damping__lost_mass,24,31,0.06640572281,0.09528253176,0.2663193296,0.6357526882,2,2,"[0.3340440305489653, 0.07457073076684799]"
4,5,damping__mid_mass_fraction,24,31,0.3711712745,0.3194883087,-0.5892973396,0.3494623656,2,2,"[-0.037815904209363246, -1.5823025894364204]"
4,5,damping__negative_flow,24,31,1.394615324,1.162176237,-0.6383495059,0.3158602151,2,2,"[-0.6093257893192248, -0.8479839524434197]"
4,5,damping__sink_fraction,24,31,0.4876972784,0.4870431471,0.06244484656,0.5389784946,2,1,"[-0.23709081738156187, 0.4296264918465584]"
4,5,damping__sink_track_concentration,24,31,0.04773906585,0.04972068075,0.43831479,0.5793010753,2,2,"[1.0587012504843643, 0.12507337716392714]"
4,5,damping__vanishing_track_fraction,24,31,0.3775510204,0.3265306122,-0.6679202888,0.3333333333,2,2,"[-0.8858010970294812, -0.9662349396012463]"
4,5,persistence__mean_survival,24,31,0.5400840861,0.506975069,-0.5211643454,0.3521505376,2,2,"[-0.0347432219898796, -0.8560883610112519]"
4,5,persistence__new_source_retention,24,31,0.4907023268,0.5739013722,0.4150411356,0.6505376344,2,2,"[0.5098907948054814, 0.05843475194516478]"
4,5,persistence__pre_post_retention,24,31,0.8496829071,0.8098524271,-0.1902522224,0.4287634409,2,1,"[0.0575755087437712, -0.010078674052426661]"
4,5,persistence__retention_10,24,31,0.6518018445,0.7006708652,0.5434230786,0.6720430108,2,2,"[0.3735971055709277, 1.2397493251061396]"
4,5,persistence__retention_2,24,31,0.8951627924,0.9076379945,0.3190154115,0.622311828,2,2,"[0.11694307384361374, 0.8805728773638494]"
4,5,persistence__retention_5,24,31,0.7698266552,0.8034653382,0.4100384152,0.6518817204,2,2,"[0.1865809271077783, 1.036734011453112]"
4,5,persistence__stable_track_fraction,24,31,0.1020408163,0.1020408163,-0.3058812814,0.4516129032,2,1,"[0.3169715407001311, -0.9997418355449426]"
4,5,source__continuation_l1,24,31,0.7314979321,0.6110769192,-0.5070271552,0.3521505376,2,2,"[-0.9330673057274964, -0.4875199108000811]"
4,5,source__effective_late_sources,24,31,6.403449293,6.775357951,-0.07671655123,0.502688172,2,1,"[0.1799859488976881, -0.2233813247975621]"
4,5,source__effective_onset_sources,24,31,13.11966344,12.48015243,-0.4785309222,0.3548387097,2,2,"[-0.7023423335980697, -0.8350387267741463]"
4,5,source__novelty_l1,24,31,0.8477180601,0.7767524901,-0.2361908719,0.4206989247,2,2,"[-0.5311011503221565, -0.5533701816890068]"
4,5,source__onset_lost_energy_fraction,24,31,0.0365415103,0.05150898955,0.2621453207,0.5719086022,2,2,"[0.35697713854591595, 0.01291699757904757]"
4,5,source__post_lost_energy_fraction,24,31,0.1503170927,0.1901475728,0.1902522191,0.5712365591,2,1,"[-0.057575508037609205, 0.010078674512736537]"
4,5,source__spectral_shift_cents,24,31,282.2666873,243.738111,0.01084469773,0.4838709677,2,1,"[-1.2913013502827027, 1.171404480695797]"
4,5,source__stable_presence_fraction,24,31,0.6462639062,0.6471065063,-0.1794290223,0.4825268817,2,1,"[-0.08181451415877322, 0.4365630882032898]"
4,5,spectral__active_late,24,31,5.875,5.833333333,-0.159594863,0.4952956989,2,1,"[0.10656403571953714, -0.3321876808834781]"
4,5,spectral__active_on,24,31,5.9,5.8,-0.1750411493,0.4475806452,2,1,"[0.07305250968932124, -1.5599145275730104]"
4,5,spectral__active_pre,24,31,5.375,5.125,-0.1989331527,0.4529569892,2,1,"[0.290788888484182, -1.0791773248319876]"
4,5,spectral__dominant_late,24,31,0.2661057682,0.2430894411,-0.01946061127,0.4771505376,2,2,"[-0.4265043167886599, -0.20705690357867323]"
4,5,spectral__dominant_on,24,31,0.1643188015,0.1733365013,0.505154279,0.6129032258,2,2,"[0.23854403528346732, 1.515962991893914]"
4,5,spectral__dominant_pre,24,31,0.2748830324,0.2826355376,-0.01839164536,0.5174731183,2,1,"[-0.09533923790924277, 1.0878905956287612]"
4,5,spectral__entropy_late,24,31,0.5594358853,0.558369134,-0.09620835132,0.4919354839,2,1,"[0.1255294870923337, -0.3024445750915486]"
4,5,spectral__entropy_on,24,31,0.761371899,0.7291756215,-0.5732243653,0.3534946237,2,2,"[-0.8983219945983918, -0.6869241442996615]"
4,5,spectral__entropy_pre,24,31,0.5723215219,0.597588997,-0.07372711148,0.5201612903,2,1,"[0.3118719217529319, -0.47845306265157644]"
4,5,spectral__late_pre_ratio,24,31,0.8208723129,0.6323449703,-0.1388797585,0.3669354839,2,2,"[-0.851912179050466, -0.694617863576429]"
4,5,spectral__mass_late,24,31,1.054806006,1.035117259,-0.3132785705,0.3696236559,2,1,"[0.12394989142647886, -0.6468224282411448]"
4,5,spectral__mass_on,24,31,1.350561587,1.322477952,-0.5809825608,0.3857526882,2,2,"[-0.4532296317603132, -0.4298031883884893]"
4,5,spectral__mass_pre,24,31,0.4645531085,0.5701555964,0.3930264342,0.6411290323,2,2,"[0.8664809635807301, 0.6353795148850843]"
4,5,spectral__on_pre_ratio,24,31,1.16869086,0.9316984424,-0.2508240914,0.3158602151,2,2,"[-1.225710357005607, -1.2839871417033857]"
