global_index,fold,effect,true_K,frozen_K,singleton_K,all_groups_K,chosen_mask,singleton_already_offers_target,chosen_gain,min_same_target_correction_probability,max_same_target_correction_probability,baseline_correct_probability,groups_offering_target,pooled_bce_K,pooled_bce_correct,pooled_ce_K,pooled_ce_correct
7438,0,correction,3,2,2,3,34,True,0.023476243019104004,0.13497278094291687,0.27670300006866455,0.25322675704956055,66,2,False,2,False
7546,0,correction,3,2,2,3,126,True,0.01899057626724243,0.21089379489421844,0.3934888541698456,0.37449827790260315,47,3,True,2,False
7555,0,regression,2,2,2,3,92,True,0.013412624597549438,0.15661798417568207,0.31478291749954224,0.3013702929019928,14,2,True,2,True
9825,0,regression,3,3,3,2,114,True,0.034632787108421326,0.1080019623041153,0.24286635220050812,0.2082335650920868,82,2,False,3,True
9855,0,regression,4,4,4,3,127,True,0.03901559114456177,0.12692636251449585,0.2399875372648239,0.20097194612026215,42,4,True,3,False
10079,0,regression,3,2,3,5,24,True,0.3025904893875122,0.2556834816932678,0.5122485756874084,0.20965807139873505,49,5,False,3,True
10230,0,regression,2,2,2,3,28,True,0.04752025008201599,0.15108729898929596,0.3965282738208771,0.3490080237388611,61,2,True,3,False
12429,0,regression,3,4,3,2,59,True,0.10317803919315338,0.029319558292627335,0.19674478471279144,0.09356674551963806,74,3,True,3,True
13149,0,regression,2,2,2,3,110,True,0.14877697825431824,0.06204474717378616,0.288932740688324,0.14015576243400574,23,2,True,2,True
13429,0,correction,3,2,2,3,52,True,0.01874607801437378,0.33985352516174316,0.42637699842453003,0.40763092041015625,53,2,False,3,True
17297,0,correction,2,3,3,2,124,True,0.09438957273960114,0.06089109182357788,0.231675922870636,0.13728635013103485,57,2,True,3,False
17427,0,correction,3,4,4,3,122,True,0.040225088596343994,0.37784531712532043,0.475470632314682,0.435245543718338,57,3,True,3,True
17485,0,regression,4,4,4,3,118,True,0.032105445861816406,0.4046320915222168,0.49947404861450195,0.46736860275268555,61,4,True,3,False
23635,0,regression,2,2,2,3,29,True,0.009544134140014648,0.44806864857673645,0.4986134171485901,0.48906928300857544,82,2,True,3,False
25421,0,regression,4,4,4,3,114,True,0.011879920959472656,0.3952224552631378,0.4534674286842346,0.44158750772476196,60,4,True,3,False
25445,0,regression,4,4,4,3,112,True,0.008248567581176758,0.28575408458709717,0.40933534502983093,0.4010867774486542,59,4,True,4,True
25571,0,regression,2,2,2,3,26,True,0.06534028053283691,0.11881928145885468,0.2972491383552551,0.2319088578224182,9,3,False,2,True
25654,0,correction,3,4,4,3,123,True,0.005834788084030151,0.3370651304721832,0.46920499205589294,0.4633702039718628,66,4,False,4,False
25662,0,correction,3,4,4,3,98,True,0.02410036325454712,0.23282195627689362,0.3961072862148285,0.37200692296028137,60,3,True,3,True
28298,0,regression,2,2,2,3,94,True,0.016773581504821777,0.1295330971479416,0.2669135630130768,0.250139981508255,24,2,True,2,True
28311,0,correction,2,3,3,2,122,True,0.023677393794059753,0.12171735614538193,0.2720460593700409,0.24836866557598114,62,3,False,2,True
28376,0,correction,2,4,4,2,59,True,0.10327088832855225,0.05306217446923256,0.32718566060066223,0.22391477227210999,85,4,False,3,False
29118,0,regression,2,2,2,3,28,True,0.027461081743240356,0.31133756041526794,0.40959665179252625,0.3821355700492859,5,2,True,2,True
29231,0,correction,4,3,3,4,24,True,0.0044393837451934814,0.2826191186904907,0.42523884773254395,0.42079946398735046,29,3,False,3,False
33136,0,regression,2,2,2,3,126,True,0.037883758544921875,0.3669293522834778,0.5117406845092773,0.47385692596435547,17,2,True,3,False
39170,0,correction,2,3,3,2,80,True,0.02924594283103943,0.2629455029964447,0.37496763467788696,0.34572169184684753,59,2,True,2,True
40893,0,regression,2,2,2,4,12,True,0.00923137366771698,0.002808257006108761,0.0816013291478157,0.07236995548009872,66,2,True,2,True
41104,0,correction,3,4,4,3,114,True,0.03824913501739502,0.37685632705688477,0.4663086533546448,0.42805951833724976,55,4,False,3,True
43372,0,regression,2,2,2,3,76,True,0.02256464958190918,0.25887078046798706,0.36233627796173096,0.3397716283798218,10,2,True,2,True
47974,0,correction,3,4,4,3,122,True,0.07658037543296814,0.20722152292728424,0.4936405420303345,0.41706016659736633,54,4,False,4,False
48096,0,regression,3,4,3,2,63,True,0.17826728522777557,0.21954327821731567,0.41478443145751953,0.23651714622974396,77,2,False,2,False
48217,0,correction,3,4,4,3,114,False,0.0659487247467041,0.3781990110874176,0.4872146248817444,0.4212659001350403,10,3,True,3,True
54997,0,correction,2,3,3,2,20,True,0.002002716064453125,0.1839914619922638,0.4025847613811493,0.40058204531669617,50,3,False,3,False
57071,0,correction,2,3,3,2,114,True,0.0919981375336647,0.04382260516285896,0.1779768019914627,0.085978664457798,62,2,True,3,False
57128,0,regression,3,3,3,5,20,True,0.009934753179550171,0.24154072999954224,0.296410471200943,0.2864757180213928,6,5,False,3,True
57911,0,regression,2,2,2,3,98,True,0.0018045306205749512,0.2053503692150116,0.36775970458984375,0.3659551739692688,39,2,True,2,True
61348,0,correction,2,4,4,2,51,True,0.015713557600975037,0.06838387250900269,0.14202509820461273,0.1263115406036377,102,2,True,3,False
61509,0,correction,3,4,2,3,36,False,0.14426276087760925,0.5531356930732727,0.5531356930732727,0.40887293219566345,1,2,False,4,False
67151,0,regression,2,2,2,4,116,True,0.049011752009391785,0.12374120950698853,0.25261354446411133,0.20360179245471954,35,2,True,2,True
67182,0,correction,3,4,4,3,38,True,0.01317623257637024,0.15270540118217468,0.2773098349571228,0.26413360238075256,18,4,False,4,False
67260,0,regression,4,4,4,3,98,True,0.04193541407585144,0.21652273833751678,0.301210880279541,0.2592754662036896,4,4,True,4,True
67383,0,correction,3,4,4,3,102,True,0.07837176322937012,0.12932170927524567,0.33029332756996155,0.25192156434059143,8,3,True,4,False
67472,0,correction,3,4,4,3,118,True,0.07368335127830505,0.2798013389110565,0.4748736619949341,0.40119031071662903,39,3,True,4,False
69056,0,correction,3,4,4,3,123,True,0.20730945467948914,0.12350333482027054,0.46365994215011597,0.25635048747062683,72,4,False,2,False
69145,0,correction,3,4,4,3,127,True,0.014310985803604126,0.27937960624694824,0.4187026917934418,0.40439170598983765,64,3,True,3,True
71338,0,correction,4,2,3,4,24,True,0.25484520196914673,0.23650716245174408,0.48005372285842896,0.22520853579044342,52,3,False,3,False
71581,0,regression,4,4,4,3,56,True,0.013554990291595459,0.24106650054454803,0.3658229112625122,0.35226792097091675,43,5,False,3,False
71633,0,correction,3,4,4,3,124,True,0.1525694727897644,0.14599689841270447,0.3765517771244049,0.2239823043346405,23,3,True,3,True
72072,0,regression,4,4,4,3,112,True,0.03565219044685364,0.2624663710594177,0.44077640771865845,0.4051242172718048,62,3,False,3,False
72215,0,correction,3,2,2,3,44,True,0.02000570297241211,0.27062666416168213,0.393261581659317,0.3732558786869049,59,2,False,3,True
3154,1,regression,4,4,4,3,48,True,0.020621925592422485,0.10353977233171463,0.3605060875415802,0.3398841619491577,61,4,True,4,True
3657,1,correction,4,3,3,4,106,True,0.12934929132461548,0.23627273738384247,0.5022183656692505,0.372869074344635,57,3,False,4,True
3683,1,regression,3,3,3,2,114,True,0.07943470776081085,0.058229539543390274,0.22032222151756287,0.14088751375675201,88,2,False,3,True
4106,1,correction,5,3,3,5,12,True,0.017019301652908325,0.3336983025074005,0.43397343158721924,0.4169541299343109,6,3,False,3,False
17763,1,correction,2,3,3,2,29,True,0.07535979151725769,0.29071393609046936,0.44347047805786133,0.36811068654060364,50,3,False,3,False
17875,1,regression,2,2,2,3,6,True,0.021196097135543823,0.2737617492675781,0.42893266677856445,0.40773656964302063,37,2,True,3,False
19481,1,correction,2,3,3,2,126,True,0.023887187242507935,0.15145939588546753,0.3830631673336029,0.35917598009109497,49,3,False,3,False
19799,1,correction,2,3,3,2,106,True,0.08568987250328064,0.11353594809770584,0.31853970885276794,0.2328498363494873,28,3,False,2,True
20172,1,correction,2,3,3,2,120,True,0.02858862280845642,0.3525196313858032,0.4754661023616791,0.44687747955322266,56,2,True,3,False
20310,1,correction,3,2,4,3,86,True,0.15401706099510193,0.31808191537857056,0.5007056593894958,0.3466885983943939,27,3,True,4,False
31664,1,correction,2,3,3,2,40,True,0.026784300804138184,0.11385807394981384,0.27747127413749695,0.25068697333335876,44,3,False,3,False
31759,1,correction,3,2,2,3,40,False,0.03352254629135132,0.3097633421421051,0.3461576998233795,0.3126351535320282,2,3,True,2,False
31830,1,correction,2,3,3,2,18,True,0.03222845494747162,0.20997965335845947,0.25994637608528137,0.22771792113780975,3,3,False,3,False
31949,1,regression,2,3,2,4,104,True,0.06120508909225464,0.05620156228542328,0.3225446939468384,0.26133960485458374,52,3,False,3,False
32051,1,regression,2,2,2,3,78,True,0.02877269685268402,0.07588721066713333,0.2720264792442322,0.24325378239154816,42,2,True,2,True
32068,1,regression,2,2,2,3,40,True,0.05133317410945892,0.0789015144109726,0.2361740618944168,0.18484088778495789,8,3,False,3,False
32087,1,correction,3,2,2,3,106,True,0.06508561968803406,0.16454707086086273,0.38578706979751587,0.3207014501094818,50,2,False,2,False
33578,1,regression,4,4,4,3,18,True,0.03757473826408386,0.138686865568161,0.4103546142578125,0.37277987599372864,54,4,True,4,True
35996,1,correction,2,4,4,2,74,True,0.04196268320083618,0.06952284276485443,0.2893966734409332,0.24743399024009705,71,4,False,2,True
36125,1,correction,2,4,3,2,79,True,0.13382869958877563,0.04975169524550438,0.2104136049747467,0.07658490538597107,61,2,True,2,True
46620,1,correction,3,2,2,3,112,False,0.09699171781539917,0.2627590596675873,0.39413172006607056,0.2971400022506714,7,3,True,3,True
46955,1,regression,3,2,3,4,110,True,0.07162748277187347,0.16312843561172485,0.2851235866546631,0.2134961038827896,62,4,False,4,False
47008,1,regression,2,2,2,4,86,True,0.12409767508506775,0.1557963490486145,0.42244499921798706,0.2983473241329193,74,2,True,2,True
48574,1,correction,4,3,3,4,74,True,0.08320936560630798,0.18856464326381683,0.47158804535865784,0.38837867975234985,61,3,False,3,False
49882,1,regression,4,4,4,3,120,True,0.04105302691459656,0.2590767741203308,0.3993311822414398,0.35827815532684326,61,4,True,3,False
60103,1,regression,2,4,2,3,24,True,0.09775541722774506,0.12557731568813324,0.3055779039859772,0.20782248675823212,49,2,True,3,False
61700,1,regression,4,4,4,2,106,True,0.03254982456564903,0.02274683117866516,0.08390823751688004,0.051358412951231,94,4,True,3,False
61721,1,regression,3,3,3,4,90,True,0.16746020317077637,0.048818185925483704,0.37350380420684814,0.20604360103607178,51,3,True,3,True
63270,1,regression,2,3,2,4,10,True,0.4432814419269562,0.5768988728523254,0.6700493097305298,0.2267678678035736,3,2,True,4,False
63405,1,regression,3,3,3,4,78,True,0.13127818703651428,0.16611799597740173,0.42391520738601685,0.29263702034950256,62,3,True,3,True
63864,1,correction,4,3,3,4,48,True,0.018429666757583618,0.154283806681633,0.3856661021709442,0.3672364354133606,58,3,False,3,False
63940,1,regression,3,3,3,2,40,True,0.06545688211917877,0.08343417942523956,0.2533135414123535,0.18785665929317474,25,3,True,3,True
64171,1,regression,4,4,4,3,28,True,0.0433596670627594,0.11638021469116211,0.3436543643474579,0.3002946972846985,63,4,True,4,True
73904,1,regression,2,4,2,3,95,True,0.2923394441604614,0.09293607622385025,0.5147766470909119,0.22243721783161163,43,3,False,3,False
74174,1,regression,2,2,2,3,10,True,0.00041916966438293457,0.21318580210208893,0.34747734665870667,0.34705817699432373,5,2,True,3,False
2022,2,regression,3,3,3,2,108,True,0.022028982639312744,0.1787424087524414,0.3671838045120239,0.3451548218727112,62,3,True,3,True
5519,2,correction,3,4,4,3,106,True,0.003538578748703003,0.2770630419254303,0.39599961042404175,0.39246103167533875,61,4,False,3,True
6120,2,regression,4,4,4,3,90,True,0.002938002347946167,0.3986918330192566,0.48604443669319153,0.48310643434524536,63,4,True,4,True
8192,2,correction,3,4,4,3,90,True,0.04755890369415283,0.12963473796844482,0.23461465537548065,0.18705575168132782,30,4,False,4,False
8333,2,correction,2,3,3,2,38,True,0.006745129823684692,0.08451297134160995,0.2448136806488037,0.23806855082511902,49,3,False,3,False
10604,2,regression,2,2,2,3,126,True,0.032152771949768066,0.2986220717430115,0.48355212807655334,0.4513993561267853,33,3,False,3,False
10607,2,correction,2,3,3,2,112,True,0.005448728799819946,0.22001060843467712,0.3422229290008545,0.33677420020103455,63,2,True,2,True
11026,2,correction,5,4,4,5,120,True,0.12378337979316711,0.10685931146144867,0.4874182343482971,0.36363485455513,30,4,False,4,False
11034,2,correction,3,4,4,3,74,True,0.04004311561584473,0.16135118901729584,0.2906610369682312,0.2506179213523865,83,4,False,4,False
11146,2,regression,2,2,2,3,124,True,0.07393977046012878,0.3466850519180298,0.4667988419532776,0.3928590714931488,30,3,False,3,False
18456,2,regression,2,2,2,3,50,True,0.015531808137893677,0.12804844975471497,0.35178709030151367,0.33625528216362,63,2,True,2,True
18580,2,regression,2,2,2,3,127,True,0.05734977126121521,0.09459614008665085,0.42110180854797363,0.3637520372867584,64,2,True,2,True
22147,2,regression,3,3,3,2,126,True,0.06296014785766602,0.07421725243330002,0.32168591022491455,0.25872576236724854,69,2,False,3,True
22268,2,regression,3,3,3,2,94,True,0.029832974076271057,0.08917298913002014,0.26726043224334717,0.2374274581670761,84,3,True,2,False
24090,2,regression,3,3,3,4,80,True,0.0025001466274261475,0.2694573402404785,0.2996877133846283,0.29718756675720215,2,4,False,4,False
26479,2,regression,2,2,2,3,124,True,0.08980754017829895,0.18970979750156403,0.4724966883659363,0.38268914818763733,37,3,False,2,True
26612,2,correction,2,4,3,2,79,True,0.09280193597078323,0.07432624697685242,0.19716429710388184,0.1043623611330986,85,2,True,2,True
26934,2,correction,4,3,3,4,88,True,0.01654304563999176,0.10379258543252945,0.2155846804380417,0.19904163479804993,30,4,True,4,True
34042,2,regression,3,3,3,2,108,True,0.07459521293640137,0.1284434050321579,0.34059762954711914,0.2660024166107178,98,3,True,3,True
37262,2,regression,3,2,3,4,72,True,0.08881232142448425,0.194286048412323,0.3554733991622925,0.2666610777378082,9,4,False,3,True
37745,2,correction,3,2,2,3,84,True,0.02603277564048767,0.2498583048582077,0.3602265417575836,0.33419376611709595,28,2,False,2,False
37839,2,regression,3,4,3,2,85,True,0.5300276279449463,0.25094062089920044,0.6893174052238464,0.15928980708122253,66,2,False,2,False
39915,2,regression,2,2,2,3,110,True,0.010891050100326538,0.13460378348827362,0.23682844638824463,0.2259373962879181,37,2,True,4,False
40023,2,regression,2,2,2,3,112,True,0.0794048011302948,0.1498078554868698,0.3948586881160736,0.3154538869857788,58,3,False,3,False
41512,2,regression,3,3,3,2,106,True,0.0025790631771087646,0.259112149477005,0.39730602502822876,0.39472696185112,13,3,True,3,True
41772,2,correction,3,2,2,3,88,True,0.003199547529220581,0.3657548427581787,0.45677146315574646,0.4535719156265259,16,3,True,3,True
48817,2,regression,4,4,4,3,26,True,0.002053558826446533,0.32936686277389526,0.4415961802005768,0.43954262137413025,63,4,True,4,True
51983,2,regression,3,4,3,2,95,True,0.6794166564941406,0.20370811223983765,0.7861114740371704,0.106694795191288,100,2,False,2,False
52155,2,correction,3,2,2,3,88,True,0.0255662202835083,0.08291055262088776,0.33224961161613464,0.30668339133262634,50,2,False,2,False
53948,2,regression,2,4,2,3,48,False,0.4152868390083313,0.5614689588546753,0.6160751581192017,0.20078833401203156,2,3,False,3,False
65533,2,correction,2,4,4,2,125,True,0.12835977971553802,0.051882337778806686,0.3500441014766693,0.2216843217611313,91,4,False,4,False
66117,2,regression,3,3,3,2,26,True,0.001413106918334961,0.4453388750553131,0.4812695384025574,0.4798564314842224,62,2,False,3,True
70234,2,regression,2,2,2,3,95,True,0.07458281517028809,0.25891000032424927,0.49849116802215576,0.4239083528518677,73,2,True,2,True
2160,4,correction,4,3,3,4,56,True,0.028955504298210144,0.20235583186149597,0.26231011748313904,0.2333546131849289,5,3,False,3,False
2325,4,regression,5,3,5,4,124,True,0.24004513025283813,0.30439141392707825,0.5517166256904602,0.31167149543762207,34,5,True,5,True
5126,4,regression,3,3,3,2,127,True,0.12808820605278015,0.19340115785598755,0.4262019395828247,0.29811373353004456,65,3,True,2,False
5382,4,regression,3,3,3,2,117,True,0.04865002632141113,0.08812647312879562,0.30203378200531006,0.2533837556838989,81,3,True,3,True
6974,4,regression,2,2,2,3,116,True,0.12565386295318604,0.18221832811832428,0.3804687559604645,0.25481489300727844,44,3,False,3,False
8765,4,regression,3,3,3,2,119,True,0.023429393768310547,0.08699709922075272,0.32863694429397583,0.3052075505256653,76,3,True,3,True
8788,4,regression,5,3,5,4,124,True,0.3020937144756317,0.07835563272237778,0.4783421456813812,0.1762484312057495,54,5,True,4,False
8834,4,correction,3,4,5,3,84,True,0.04415082931518555,0.15466034412384033,0.344345360994339,0.30019453167915344,57,5,False,5,False
8837,4,correction,4,3,5,4,124,False,0.3287486135959625,0.5509968400001526,0.5998523235321045,0.27110370993614197,4,4,True,4,True
8909,4,correction,4,3,5,4,24,False,0.41056281328201294,0.6027976870536804,0.6027976870536804,0.19223487377166748,1,4,True,4,True
9033,4,correction,3,2,5,3,86,True,0.29585039615631104,0.2811138331890106,0.531643271446228,0.23579289019107819,62,5,False,3,True
18862,4,regression,3,3,3,2,102,True,0.027902603149414062,0.19928281009197235,0.32626664638519287,0.2983640432357788,21,2,False,2,False
18956,4,regression,3,3,3,2,126,True,0.06778290867805481,0.1643371731042862,0.4327828288078308,0.364999920129776,63,3,True,3,True
21584,4,correction,2,3,3,2,38,True,0.009293794631958008,0.35051429271698,0.4724434018135071,0.4631496071815491,33,3,False,3,False
23362,4,correction,2,3,3,2,93,True,0.03313291817903519,0.008304736576974392,0.09670443087816238,0.0635715126991272,105,2,True,3,False
24989,4,correction,2,3,3,2,48,True,0.007460862398147583,0.14419099688529968,0.3278501629829407,0.3203893005847931,65,3,False,2,True
45011,4,regression,3,3,3,2,118,True,0.030929625034332275,0.283006489276886,0.4042665958404541,0.3733369708061218,43,3,True,3,True
45185,4,regression,3,3,3,2,102,True,0.00493660569190979,0.23797757923603058,0.4340052306652069,0.4290686249732971,56,3,True,3,True
49212,4,regression,2,2,2,3,48,False,0.13128340244293213,0.4041827917098999,0.5085793733596802,0.37729597091674805,9,3,False,3,False
54611,4,correction,3,4,4,3,108,True,0.03861135244369507,0.29712995886802673,0.43800032138824463,0.39938896894454956,53,4,False,4,False
58578,4,regression,2,2,2,3,91,True,0.09539958834648132,0.164419025182724,0.34380269050598145,0.24840310215950012,85,3,False,2,True
58596,4,correction,3,2,2,3,84,True,0.0868462324142456,0.2036096155643463,0.44131699204444885,0.35447075963020325,15,3,True,2,False
65138,4,correction,4,3,3,4,18,True,0.001125723123550415,0.06664812564849854,0.17695246636867523,0.17582674324512482,63,3,False,3,False
66977,4,correction,3,4,2,3,34,True,0.4918586313724518,0.6694207191467285,0.7050892114639282,0.21323058009147644,2,3,True,3,True
68366,4,regression,4,2,4,3,102,True,0.12956814467906952,0.27439919114112854,0.3715571463108063,0.24198900163173676,15,4,True,3,False
