arm,regime,evaluations,changes,event_nll,baseline_nll,conditional_nll,announced_net_per_100_changes,observed_net_per_100_changes,observed_net_equivalent_7493,expected_net_equivalent_7493
control7,train,22479,5694,0.7510875159591265,0.5597121479911978,0.28806260188503197,21.56477143389073,31.313663505444328,594.3333333333334,409.29935429063096
control7,held,7493,1800,1.0455333745192834,0.6313576018249387,0.6234268912813831,21.288624239400132,3.3333333333333335,60.0,383.1952280732803
control7,votes2_audits3,22479,5419,1.0574177509547085,0.6320385023394504,0.6402906207059316,21.01707274688324,3.247831703266285,58.666666666666664,379.6383838783173
control7,votes3_audits2,22479,5479,1.0455272162099527,0.6314192529882883,0.6233248229047674,21.108344253646138,3.1940135061142545,58.333333333333336,385.5087196188979
control7,votes2_audits2,22479,5426,1.0576755413423342,0.6321321474115286,0.6405376960071365,21.067866522650817,2.856616291927755,51.666666666666664,381.04746923021355
corrector8,train,22479,6139,0.7632862870178284,0.5600438033776345,0.30592525711449825,21.32843344899989,31.161426942498778,637.6666666666666,436.4508454138741
corrector8,held,7493,1896,1.0774855460548687,0.6316826022457328,0.6710328360710837,20.96097561809301,2.0042194092827006,38.0,397.4201004942879
corrector8,votes2_audits3,22479,5680,1.0899514148197533,0.6327518433759387,0.6881873018940343,20.61794533944796,1.1795774647887325,22.333333333333332,390.3664333343816
corrector8,votes3_audits2,22479,5847,1.0782666576505329,0.6317913250220426,0.6720449311742217,20.840900032653124,1.2827090815802977,25.0,406.1891445030148
corrector8,votes2_audits2,22479,5740,1.0907908750541053,0.632883230996186,0.6892531090650839,20.75406255019577,0.9059233449477353,17.333333333333332,397.09439916194725
