arm,mask,size,corrections,regressions,neutral,selected,selected_corrections,selected_regressions,synergy_rows
direct,1,1,0,0,7493,0,0,0,0
direct,2,1,839,1042,5612,153,54,44,0
direct,3,2,0,0,7493,0,0,0,0
direct,4,1,948,989,5556,81,24,28,0
direct,5,2,0,0,7493,0,0,0,0
direct,6,2,883,931,5679,45,12,17,26
direct,7,3,24,13,7456,2,1,1,0
direct,8,1,947,964,5582,55,19,15,0
direct,9,2,0,0,7493,0,0,0,0
direct,10,2,883,942,5668,18,7,7,22
direct,11,3,28,17,7448,0,0,0,0
direct,12,2,952,966,5575,29,10,9,4
direct,13,3,60,29,7404,0,0,0,0
direct,14,3,900,940,5653,10,3,2,11
direct,15,4,119,67,7307,0,0,0,0
direct,16,1,941,958,5594,196,58,65,0
direct,17,2,0,0,7493,0,0,0,0
direct,18,2,879,922,5692,52,17,16,29
direct,19,3,29,13,7451,6,3,1,0
direct,20,2,945,926,5622,69,24,18,13
direct,21,3,59,25,7409,11,2,2,0
direct,22,3,896,904,5693,29,13,11,10
direct,23,4,105,58,7330,10,5,1,0
direct,24,2,944,933,5616,69,23,23,14
direct,25,3,62,30,7401,2,1,1,0
direct,26,3,896,926,5671,26,6,16,12
direct,27,4,118,70,7305,5,2,1,0
direct,28,3,943,932,5618,45,15,14,2
direct,29,4,159,87,7247,7,4,1,0
direct,30,4,908,918,5667,11,7,1,3
direct,31,5,200,136,7157,8,3,3,0
direct,32,1,851,1130,5512,88,30,31,0
direct,33,2,0,0,7493,0,0,0,0
direct,34,2,843,1051,5599,64,15,24,9
direct,35,3,8,4,7481,0,0,0,0
direct,36,2,901,980,5612,20,5,9,33
direct,37,3,16,7,7470,1,0,0,0
direct,38,3,878,955,5660,19,5,2,11
direct,39,4,66,32,7395,3,3,0,0
direct,40,2,906,971,5616,26,8,8,22
direct,41,3,23,14,7456,0,0,0,0
direct,42,3,868,958,5667,33,9,9,5
direct,43,4,75,42,7376,2,1,1,0
direct,44,3,909,959,5625,8,1,4,8
direct,45,4,109,55,7329,1,0,0,0
direct,46,4,887,949,5657,6,3,3,6
direct,47,5,159,110,7224,2,0,1,0
direct,48,2,884,942,5667,59,11,25,40
direct,49,3,25,10,7458,4,1,0,0
direct,50,3,863,958,5672,18,4,9,16
direct,51,4,81,36,7376,3,0,0,0
direct,52,3,916,916,5661,20,7,6,12
direct,53,4,103,44,7346,2,0,1,0
direct,54,4,876,917,5700,8,2,2,5
direct,55,5,157,102,7234,6,4,2,0
direct,56,3,919,937,5637,21,9,3,12
direct,57,4,120,62,7311,0,0,0,0
direct,58,4,878,916,5699,4,2,2,5
direct,59,5,165,118,7210,3,0,1,0
direct,60,4,921,939,5633,16,6,5,6
direct,61,5,192,132,7169,3,0,1,0
direct,62,5,885,926,5682,1,1,0,3
direct,63,6,239,182,7072,1,0,0,0
direct,64,1,885,926,5682,14,4,5,0
direct,65,2,0,0,7493,0,0,0,0
direct,66,2,856,942,5695,17,6,5,10
direct,67,3,17,8,7468,0,0,0,0
direct,68,2,918,939,5636,9,1,2,3
direct,69,3,39,17,7437,0,0,0,0
direct,70,3,875,923,5695,10,3,3,5
direct,71,4,86,53,7354,3,0,2,0
direct,72,2,919,949,5625,2,0,0,5
direct,73,3,45,24,7424,1,1,0,0
direct,74,3,862,934,5697,10,3,3,3
direct,75,4,105,57,7331,2,0,0,0
direct,76,3,935,942,5616,6,3,2,2
direct,77,4,139,80,7274,0,0,0,0
direct,78,4,896,929,5668,18,6,4,1
direct,79,5,184,130,7179,1,0,1,0
direct,80,2,925,908,5660,35,12,9,11
direct,81,3,43,17,7433,3,2,0,0
direct,82,3,879,922,5692,18,8,7,8
direct,83,4,101,52,7340,3,0,0,0
direct,84,3,935,923,5635,20,6,6,6
direct,85,4,128,69,7296,13,1,2,0
direct,86,4,895,907,5691,16,5,2,2
direct,87,5,182,117,7194,10,2,1,0
direct,88,3,937,920,5636,30,10,11,3
direct,89,4,141,86,7266,4,1,2,0
direct,90,4,900,918,5675,30,7,10,5
direct,91,5,198,131,7164,9,3,5,0
direct,92,4,927,927,5639,26,8,6,3
direct,93,5,225,142,7126,12,4,2,0
direct,94,5,904,915,5674,22,3,9,2
direct,95,6,270,200,7023,15,5,3,0
direct,96,2,878,983,5632,12,4,1,11
direct,97,3,13,5,7475,0,0,0,0
direct,98,3,856,980,5657,30,6,7,6
direct,99,4,64,33,7396,3,1,1,0
direct,100,3,900,958,5635,7,2,3,7
direct,101,4,79,39,7375,2,1,0,0
direct,102,4,883,936,5674,12,4,3,4
direct,103,5,132,89,7272,5,3,1,0
direct,104,3,897,962,5634,12,3,4,5
direct,105,4,93,48,7352,1,0,0,0
direct,106,4,875,953,5665,37,11,11,2
direct,107,5,150,107,7236,4,0,0,0
direct,108,4,904,953,5636,13,4,6,1
direct,109,5,184,122,7187,1,0,1,0
direct,110,5,885,948,5660,22,7,4,1
direct,111,6,236,181,7076,12,5,2,0
direct,112,3,891,932,5670,49,18,8,7
direct,113,4,97,49,7347,5,1,1,0
direct,114,4,868,937,5688,30,11,4,2
direct,115,5,147,90,7256,11,3,0,0
direct,116,4,905,914,5674,23,5,7,3
direct,117,5,176,113,7204,5,2,0,0
direct,118,5,875,919,5699,19,5,10,0
direct,119,6,228,169,7096,10,4,3,0
direct,120,4,905,926,5662,26,4,10,4
direct,121,5,185,125,7183,4,2,1,0
direct,122,5,878,917,5698,16,5,3,0
direct,123,6,235,185,7073,12,4,3,0
direct,124,5,923,930,5640,25,6,8,4
direct,125,6,267,195,7031,14,8,4,0
direct,126,6,885,926,5682,15,4,5,0
direct,127,7,312,248,6933,27,9,3,0
global,1,1,0,0,7493,0,0,0,0
global,2,1,839,1042,5612,147,53,35,0
global,3,2,0,0,7493,0,0,0,0
global,4,1,948,989,5556,86,28,30,0
global,5,2,0,0,7493,0,0,0,0
global,6,2,883,931,5679,39,13,9,26
global,7,3,24,13,7456,1,0,0,0
global,8,1,947,964,5582,52,22,14,0
global,9,2,0,0,7493,0,0,0,0
global,10,2,883,942,5668,18,4,10,22
global,11,3,28,17,7448,1,1,0,0
global,12,2,952,966,5575,29,9,9,4
global,13,3,60,29,7404,2,0,0,0
global,14,3,900,940,5653,10,3,1,11
global,15,4,119,67,7307,1,1,0,0
global,16,1,941,958,5594,183,55,59,0
global,17,2,0,0,7493,0,0,0,0
global,18,2,879,922,5692,53,17,16,29
global,19,3,29,13,7451,5,3,0,0
global,20,2,945,926,5622,66,21,16,13
global,21,3,59,25,7409,14,3,3,0
global,22,3,896,904,5693,16,4,7,10
global,23,4,105,58,7330,9,5,1,0
global,24,2,944,933,5616,73,23,27,14
global,25,3,62,30,7401,0,0,0,0
global,26,3,896,926,5671,26,7,15,12
global,27,4,118,70,7305,2,1,0,0
global,28,3,943,932,5618,52,21,13,2
global,29,4,159,87,7247,9,4,2,0
global,30,4,908,918,5667,8,6,1,3
global,31,5,200,136,7157,7,0,4,0
global,32,1,851,1130,5512,79,25,25,0
global,33,2,0,0,7493,0,0,0,0
global,34,2,843,1051,5599,66,16,22,9
global,35,3,8,4,7481,0,0,0,0
global,36,2,901,980,5612,24,7,9,33
global,37,3,16,7,7470,0,0,0,0
global,38,3,878,955,5660,19,7,4,11
global,39,4,66,32,7395,4,0,0,0
global,40,2,906,971,5616,22,7,7,22
global,41,3,23,14,7456,0,0,0,0
global,42,3,868,958,5667,27,6,9,5
global,43,4,75,42,7376,2,1,1,0
global,44,3,909,959,5625,13,3,6,8
global,45,4,109,55,7329,0,0,0,0
global,46,4,887,949,5657,7,4,1,6
global,47,5,159,110,7224,1,0,1,0
global,48,2,884,942,5667,50,14,18,40
global,49,3,25,10,7458,1,0,0,0
global,50,3,863,958,5672,18,3,8,16
global,51,4,81,36,7376,4,3,0,0
global,52,3,916,916,5661,22,5,8,12
global,53,4,103,44,7346,7,2,2,0
global,54,4,876,917,5700,6,2,0,5
global,55,5,157,102,7234,6,3,1,0
global,56,3,919,937,5637,15,7,4,12
global,57,4,120,62,7311,1,0,0,0
global,58,4,878,916,5699,2,1,1,5
global,59,5,165,118,7210,5,3,1,0
global,60,4,921,939,5633,19,8,4,6
global,61,5,192,132,7169,5,0,1,0
global,62,5,885,926,5682,1,0,0,3
global,63,6,239,182,7072,2,0,0,0
global,64,1,885,926,5682,7,2,3,0
global,65,2,0,0,7493,0,0,0,0
global,66,2,856,942,5695,16,6,4,10
global,67,3,17,8,7468,0,0,0,0
global,68,2,918,939,5636,7,1,1,3
global,69,3,39,17,7437,2,0,2,0
global,70,3,875,923,5695,5,3,1,5
global,71,4,86,53,7354,1,0,1,0
global,72,2,919,949,5625,7,3,3,5
global,73,3,45,24,7424,2,1,0,0
global,74,3,862,934,5697,17,7,6,3
global,75,4,105,57,7331,1,0,0,0
global,76,3,935,942,5616,12,2,3,2
global,77,4,139,80,7274,1,0,0,0
global,78,4,896,929,5668,11,2,5,1
global,79,5,184,130,7179,3,3,0,0
global,80,2,925,908,5660,30,7,8,11
global,81,3,43,17,7433,6,3,0,0
global,82,3,879,922,5692,16,4,5,8
global,83,4,101,52,7340,0,0,0,0
global,84,3,935,923,5635,26,12,6,6
global,85,4,128,69,7296,10,1,2,0
global,86,4,895,907,5691,18,6,5,2
global,87,5,182,117,7194,8,4,1,0
global,88,3,937,920,5636,23,7,9,3
global,89,4,141,86,7266,3,2,1,0
global,90,4,900,918,5675,33,9,10,5
global,91,5,198,131,7164,5,1,3,0
global,92,4,927,927,5639,21,8,6,3
global,93,5,225,142,7126,15,4,3,0
global,94,5,904,915,5674,23,5,8,2
global,95,6,270,200,7023,13,5,2,0
global,96,2,878,983,5632,15,2,3,11
global,97,3,13,5,7475,1,0,1,0
global,98,3,856,980,5657,31,7,6,6
global,99,4,64,33,7396,3,0,1,0
global,100,3,900,958,5635,7,2,1,7
global,101,4,79,39,7375,2,0,1,0
global,102,4,883,936,5674,11,4,4,4
global,103,5,132,89,7272,5,3,1,0
global,104,3,897,962,5634,13,2,2,5
global,105,4,93,48,7352,2,0,0,0
global,106,4,875,953,5665,36,13,7,2
global,107,5,150,107,7236,2,0,1,0
global,108,4,904,953,5636,8,2,3,1
global,109,5,184,122,7187,1,0,1,0
global,110,5,885,948,5660,21,2,5,1
global,111,6,236,181,7076,11,4,2,0
global,112,3,891,932,5670,39,14,10,7
global,113,4,97,49,7347,6,1,2,0
global,114,4,868,937,5688,38,15,8,2
global,115,5,147,90,7256,9,2,0,0
global,116,4,905,914,5674,24,4,9,3
global,117,5,176,113,7204,6,4,1,0
global,118,5,875,919,5699,14,4,5,0
global,119,6,228,169,7096,9,4,2,0
global,120,4,905,926,5662,28,6,9,4
global,121,5,185,125,7183,4,1,1,0
global,122,5,878,917,5698,17,4,5,0
global,123,6,235,185,7073,9,3,2,0
global,124,5,923,930,5640,30,12,6,4
global,125,6,267,195,7031,15,7,4,0
global,126,6,885,926,5682,18,5,8,0
global,127,7,312,248,6933,27,9,4,0
local,1,1,0,0,7493,0,0,0,0
local,2,1,839,1042,5612,113,30,27,0
local,3,2,0,0,7493,0,0,0,0
local,4,1,948,989,5556,82,28,27,0
local,5,2,0,0,7493,0,0,0,0
local,6,2,883,931,5679,35,14,11,26
local,7,3,24,13,7456,0,0,0,0
local,8,1,947,964,5582,43,17,8,0
local,9,2,0,0,7493,0,0,0,0
local,10,2,883,942,5668,28,12,8,22
local,11,3,28,17,7448,0,0,0,0
local,12,2,952,966,5575,26,7,5,4
local,13,3,60,29,7404,1,0,1,0
local,14,3,900,940,5653,5,1,2,11
local,15,4,119,67,7307,2,2,0,0
local,16,1,941,958,5594,158,50,46,0
local,17,2,0,0,7493,0,0,0,0
local,18,2,879,922,5692,37,9,12,29
local,19,3,29,13,7451,5,2,1,0
local,20,2,945,926,5622,55,20,16,13
local,21,3,59,25,7409,19,6,3,0
local,22,3,896,904,5693,17,4,6,10
local,23,4,105,58,7330,11,4,0,0
local,24,2,944,933,5616,51,22,13,14
local,25,3,62,30,7401,2,1,0,0
local,26,3,896,926,5671,11,2,6,12
local,27,4,118,70,7305,1,0,0,0
local,28,3,943,932,5618,35,7,13,2
local,29,4,159,87,7247,6,1,1,0
local,30,4,908,918,5667,14,8,3,3
local,31,5,200,136,7157,7,0,4,0
local,32,1,851,1130,5512,114,24,43,0
local,33,2,0,0,7493,0,0,0,0
local,34,2,843,1051,5599,57,18,23,9
local,35,3,8,4,7481,0,0,0,0
local,36,2,901,980,5612,23,8,7,33
local,37,3,16,7,7470,1,0,0,0
local,38,3,878,955,5660,17,5,3,11
local,39,4,66,32,7395,3,0,0,0
local,40,2,906,971,5616,25,8,5,22
local,41,3,23,14,7456,0,0,0,0
local,42,3,868,958,5667,23,8,5,5
local,43,4,75,42,7376,1,0,1,0
local,44,3,909,959,5625,15,6,5,8
local,45,4,109,55,7329,1,0,0,0
local,46,4,887,949,5657,11,5,3,6
local,47,5,159,110,7224,1,1,0,0
local,48,2,884,942,5667,57,16,16,40
local,49,3,25,10,7458,5,1,1,0
local,50,3,863,958,5672,29,12,10,16
local,51,4,81,36,7376,5,5,0,0
local,52,3,916,916,5661,19,6,7,12
local,53,4,103,44,7346,6,1,2,0
local,54,4,876,917,5700,8,1,4,5
local,55,5,157,102,7234,3,0,1,0
local,56,3,919,937,5637,29,11,10,12
local,57,4,120,62,7311,2,1,0,0
local,58,4,878,916,5699,2,0,2,5
local,59,5,165,118,7210,2,1,0,0
local,60,4,921,939,5633,17,9,2,6
local,61,5,192,132,7169,4,1,1,0
local,62,5,885,926,5682,2,1,0,3
local,63,6,239,182,7072,5,1,2,0
local,64,1,885,926,5682,6,4,0,0
local,65,2,0,0,7493,0,0,0,0
local,66,2,856,942,5695,23,6,9,10
local,67,3,17,8,7468,0,0,0,0
local,68,2,918,939,5636,7,0,0,3
local,69,3,39,17,7437,4,0,1,0
local,70,3,875,923,5695,8,1,2,5
local,71,4,86,53,7354,0,0,0,0
local,72,2,919,949,5625,8,6,1,5
local,73,3,45,24,7424,2,1,1,0
local,74,3,862,934,5697,12,3,1,3
local,75,4,105,57,7331,3,0,1,0
local,76,3,935,942,5616,13,4,5,2
local,77,4,139,80,7274,3,1,0,0
local,78,4,896,929,5668,13,3,5,1
local,79,5,184,130,7179,3,3,0,0
local,80,2,925,908,5660,30,10,6,11
local,81,3,43,17,7433,11,3,1,0
local,82,3,879,922,5692,28,7,8,8
local,83,4,101,52,7340,5,1,1,0
local,84,3,935,923,5635,33,17,10,6
local,85,4,128,69,7296,8,2,1,0
local,86,4,895,907,5691,19,4,5,2
local,87,5,182,117,7194,10,4,1,0
local,88,3,937,920,5636,31,10,12,3
local,89,4,141,86,7266,4,0,0,0
local,90,4,900,918,5675,26,9,7,5
local,91,5,198,131,7164,7,3,0,0
local,92,4,927,927,5639,23,8,6,3
local,93,5,225,142,7126,14,7,2,0
local,94,5,904,915,5674,23,10,6,2
local,95,6,270,200,7023,13,7,2,0
local,96,2,878,983,5632,12,2,3,11
local,97,3,13,5,7475,0,0,0,0
local,98,3,856,980,5657,22,5,5,6
local,99,4,64,33,7396,2,0,1,0
local,100,3,900,958,5635,5,0,2,7
local,101,4,79,39,7375,1,1,0,0
local,102,4,883,936,5674,9,2,4,4
local,103,5,132,89,7272,3,2,1,0
local,104,3,897,962,5634,11,1,4,5
local,105,4,93,48,7352,0,0,0,0
local,106,4,875,953,5665,27,10,6,2
local,107,5,150,107,7236,4,1,1,0
local,108,4,904,953,5636,15,6,4,1
local,109,5,184,122,7187,1,0,0,0
local,110,5,885,948,5660,18,1,9,1
local,111,6,236,181,7076,8,3,5,0
local,112,3,891,932,5670,34,14,7,7
local,113,4,97,49,7347,4,1,1,0
local,114,4,868,937,5688,31,6,8,2
local,115,5,147,90,7256,6,1,2,0
local,116,4,905,914,5674,19,1,10,3
local,117,5,176,113,7204,5,2,1,0
local,118,5,875,919,5699,12,2,5,0
local,119,6,228,169,7096,10,6,1,0
local,120,4,905,926,5662,26,6,8,4
local,121,5,185,125,7183,2,0,2,0
local,122,5,878,917,5698,33,7,11,0
local,123,6,235,185,7073,17,2,7,0
local,124,5,923,930,5640,28,10,8,4
local,125,6,267,195,7031,10,3,5,0
local,126,6,885,926,5682,21,7,5,0
local,127,7,312,248,6933,15,7,0,0
