global_index,fold,true_K,frozen_baseline_K,S1_K,S2_K,S3_K,S4_K,S5_K,S6_K,S7_K,correct_group_masks,min_correct_group_size,direct_mask,direct_K,direct_correct,global_mask,global_K,global_correct,local_mask,local_K,local_correct,recording_id,start_sample
3021,1,4,2,2,3,2,2,2,5,2,36|38|100|102,2,0,2,False,0,2,False,0,2,False,00_Funk2-119-G_comp.jams,400500
8837,4,4,3,3,2,3,5,5,2,3,48|52|60|124,2,56,5,False,124,4,True,60,4,True,00_Rock1-90-C#_comp.jams,346319
8909,4,4,3,3,3,5,5,3,2,3,24,2,24,4,True,24,4,True,24,4,True,00_Rock1-90-C#_comp.jams,522477
9255,4,4,3,3,3,2,2,5,3,3,24|48|80|112,2,16,5,False,0,3,False,0,3,False,00_Rock1-90-C#_comp.jams,1300516
9927,0,4,3,3,2,3,3,5,2,3,20|28|48|56|84|88|92,2,16,5,False,16,5,False,16,5,False,00_Rock2-142-D_comp.jams,717408
12762,0,4,2,2,3,2,2,2,5,2,36,2,0,2,False,0,2,False,0,2,False,00_Rock3-148-C_comp.jams,1080673
25645,0,4,3,3,3,3,5,2,5,3,36|48|96|100,2,48,4,True,8,5,False,48,4,True,01_Rock2-142-D_comp.jams,652479
31759,1,3,2,2,2,2,4,4,2,2,40|44,2,40,3,True,40,3,True,40,3,True,01_SS3-98-C_comp.jams,846092
32041,1,3,2,2,2,5,4,5,4,4,18|66|82,2,0,2,False,0,2,False,0,2,False,01_SS3-98-C_comp.jams,1479679
46620,1,3,2,2,2,2,2,2,4,2,34|36|48|50|96|98|112,2,112,3,True,112,3,True,112,3,True,02_SS3-98-C_comp.jams,148696
48217,0,3,4,4,2,4,4,4,2,4,6|36|38|46|50|66|100|102|106|114,2,114,3,True,114,3,True,36,3,True,03_BN2-166-Ab_comp.jams,1004130
61509,0,3,4,4,4,2,4,4,4,4,36,2,36,3,True,36,3,True,36,3,True,04_BN2-166-Ab_comp.jams,820128
63436,1,2,3,3,4,3,4,4,3,4,34,2,70,4,False,6,4,False,2,4,False,04_Funk2-119-G_comp.jams,1090267
67320,0,3,4,4,2,2,2,4,2,2,20|48|52|80|84|112|116,2,0,4,False,0,4,False,0,4,False,04_Jazz3-150-C_comp.jams,546702
71649,0,4,3,3,3,5,5,5,3,5,6,2,20,5,False,20,5,False,20,5,False,04_SS1-68-E_comp.jams,506938
72111,0,4,3,3,3,5,5,5,3,3,6|14|18|26|52|60|68|70|78|82|86|90|94|116|124,2,28,5,False,28,5,False,92,5,False,04_SS1-68-E_comp.jams,1595938
