global_index,recording_id,start_sample,time_s,fold,true_K,frozen_K,predicted_K,previous_global_K,previous_singleton_K,state,reference_correct_probability,selected_correction_probability,selected_gain,conditional_other_probability,true_K_reachable,global_history_gain,local_history_gain_unused
605,00_BN2-166-Ab_comp.jams,113167,2.566145,0,3,2,3,3,3,wrong_reference_corrected,0.27139,0.6415925,0.3702025,0.1194295,True,-0.0680627,0.0331113
7407,00_Jazz3-150-C_comp.jams,106489,2.414717,0,2,3,2,2,2,wrong_reference_corrected,0.1339855,0.169397,0.0354114,0.8043948,True,0.0755873,-0.0304274
7476,00_Jazz3-150-C_comp.jams,325620,7.383673,0,2,3,2,2,2,wrong_reference_corrected,0.197797,0.4727149,0.2749179,0.4107289,True,0.0678064,0.0722992
7532,00_Jazz3-150-C_comp.jams,486239,11.025828,0,2,3,2,2,2,wrong_reference_corrected,0.229319,0.540625,0.311306,0.2985101,True,0.06307,0.0726026
7559,00_Jazz3-150-C_comp.jams,545730,12.37483,0,3,2,3,3,3,wrong_reference_corrected,0.1929944,0.23909,0.0460956,0.7037319,True,-0.0628334,0.0165539
7675,00_Jazz3-150-C_comp.jams,936468,21.235102,0,3,2,3,3,3,wrong_reference_corrected,0.2369814,0.4082053,0.1712239,0.4650127,True,-0.0671138,-0.0791292
7716,00_Jazz3-150-C_comp.jams,1032874,23.421179,0,3,2,3,3,3,wrong_reference_corrected,0.3586823,0.4556813,0.096999,0.2894609,True,-0.0664261,-0.1868289
9779,00_Rock2-142-D_comp.jams,345679,7.838526,0,5,4,5,5,5,wrong_reference_corrected,0.2192874,0.4572296,0.2379422,0.3556446,True,0.211741,0.2724612
9872,00_Rock2-142-D_comp.jams,585485,13.276304,0,3,4,3,4,4,wrong_reference_corrected,0.4549453,0.4931921,0.0382468,0.0951512,True,-0.0970349,-0.1881583
9910,00_Rock2-142-D_comp.jams,670960,15.214512,0,3,2,3,3,3,wrong_reference_corrected,0.2590393,0.5124568,0.2534175,0.3083885,True,-0.0681773,0.02683
9917,00_Rock2-142-D_comp.jams,688774,15.618458,0,5,4,5,5,5,wrong_reference_corrected,0.1835249,0.6165125,0.4329876,0.0831185,True,0.158885,0.4337555
9966,00_Rock2-142-D_comp.jams,801749,18.180249,0,2,3,2,2,2,wrong_reference_corrected,0.0845458,0.3058069,0.2212611,0.6659506,True,0.0751995,0.1710317
9999,00_Rock2-142-D_comp.jams,884688,20.060952,0,3,4,3,2,2,wrong_reference_corrected,0.0308917,0.3217885,0.2908968,0.3726047,True,-0.0912876,0.0337065
10013,00_Rock2-142-D_comp.jams,914601,20.739252,0,3,2,3,3,3,wrong_reference_corrected,0.2678322,0.6422015,0.3743693,0.1012563,True,-0.077043,-0.1337548
10079,00_Rock2-142-D_comp.jams,1072067,24.309909,0,3,2,3,5,3,wrong_reference_corrected,0.2096581,0.3401344,0.1304763,0.1681517,True,-0.074323,-0.0569296
10097,00_Rock2-142-D_comp.jams,1112603,25.229093,0,2,3,2,2,2,wrong_reference_corrected,0.2275873,0.34354,0.1159527,0.5552378,True,0.0024298,0.0312075
10111,00_Rock2-142-D_comp.jams,1140666,25.865442,0,2,3,2,2,2,wrong_reference_corrected,0.2225053,0.6812546,0.4587493,0.1237824,True,0.0244602,0.0560476
10176,00_Rock2-142-D_solo.jams,149232,3.383946,0,2,3,2,2,2,wrong_reference_corrected,0.4056415,0.4984471,0.0928057,0.1613697,True,0.0635968,-0.0014308
10183,00_Rock2-142-D_solo.jams,177734,4.030249,0,2,4,2,2,2,wrong_reference_corrected,0.0421314,0.912688,0.8705566,0.0471679,True,0.0805247,0.0833167
12322,00_Rock3-148-C_comp.jams,108070,2.450567,0,5,3,5,5,5,wrong_reference_corrected,0.1557953,0.3102305,0.1544352,0.3066486,True,-0.0243902,-0.0133038
12343,00_Rock3-148-C_comp.jams,162241,3.678934,0,5,4,5,5,5,wrong_reference_corrected,0.1613481,0.748315,0.5869669,0.0099295,True,0.2174224,0.2918096
12350,00_Rock3-148-C_comp.jams,175386,3.977007,0,3,2,3,3,3,wrong_reference_corrected,0.2463679,0.4194363,0.1730684,0.3684024,True,-0.0715989,0.0325618
12356,00_Rock3-148-C_comp.jams,189632,4.300045,0,3,4,3,3,3,wrong_reference_corrected,0.1551309,0.5981342,0.4430033,0.1861965,True,-0.1029796,-0.0240475
12390,00_Rock3-148-C_comp.jams,269354,6.1078,0,3,2,3,3,3,wrong_reference_corrected,0.1805326,0.7139322,0.5333996,0.1287853,True,-0.0682511,-0.0643871
12429,00_Rock3-148-C_comp.jams,352625,7.996032,0,3,4,3,2,3,wrong_reference_corrected,0.0935667,0.2010582,0.1074914,0.6992493,True,-0.1067002,0.0652269
12483,00_Rock3-148-C_comp.jams,465369,10.552585,0,5,3,5,5,5,wrong_reference_corrected,0.0709137,0.6565197,0.5856059,0.1821731,True,-0.0063637,0.0068824
12540,00_Rock3-148-C_comp.jams,589860,13.37551,0,5,4,5,5,5,wrong_reference_corrected,0.0903547,0.7580321,0.6676775,0.0908845,True,0.2197728,0.2658665
12552,00_Rock3-148-C_comp.jams,617081,13.992766,0,5,3,5,5,5,wrong_reference_corrected,0.0552095,0.677256,0.6220465,0.0869498,True,-0.0172278,0.0591669
12595,00_Rock3-148-C_comp.jams,723778,16.4122,0,3,2,3,3,3,wrong_reference_corrected,0.1923298,0.78832,0.5959902,0.023958,True,-0.0921951,-0.1272141
12626,00_Rock3-148-C_comp.jams,790871,17.933583,0,3,2,3,2,2,wrong_reference_corrected,0.3821949,0.3822749,7.99e-05,0.3812371,True,-0.0652984,0.0060538
12702,00_Rock3-148-C_comp.jams,947626,21.488118,0,5,3,5,5,5,wrong_reference_corrected,0.0974693,0.4071021,0.3096328,0.4065346,True,0.0274679,0.0504665
12753,00_Rock3-148-C_comp.jams,1059143,24.016848,0,3,2,3,2,2,wrong_reference_corrected,0.1793984,0.289445,0.1100466,0.6472771,True,-0.1303813,-0.0792128
12771,00_Rock3-148-C_comp.jams,1098916,24.91873,0,5,2,5,3,3,wrong_reference_corrected,0.2490893,0.3592015,0.1101122,0.0371353,True,-0.36,-0.288
12855,00_Rock3-148-C_solo.jams,340001,7.709773,0,2,3,2,2,2,wrong_reference_corrected,0.1589162,0.8322231,0.6733069,0.0105348,True,0.0747403,0.2371789
12871,00_Rock3-148-C_solo.jams,501943,11.381927,0,2,3,2,2,2,wrong_reference_corrected,0.1226246,0.1448229,0.0221983,0.8349362,True,0.076406,-0.1633767
12876,00_Rock3-148-C_solo.jams,554452,12.572608,0,2,3,2,2,2,wrong_reference_corrected,0.1739173,0.5802692,0.4063518,0.2975653,True,0.0747891,0.0425449
12880,00_Rock3-148-C_solo.jams,590461,13.389138,0,2,3,2,2,2,wrong_reference_corrected,0.3692367,0.5404313,0.1711946,0.1432105,True,0.0728796,0.1304181
12972,00_SS1-68-E_comp.jams,41138,0.932834,0,2,3,2,2,2,wrong_reference_corrected,0.3235353,0.5265644,0.2030291,0.2215937,True,0.0011877,0.0338084
13091,00_SS1-68-E_comp.jams,349398,7.922857,0,3,2,3,3,3,wrong_reference_corrected,0.4542483,0.5306656,0.0764174,0.0276427,True,-0.0646411,0.2101376
13216,00_SS1-68-E_comp.jams,804520,18.243084,0,2,3,2,2,2,wrong_reference_corrected,0.2890108,0.4930176,0.2040068,0.3065752,True,0.0251638,-0.0627812
13278,00_SS1-68-E_comp.jams,996017,22.58542,0,2,3,2,2,2,wrong_reference_corrected,0.3274927,0.5616527,0.23416,0.1648378,True,0.0912063,-0.0405521
13316,00_SS1-68-E_comp.jams,1130464,25.634104,0,2,3,2,2,2,wrong_reference_corrected,0.2570266,0.2869179,0.0298913,0.6138247,True,0.0296502,-0.1314027
13417,00_SS1-68-E_comp.jams,1402788,31.809252,0,4,3,4,4,4,wrong_reference_corrected,0.3178287,0.5614962,0.2436675,0.1768986,True,-0.0269747,0.1422499
13429,00_SS1-68-E_comp.jams,1463256,33.180408,0,3,2,3,3,2,wrong_reference_corrected,0.4076309,0.4500342,0.0424033,0.2402807,True,-0.0694641,0.031006
13461,00_SS1-68-E_comp.jams,1580879,35.847596,0,3,2,3,3,3,wrong_reference_corrected,0.3177413,0.3387411,0.0209998,0.5035005,True,-0.0692088,-0.1272908
13774,00_SS1-68-E_solo.jams,684359,15.518345,0,2,4,2,2,2,wrong_reference_corrected,0.1282885,0.2354809,0.1071923,0.5876169,True,0.0631407,-0.0221108
13815,00_SS1-68-E_solo.jams,797947,18.094036,0,2,3,2,2,2,wrong_reference_corrected,0.2032076,0.3211425,0.1179349,0.596956,True,0.0668117,-0.1367309
13859,00_SS1-68-E_solo.jams,911478,20.668435,0,2,4,2,3,3,wrong_reference_corrected,0.1869401,0.4238436,0.2369035,0.0782868,True,0.0186199,0.0484259
13910,00_SS1-68-E_solo.jams,1304878,29.58907,0,2,3,2,3,3,wrong_reference_corrected,0.4438425,0.5117434,0.067901,0.0798589,True,0.0463378,-0.0627802
13977,00_SS1-68-E_solo.jams,1555876,35.280635,0,2,4,2,2,2,wrong_reference_corrected,0.0524846,0.3367977,0.284313,0.5145733,True,0.0603112,0.1673895
17296,01_BN2-166-Ab_comp.jams,46693,1.058798,0,2,3,2,2,2,wrong_reference_corrected,0.2095529,0.5803211,0.3707682,0.2658319,True,0.0669846,0.0308619
17321,01_BN2-166-Ab_comp.jams,126213,2.861973,0,4,3,4,4,4,wrong_reference_corrected,0.4255057,0.5339843,0.1084786,0.0705142,True,-0.0287574,-0.0068655
17384,01_BN2-166-Ab_comp.jams,343590,7.791156,0,4,3,4,4,4,wrong_reference_corrected,0.384944,0.4634471,0.0785031,0.2464961,True,-0.0341298,0.0573331
17391,01_BN2-166-Ab_comp.jams,359184,8.144762,0,3,4,3,2,2,wrong_reference_corrected,0.0713853,0.6012883,0.529903,0.0924181,True,-0.0348028,0.0135434
17427,01_BN2-166-Ab_comp.jams,509297,11.548685,0,3,4,3,3,4,wrong_reference_corrected,0.4352455,0.4453014,0.0100559,0.0870899,True,-0.0991927,-0.0490402
17500,01_BN2-166-Ab_comp.jams,701138,15.898821,0,2,4,2,2,2,wrong_reference_corrected,0.2595707,0.4864544,0.2268836,0.3430103,True,0.072183,-0.0348187
17513,01_BN2-166-Ab_comp.jams,748397,16.970454,0,2,4,2,2,2,wrong_reference_corrected,0.086781,0.6703193,0.5835383,0.2659819,True,0.0797071,0.1263478
17526,01_BN2-166-Ab_comp.jams,812795,18.430726,0,3,4,3,3,3,wrong_reference_corrected,0.2145628,0.7307952,0.5162324,0.0695688,True,-0.0513714,-0.0669743
23508,01_Jazz3-150-C_comp.jams,18220,0.413152,0,3,4,3,3,3,wrong_reference_corrected,0.3126523,0.5476492,0.2349969,0.0164003,True,-0.0374174,-0.0343874
23574,01_Jazz3-150-C_comp.jams,370335,8.397619,0,3,4,3,3,3,wrong_reference_corrected,0.2383572,0.539808,0.3014508,0.2912584,True,-0.0266111,-0.0256343
23665,01_Jazz3-150-C_comp.jams,933830,21.175283,0,3,2,3,3,3,wrong_reference_corrected,0.2841032,0.6358853,0.3517821,0.1117641,True,-0.0699781,-0.0811563
25485,01_Rock2-142-D_comp.jams,298121,6.760113,0,2,3,2,3,3,wrong_reference_corrected,0.3433691,0.4106965,0.0673274,0.3745398,True,0.0435356,-0.020764
25544,01_Rock2-142-D_comp.jams,429103,9.730227,0,4,3,4,4,4,wrong_reference_corrected,0.3048784,0.5408279,0.2359495,0.2219666,True,-0.024051,-0.0749045
25562,01_Rock2-142-D_comp.jams,474195,10.752721,0,2,4,2,3,3,wrong_reference_corrected,0.2034936,0.4006499,0.1971562,0.119716,True,0.0737582,0.2095617
25575,01_Rock2-142-D_comp.jams,502269,11.38932,0,2,4,2,3,3,wrong_reference_corrected,0.245319,0.380617,0.135298,0.1511248,True,0.1067416,0.1200473
25608,01_Rock2-142-D_comp.jams,577557,13.096531,0,3,4,3,3,3,wrong_reference_corrected,0.1055561,0.4841964,0.3786402,0.3007178,True,-0.1012939,-0.0276999
25645,01_Rock2-142-D_comp.jams,652479,14.795442,0,4,3,4,5,5,wrong_reference_corrected,0.1609306,0.4557339,0.2948033,0.1471661,True,-0.0846581,-0.1392857
25646,01_Rock2-142-D_comp.jams,654246,14.83551,0,2,3,2,2,2,wrong_reference_corrected,0.2892853,0.4227037,0.1334184,0.4052414,True,0.0582673,-0.0811507
25662,01_Rock2-142-D_comp.jams,699643,15.864921,0,3,4,3,3,4,wrong_reference_corrected,0.3720069,0.3909207,0.0189138,0.377508,True,-0.0979895,-0.0368956
25671,01_Rock2-142-D_comp.jams,728041,16.508866,0,3,4,3,3,3,wrong_reference_corrected,0.2608757,0.5345094,0.2736337,0.2768343,True,-0.0942605,-0.0232707
25737,01_Rock2-142-D_comp.jams,875794,19.859274,0,4,3,4,4,4,wrong_reference_corrected,0.255207,0.5004819,0.2452749,0.3280255,True,-0.0322669,0.0467832
25777,01_Rock2-142-D_comp.jams,968937,21.971361,0,2,3,2,2,2,wrong_reference_corrected,0.3161001,0.5214106,0.2053105,0.2375921,True,0.0671456,0.0403578
25807,01_Rock2-142-D_comp.jams,1043507,23.66229,0,2,3,2,2,2,wrong_reference_corrected,0.3156173,0.4536673,0.13805,0.3371146,True,0.0725806,0.0778898
28083,01_Rock3-148-C_comp.jams,49744,1.127982,0,2,3,2,2,2,wrong_reference_corrected,0.2713726,0.6785218,0.4071492,0.0687672,True,0.0589228,0.0801096
28127,01_Rock3-148-C_comp.jams,215174,4.879229,0,2,3,2,3,3,wrong_reference_corrected,0.3055795,0.5443104,0.2387309,0.2161659,True,0.062126,0.0293336
28311,01_Rock3-148-C_comp.jams,764065,17.325737,0,2,3,2,2,3,wrong_reference_corrected,0.2483687,0.2990015,0.0506328,0.6021966,True,0.0605036,0.1370854
28331,01_Rock3-148-C_comp.jams,823060,18.663492,0,2,4,2,4,4,wrong_reference_corrected,0.21496,0.2664848,0.0515248,0.4541185,True,0.0676439,0.1444707
28863,01_SS1-68-E_comp.jams,480641,10.898889,0,2,3,2,2,2,wrong_reference_corrected,0.3295187,0.4058837,0.076365,0.3946383,True,0.0326868,0.0270983
29000,01_SS1-68-E_comp.jams,819773,18.588957,0,3,4,3,3,3,wrong_reference_corrected,0.1781226,0.525935,0.3478124,0.3600808,True,-0.0958709,0.0373742
29057,01_SS1-68-E_comp.jams,959527,21.757982,0,2,3,2,2,2,wrong_reference_corrected,0.0877636,0.4611716,0.373408,0.4944604,True,0.0663091,0.1878659
29241,01_SS1-68-E_comp.jams,1428632,32.395283,0,3,2,3,2,2,wrong_reference_corrected,0.3451883,0.3464678,0.0012795,0.4708895,True,-0.0610351,0.0714598
29261,01_SS1-68-E_comp.jams,1479735,33.554082,0,2,3,2,2,2,wrong_reference_corrected,0.2773344,0.2897281,0.0123937,0.5990841,True,0.0601533,-0.1070462
29279,01_SS1-68-E_comp.jams,1531444,34.726621,0,2,3,2,2,2,wrong_reference_corrected,0.2345591,0.3380146,0.1034555,0.5584053,True,0.0589228,0.04497
33127,02_BN2-166-Ab_comp.jams,430842,9.76966,0,3,4,3,3,3,wrong_reference_corrected,0.4259293,0.4879633,0.062034,0.1499944,True,-0.0997967,-0.0280114
33198,02_BN2-166-Ab_comp.jams,709024,16.077642,0,2,3,2,2,2,wrong_reference_corrected,0.356316,0.4561531,0.0998371,0.2913401,True,0.0657718,-0.0405445
33235,02_BN2-166-Ab_comp.jams,861135,19.526871,0,3,2,3,3,3,wrong_reference_corrected,0.2578498,0.6909363,0.4330866,0.0690075,True,-0.065876,-0.2482992
39170,02_Jazz3-150-C_comp.jams,194445,4.409184,0,2,3,2,2,3,wrong_reference_corrected,0.3457217,0.3865812,0.0408596,0.4091486,True,0.0605486,-0.0259065
40961,02_Rock2-142-D_comp.jams,176507,4.002426,0,3,2,3,3,3,wrong_reference_corrected,0.2215637,0.324493,0.1029293,0.4624651,True,-0.0656758,0.1003932
41074,02_Rock2-142-D_comp.jams,543141,12.316122,0,3,2,3,3,3,wrong_reference_corrected,0.2634223,0.4499842,0.1865619,0.389088,True,-0.0649803,-0.0653021
41104,02_Rock2-142-D_comp.jams,626139,14.198163,0,3,4,3,3,4,wrong_reference_corrected,0.4280595,0.4858722,0.0578127,0.1504846,True,-0.0999201,0.0296681
41136,02_Rock2-142-D_comp.jams,700069,15.87458,0,3,2,3,3,3,wrong_reference_corrected,0.2531126,0.5737836,0.320671,0.2157352,True,-0.0639312,0.0102933
41299,02_Rock2-142-D_comp.jams,1147885,26.029138,0,2,3,2,2,2,wrong_reference_corrected,0.2126022,0.2799763,0.0673741,0.6444284,True,0.0631535,0.1319023
42995,02_Rock3-148-C_comp.jams,82175,1.863379,0,4,3,4,4,4,wrong_reference_corrected,0.2959086,0.459315,0.1634064,0.2615893,True,-0.1893483,-0.1517466
43117,02_Rock3-148-C_comp.jams,367487,8.333039,0,2,3,2,2,2,wrong_reference_corrected,0.0666554,0.1541546,0.0874992,0.8348364,True,0.07365,0.133653
43166,02_Rock3-148-C_comp.jams,483504,10.96381,0,4,3,4,4,4,wrong_reference_corrected,0.1480678,0.7088046,0.5607368,0.1680035,True,-0.0099057,-0.110992
43175,02_Rock3-148-C_comp.jams,502376,11.391746,0,4,3,4,5,5,wrong_reference_corrected,0.1456057,0.1914509,0.0458453,0.4908736,True,-0.0382819,-0.1277885
43211,02_Rock3-148-C_comp.jams,571984,12.970159,0,3,4,3,3,3,wrong_reference_corrected,0.254579,0.4046775,0.1500985,0.4571155,True,-0.0970349,-0.0911847
43221,02_Rock3-148-C_comp.jams,599208,13.587483,0,4,3,4,4,4,wrong_reference_corrected,0.3145512,0.5063421,0.1917909,0.2612985,True,-0.0599486,-0.0316247
43296,02_Rock3-148-C_comp.jams,769828,17.456417,0,4,3,4,4,4,wrong_reference_corrected,0.2464709,0.4504263,0.2039554,0.4022444,True,-0.0376959,-0.0628917
43330,02_Rock3-148-C_comp.jams,845163,19.164694,0,2,3,2,2,2,wrong_reference_corrected,0.1346139,0.4272807,0.2926668,0.5062542,True,0.0613278,0.1341196
43429,02_Rock3-148-C_comp.jams,1072724,24.324807,0,2,3,2,2,2,wrong_reference_corrected,0.2040549,0.5984512,0.3943963,0.0688024,True,0.0591694,0.13291
48047,03_BN2-166-Ab_comp.jams,351333,7.966735,0,3,2,3,3,3,wrong_reference_corrected,0.2457448,0.3903748,0.14463,0.4824367,True,-0.0660544,-0.0956614
48090,03_BN2-166-Ab_comp.jams,509257,11.547778,0,4,2,4,4,4,wrong_reference_corrected,0.2353032,0.6368566,0.4015534,0.1671778,True,-0.3208433,-0.3382342
48128,03_BN2-166-Ab_comp.jams,622726,14.120771,0,2,4,2,2,2,wrong_reference_corrected,0.0762441,0.8753596,0.7991155,0.0523908,True,0.0694938,0.0749781
48217,03_BN2-166-Ab_comp.jams,1004130,22.769388,0,3,4,3,3,4,wrong_reference_corrected,0.4212659,0.4766519,0.055386,0.0613378,True,-0.1113087,-0.2054659
53542,03_Jazz3-150-C_comp.jams,770149,17.463696,0,3,4,3,3,3,wrong_reference_corrected,0.3476549,0.5492993,0.2016444,0.1579621,True,-0.0430884,-0.0425636
53594,03_Jazz3-150-C_comp.jams,1033601,23.437664,0,3,4,3,3,3,wrong_reference_corrected,0.2041576,0.6284524,0.4242948,0.2103305,True,-0.0410012,-0.0190117
54954,03_Rock2-142-D_comp.jams,92232,2.091429,0,2,4,2,2,2,wrong_reference_corrected,0.1119111,0.6146978,0.5027867,0.2217954,True,0.0562081,0.0911983
55044,03_Rock2-142-D_comp.jams,374076,8.482449,0,3,4,3,3,3,wrong_reference_corrected,0.3334816,0.3890861,0.0556045,0.1114665,True,-0.0976723,0.0379529
55054,03_Rock2-142-D_comp.jams,400226,9.07542,0,2,4,2,2,2,wrong_reference_corrected,0.068945,0.7618589,0.692914,0.1118639,True,0.0549918,0.2205895
55282,03_Rock2-142-D_comp.jams,1043262,23.656735,0,3,4,3,3,3,wrong_reference_corrected,0.3804498,0.4165787,0.0361289,0.327611,True,-0.0960471,-0.0327539
56895,03_Rock3-148-C_comp.jams,71131,1.612948,0,2,3,2,2,2,wrong_reference_corrected,0.2233393,0.3372927,0.1139534,0.5568022,True,0.0656126,0.0751949
56896,03_Rock3-148-C_comp.jams,72918,1.653469,0,3,2,3,3,3,wrong_reference_corrected,0.4292831,0.5455297,0.1162465,0.0441326,True,-0.0666444,-0.060768
56915,03_Rock3-148-C_comp.jams,117319,2.660295,0,2,3,2,2,2,wrong_reference_corrected,0.2996591,0.3015218,0.0018627,0.5694642,True,0.0589228,0.0712269
56966,03_Rock3-148-C_comp.jams,242362,5.495737,0,3,4,3,3,3,wrong_reference_corrected,0.3832545,0.4283904,0.045136,0.3054016,True,-0.0926592,-0.0486602
57007,03_Rock3-148-C_comp.jams,331475,7.51644,0,2,3,2,2,2,wrong_reference_corrected,0.2646896,0.4374169,0.1727273,0.4051261,True,0.0564696,0.045223
57018,03_Rock3-148-C_comp.jams,357120,8.097959,0,3,4,3,3,3,wrong_reference_corrected,0.2389732,0.4091279,0.1701548,0.1912515,True,-0.0692477,0.0841676
57028,03_Rock3-148-C_comp.jams,384805,8.725737,0,3,4,3,3,3,wrong_reference_corrected,0.4137296,0.4704513,0.0567217,0.1975523,True,-0.0896625,0.0392638
57120,03_Rock3-148-C_comp.jams,590634,13.393061,0,2,3,2,2,2,wrong_reference_corrected,0.2112066,0.3727975,0.1615909,0.4926893,True,0.048968,-0.0200466
57142,03_Rock3-148-C_comp.jams,643797,14.598571,0,4,3,4,4,4,wrong_reference_corrected,0.2066092,0.5867382,0.3801289,0.0294855,True,-0.0571444,-0.0367653
57179,03_Rock3-148-C_comp.jams,731377,16.584512,0,3,4,3,3,3,wrong_reference_corrected,0.4156436,0.5102227,0.094579,0.1268638,True,-0.0823458,-0.0746483
57227,03_Rock3-148-C_comp.jams,841098,19.072517,0,3,2,3,3,3,wrong_reference_corrected,0.1861936,0.4921305,0.3059369,0.2031911,True,-0.0687645,-0.0236607
57255,03_Rock3-148-C_comp.jams,904141,20.502063,0,2,3,2,2,2,wrong_reference_corrected,0.1296756,0.5955344,0.4658588,0.3157328,True,0.0676647,0.0278164
57301,03_Rock3-148-C_comp.jams,1018757,23.101066,0,3,4,3,3,3,wrong_reference_corrected,0.2487728,0.5314963,0.2827236,0.2924958,True,-0.0960471,0.0714304
57451,03_SS1-68-E_comp.jams,3360,0.07619,0,2,3,2,2,2,wrong_reference_corrected,0.2627997,0.6708663,0.4080665,0.0899809,True,0.059854,0.0970999
57465,03_SS1-68-E_comp.jams,41342,0.93746,0,2,4,2,2,2,wrong_reference_corrected,0.0611,0.6591623,0.5980623,0.297942,True,0.0805247,0.0055968
57529,03_SS1-68-E_comp.jams,193810,4.394785,0,2,3,2,2,2,wrong_reference_corrected,0.2023829,0.5710725,0.3686896,0.2840267,True,0.0650796,0.0469687
57632,03_SS1-68-E_comp.jams,429740,9.744671,0,2,4,2,2,2,wrong_reference_corrected,0.1333956,0.3887382,0.2553425,0.5514237,True,0.0756308,-0.03641
57718,03_SS1-68-E_comp.jams,651461,14.772358,0,2,3,2,2,2,wrong_reference_corrected,0.1758284,0.5116611,0.3358326,0.3791814,True,0.0652663,-0.1429491
57738,03_SS1-68-E_comp.jams,701629,15.909955,0,3,4,3,3,3,wrong_reference_corrected,0.3378028,0.5277952,0.1899924,0.2029639,True,-0.0956522,0.0374449
57784,03_SS1-68-E_comp.jams,819109,18.5739,0,3,2,3,3,3,wrong_reference_corrected,0.3888344,0.4877642,0.0989298,0.2019116,True,-0.0756943,-0.0990046
57908,03_SS1-68-E_comp.jams,1129289,25.60746,0,2,4,2,2,2,wrong_reference_corrected,0.091329,0.6220368,0.5307077,0.3154433,True,0.0805247,0.0477132
57921,03_SS1-68-E_comp.jams,1168689,26.500884,0,2,4,2,2,2,wrong_reference_corrected,0.1845648,0.2715061,0.0869413,0.6670415,True,0.0493377,0.0358106
58095,03_SS1-68-E_comp.jams,1674712,37.975329,0,2,4,2,2,2,wrong_reference_corrected,0.0697597,0.3836005,0.3138408,0.5876329,True,0.0768584,-0.0081854
58333,03_SS1-68-E_solo.jams,1772360,40.189569,0,2,3,2,2,2,wrong_reference_corrected,0.3382905,0.6352687,0.2969782,0.0399583,True,0.0624394,0.0816032
61451,04_BN2-166-Ab_comp.jams,597904,13.557914,0,4,3,4,4,4,wrong_reference_corrected,0.4351304,0.4620725,0.0269421,0.1819839,True,-0.0606868,0.0951041
61469,04_BN2-166-Ab_comp.jams,669754,15.187166,0,2,4,2,2,2,wrong_reference_corrected,0.2658383,0.4432017,0.1773634,0.3963159,True,0.0612845,-0.1027174
61488,04_BN2-166-Ab_comp.jams,733027,16.621927,0,3,4,3,3,3,wrong_reference_corrected,0.2401507,0.5767145,0.3365639,0.2410145,True,-0.047659,0.0921427
61514,04_BN2-166-Ab_comp.jams,836775,18.97449,0,3,2,3,3,3,wrong_reference_corrected,0.2895157,0.6716544,0.3821387,0.0062961,True,-0.0569276,0.117042
61522,04_BN2-166-Ab_comp.jams,861510,19.535374,0,2,3,2,2,2,wrong_reference_corrected,0.1157807,0.6189821,0.5032014,0.2999678,True,0.07365,0.0999122
67178,04_Jazz3-150-C_comp.jams,87507,1.984286,0,2,4,2,2,2,wrong_reference_corrected,0.1032296,0.4462492,0.3430196,0.5023819,True,0.0712122,-0.0966105
67195,04_Jazz3-150-C_comp.jams,134640,3.053061,0,2,4,2,2,2,wrong_reference_corrected,0.126754,0.6626642,0.5359103,0.2411483,True,0.0699755,0.0443146
67220,04_Jazz3-150-C_comp.jams,223027,5.057302,0,2,4,2,2,2,wrong_reference_corrected,0.0634448,0.2738734,0.2104286,0.7029423,True,0.0779923,0.0620724
67448,04_Jazz3-150-C_comp.jams,1024137,23.223061,0,3,2,3,3,3,wrong_reference_corrected,0.2943342,0.4649278,0.1705936,0.3411501,True,-0.0702775,-0.1451184
67474,04_Jazz3-150-C_comp.jams,1110294,25.176735,0,3,2,3,3,3,wrong_reference_corrected,0.3271125,0.4813644,0.1542519,0.0275672,True,-0.0684261,0.1525788
68915,04_Rock2-142-D_comp.jams,213680,4.845351,0,2,4,2,3,3,wrong_reference_corrected,0.0990909,0.3297426,0.2306517,0.3416215,True,0.0589086,0.2324967
68987,04_Rock2-142-D_comp.jams,420536,9.535964,0,4,3,4,4,4,wrong_reference_corrected,0.2664156,0.4735873,0.2071718,0.3544201,True,-0.0277848,0.0928419
68991,04_Rock2-142-D_comp.jams,429075,9.729592,0,3,2,3,3,3,wrong_reference_corrected,0.25449,0.6709427,0.4164527,0.1000218,True,-0.0656893,0.0179689
69036,04_Rock2-142-D_comp.jams,540647,12.259569,0,3,2,3,3,3,wrong_reference_corrected,0.1890569,0.2732132,0.0841563,0.6272346,True,-0.0662578,-0.1467009
69107,04_Rock2-142-D_comp.jams,718603,16.294853,0,3,2,3,3,3,wrong_reference_corrected,0.2118837,0.7473768,0.5354931,0.0516923,True,-0.069028,-0.0939807
69145,04_Rock2-142-D_comp.jams,809823,18.363333,0,3,4,3,3,4,wrong_reference_corrected,0.4043917,0.4934739,0.0890822,0.1714792,True,-0.0942605,0.0228023
69155,04_Rock2-142-D_comp.jams,838416,19.011701,0,4,3,4,4,4,wrong_reference_corrected,0.3655297,0.5080127,0.1424829,0.1993121,True,-0.0387484,-0.0471842
69256,04_Rock2-142-D_comp.jams,1108729,25.141247,0,4,3,4,4,4,wrong_reference_corrected,0.2183507,0.46345,0.2450992,0.4070871,True,-0.0400976,-0.0297516
71036,04_Rock3-148-C_comp.jams,348837,7.910136,0,4,3,4,4,4,wrong_reference_corrected,0.3194694,0.4124983,0.0930289,0.3938579,True,-0.0268397,-0.0020978
71047,04_Rock3-148-C_comp.jams,374943,8.502109,0,4,2,4,3,3,wrong_reference_corrected,0.2916707,0.455718,0.1640472,0.0361035,True,-0.3524011,-0.4399302
71177,04_Rock3-148-C_comp.jams,684499,15.521519,0,3,2,3,3,3,wrong_reference_corrected,0.4520916,0.5034052,0.0513136,0.0812238,True,-0.0682471,-0.1798785
71223,04_Rock3-148-C_comp.jams,828461,18.785964,0,2,3,2,2,2,wrong_reference_corrected,0.2364064,0.5751888,0.3387824,0.2467344,True,0.064638,0.217219
71239,04_Rock3-148-C_comp.jams,876078,19.865714,0,4,3,4,4,4,wrong_reference_corrected,0.2760378,0.6834221,0.4073844,0.0559976,True,-0.0483734,-0.0825883
71271,04_Rock3-148-C_comp.jams,961961,21.813175,0,3,2,3,3,3,wrong_reference_corrected,0.2994581,0.4531821,0.153724,0.3530978,True,-0.0866511,-0.1000341
71286,04_Rock3-148-C_comp.jams,1002496,22.732336,0,2,3,2,2,2,wrong_reference_corrected,0.3712482,0.4980321,0.1267839,0.2079036,True,0.0548463,-0.1737551
71376,04_Rock3-148-C_solo.jams,527593,11.96356,0,2,3,2,2,2,wrong_reference_corrected,0.1281764,0.3903291,0.2621527,0.5522844,True,0.0681466,0.0846268
71465,04_SS1-68-E_comp.jams,77967,1.767959,0,2,3,2,2,2,wrong_reference_corrected,0.2452869,0.3423706,0.0970836,0.5463566,True,0.0660096,0.044433
71493,04_SS1-68-E_comp.jams,139493,3.163107,0,3,2,3,3,3,wrong_reference_corrected,0.3132283,0.5616709,0.2484426,0.1696692,True,-0.0725575,0.0429178
71518,04_SS1-68-E_comp.jams,194866,4.41873,0,3,2,3,2,2,wrong_reference_corrected,0.1655357,0.3330778,0.1675422,0.6008484,True,-0.0945514,-0.1747028
71552,04_SS1-68-E_comp.jams,272610,6.181633,0,5,3,5,5,5,wrong_reference_corrected,0.218394,0.3286974,0.1103034,0.579459,True,0.0444444,0.1151515
71607,04_SS1-68-E_comp.jams,408880,9.271655,0,2,3,2,2,2,wrong_reference_corrected,0.2012935,0.2086863,0.0073928,0.7387196,True,0.0622044,0.046413
71633,04_SS1-68-E_comp.jams,468621,10.626327,0,3,4,3,3,4,wrong_reference_corrected,0.2239823,0.3259429,0.1019606,0.318981,True,-0.0855595,-0.1852782
71803,04_SS1-68-E_comp.jams,888263,20.142018,0,2,3,2,2,2,wrong_reference_corrected,0.1711662,0.8026395,0.6314733,0.0316037,True,0.0748945,0.1030764
71895,04_SS1-68-E_comp.jams,1091042,24.740181,0,2,3,2,2,2,wrong_reference_corrected,0.2523672,0.3869852,0.134618,0.4823861,True,0.0589228,0.0924446
71956,04_SS1-68-E_comp.jams,1225329,27.785238,0,3,2,3,3,3,wrong_reference_corrected,0.3452962,0.5977352,0.2524391,0.0870144,True,-0.0632069,0.0254126
72079,04_SS1-68-E_comp.jams,1518530,34.433787,0,2,3,2,2,2,wrong_reference_corrected,0.2215193,0.3707707,0.1492514,0.5237252,True,0.0589228,-0.0134297
72156,04_SS1-68-E_comp.jams,1694889,38.432857,0,3,2,3,2,2,wrong_reference_corrected,0.2883825,0.4719309,0.1835484,0.3345281,True,-0.065459,-0.1253342
72201,04_SS1-68-E_comp.jams,1797002,40.748345,0,2,4,2,2,2,wrong_reference_corrected,0.0633809,0.4757233,0.4123424,0.4920846,True,0.0536055,0.0753673
72215,04_SS1-68-E_comp.jams,1829741,41.490726,0,3,2,3,3,2,wrong_reference_corrected,0.3732559,0.4184576,0.0452017,0.332331,True,-0.0669693,-0.1493191
1066,00_BN3-154-E_comp.jams,302163,6.851769,1,3,2,3,3,3,wrong_reference_corrected,0.2710947,0.3841419,0.1130471,0.472988,True,-0.1404288,-0.0985886
1089,00_BN3-154-E_comp.jams,378628,8.585669,1,2,3,2,2,2,wrong_reference_corrected,0.1720786,0.3095045,0.137426,0.6261668,True,-0.0017102,-0.0207267
1104,00_BN3-154-E_comp.jams,439500,9.965986,1,3,2,3,3,3,wrong_reference_corrected,0.1525629,0.1910492,0.0384863,0.7745566,True,-0.1235921,-0.2161946
1263,00_BN3-154-E_comp.jams,928675,21.05839,1,2,3,2,2,2,wrong_reference_corrected,0.1158084,0.2141259,0.0983175,0.7578286,True,-0.0060314,-0.0151419
2882,00_Funk2-119-G_comp.jams,33264,0.754286,1,3,2,3,3,3,wrong_reference_corrected,0.3689272,0.5189773,0.1500501,0.1776268,True,-0.1278285,-0.0454138
3103,00_Funk2-119-G_comp.jams,596211,13.519524,1,5,4,5,5,5,wrong_reference_corrected,0.1496498,0.7761015,0.6264517,0.0873154,True,-0.0374586,0.0787858
3223,00_Funk2-119-G_comp.jams,883168,20.026485,1,2,3,2,2,2,wrong_reference_corrected,0.2101564,0.3944848,0.1843285,0.5005532,True,-0.0282899,0.0030763
3318,00_Funk2-119-G_comp.jams,1129743,25.617755,1,4,3,4,4,4,wrong_reference_corrected,0.0538358,0.1129405,0.0591047,0.7916987,True,0.0031573,-0.0782851
3346,00_Funk2-119-G_comp.jams,1199319,27.195442,1,4,3,4,4,4,wrong_reference_corrected,0.1092854,0.3096697,0.2003843,0.4264808,True,0.0404096,-0.0752874
3620,00_Funk3-112-C#_comp.jams,130821,2.966463,1,4,3,4,3,3,wrong_reference_corrected,0.3791596,0.3961249,0.0169653,0.3619538,True,0.0634921,0.0253968
3657,00_Funk3-112-C#_comp.jams,226251,5.130408,1,4,3,4,4,3,wrong_reference_corrected,0.3728691,0.518532,0.145663,0.1731677,True,0.0386785,0.0782839
3845,00_Funk3-112-C#_comp.jams,691138,15.672063,1,5,4,5,4,4,wrong_reference_corrected,0.3455476,0.4396823,0.0941347,0.2960729,True,-0.0420541,-0.0572189
3952,00_Funk3-112-C#_comp.jams,957333,21.708231,1,3,4,3,3,3,wrong_reference_corrected,0.2404527,0.2499697,0.009517,0.6372119,True,-0.0462677,0.0033645
4134,00_Funk3-112-C#_comp.jams,1417596,32.145034,1,4,3,4,4,4,wrong_reference_corrected,0.2821929,0.3615661,0.0793731,0.426782,True,0.0183355,-0.140991
4351,00_Funk3-112-C#_solo.jams,1477551,33.504558,1,2,3,2,2,2,wrong_reference_corrected,0.091097,0.4667692,0.3756722,0.4864476,True,0.0208331,0.1625364
15758,00_SS3-98-C_comp.jams,68724,1.558367,1,3,2,3,3,3,wrong_reference_corrected,0.0977486,0.4209967,0.323248,0.5333931,True,-0.1143762,-0.0992901
16254,00_SS3-98-C_comp.jams,1362820,30.902948,1,2,3,2,2,2,wrong_reference_corrected,0.1490595,0.3961002,0.2470408,0.5345147,True,-0.0217475,-0.017752
16338,00_SS3-98-C_comp.jams,1579519,35.816757,1,2,3,2,2,2,wrong_reference_corrected,0.0912811,0.4715325,0.3802513,0.4811019,True,-0.0226035,0.0705652
16424,00_SS3-98-C_solo.jams,431828,9.792018,1,2,3,2,2,2,wrong_reference_corrected,0.3494709,0.5308473,0.1813764,0.183976,True,-0.0236989,0.0038032
16620,00_SS3-98-C_solo.jams,1013824,22.989206,1,2,3,2,2,2,wrong_reference_corrected,0.1361397,0.6761155,0.5399757,0.2173324,True,-0.020903,-0.040092
17785,01_BN3-154-E_comp.jams,96391,2.185737,1,3,4,3,3,3,wrong_reference_corrected,0.3684312,0.5675584,0.1991272,0.1013514,True,-0.0310098,0.0885247
17905,01_BN3-154-E_comp.jams,533439,12.096122,1,3,4,3,4,4,wrong_reference_corrected,0.3226678,0.46614,0.1434722,0.2769288,True,-0.0327866,-0.057103
17951,01_BN3-154-E_comp.jams,679978,15.419002,1,2,3,2,3,3,wrong_reference_corrected,0.2236208,0.2555196,0.0318988,0.6708829,True,-0.0199969,0.0056205
17968,01_BN3-154-E_comp.jams,739428,16.767075,1,3,2,3,3,3,wrong_reference_corrected,0.2902755,0.3053744,0.0150989,0.5697282,True,-0.1292142,0.0235722
18053,01_BN3-154-E_comp.jams,1048402,23.773288,1,3,4,3,3,3,wrong_reference_corrected,0.3549922,0.5826595,0.2276673,0.0966629,True,-0.0327546,0.1226798
19486,01_Funk2-119-G_comp.jams,100135,2.270635,1,2,4,2,2,2,wrong_reference_corrected,0.1068504,0.6898987,0.5830484,0.1147927,True,0.0106761,0.0818505
19495,01_Funk2-119-G_comp.jams,132935,3.014399,1,4,3,4,4,4,wrong_reference_corrected,0.4244148,0.428418,0.0040032,0.2556827,True,0.038001,0.001045
19597,01_Funk2-119-G_comp.jams,533855,12.105556,1,3,4,3,3,3,wrong_reference_corrected,0.365682,0.4750432,0.1093613,0.2510961,True,-0.0332144,-0.1145449
19658,01_Funk2-119-G_comp.jams,795307,18.034172,1,3,4,3,3,3,wrong_reference_corrected,0.4299242,0.4866591,0.0567349,0.0622353,True,-0.032688,0.0655347
19700,01_Funk2-119-G_comp.jams,951678,21.58,1,2,4,2,2,2,wrong_reference_corrected,0.0897369,0.717502,0.6277651,0.1129345,True,0.1254144,0.2036296
19729,01_Funk2-119-G_comp.jams,1067806,24.213288,1,3,4,3,3,3,wrong_reference_corrected,0.3586018,0.5040643,0.1454625,0.2141164,True,0.0653341,0.1726866
19776,01_Funk2-119-G_comp.jams,1245279,28.237619,1,2,4,2,2,2,wrong_reference_corrected,0.1393981,0.2295089,0.0901108,0.7333158,True,0.121708,0.0920514
19799,01_Funk2-119-G_comp.jams,1363042,30.907982,1,2,3,2,2,3,wrong_reference_corrected,0.2328498,0.4092172,0.1763674,0.4665748,True,-0.0320964,-0.0380146
19811,01_Funk2-119-G_comp.jams,1417215,32.136395,1,3,4,3,3,3,wrong_reference_corrected,0.1853176,0.4144849,0.2291673,0.0479736,True,-0.0328497,-0.0064417
20058,01_Funk3-112-C#_comp.jams,177424,4.02322,1,3,2,3,3,3,wrong_reference_corrected,0.3315274,0.6362008,0.3046735,0.0482769,True,-0.123537,-0.075267
20076,01_Funk3-112-C#_comp.jams,260412,5.905034,1,3,2,3,3,3,wrong_reference_corrected,0.3964686,0.419119,0.0226504,0.0725663,True,-0.1259748,-0.2457511
20095,01_Funk3-112-C#_comp.jams,347919,7.88932,1,2,3,2,2,2,wrong_reference_corrected,0.169976,0.2040087,0.0340326,0.7542135,True,-0.0148706,0.0496964
20109,01_Funk3-112-C#_comp.jams,402524,9.127528,1,3,2,3,3,3,wrong_reference_corrected,0.4320237,0.5618494,0.1298257,0.0107874,True,-0.1235921,-0.2240576
20133,01_Funk3-112-C#_comp.jams,531578,12.053923,1,2,3,2,2,2,wrong_reference_corrected,0.2485889,0.7479876,0.4993986,0.0045561,True,-0.0031314,-0.0376669
20136,01_Funk3-112-C#_comp.jams,537500,12.188209,1,3,4,3,3,3,wrong_reference_corrected,0.3696054,0.4469929,0.0773875,0.1951632,True,-0.0324928,-0.1714171
20151,01_Funk3-112-C#_comp.jams,613857,13.91966,1,3,2,3,2,2,wrong_reference_corrected,0.4655855,0.5090348,0.0434493,0.0474906,True,-0.1235921,-0.1592671
20153,01_Funk3-112-C#_comp.jams,626034,14.195782,1,3,2,3,3,3,wrong_reference_corrected,0.4040514,0.574816,0.1707646,0.0354603,True,-0.1213584,0.0557468
20192,01_Funk3-112-C#_comp.jams,821602,18.630431,1,3,4,3,3,3,wrong_reference_corrected,0.2365169,0.6986575,0.4621406,0.0012694,True,0.063197,0.0352092
20249,01_Funk3-112-C#_comp.jams,1027778,23.305624,1,3,2,3,3,3,wrong_reference_corrected,0.4163416,0.4246072,0.0082656,0.0473229,True,-0.121114,-0.0980572
20255,01_Funk3-112-C#_comp.jams,1051487,23.843243,1,3,2,3,3,3,wrong_reference_corrected,0.3605978,0.6307123,0.2701145,0.0135906,True,-0.1235921,0.0098457
20264,01_Funk3-112-C#_comp.jams,1086913,24.646553,1,3,2,3,3,3,wrong_reference_corrected,0.3064671,0.3236462,0.017179,0.2028269,True,-0.1326186,-0.1646246
20273,01_Funk3-112-C#_comp.jams,1105739,25.073447,1,3,4,3,3,3,wrong_reference_corrected,0.2564806,0.7094963,0.4530157,0.0003348,True,0.0523504,0.0436107
20279,01_Funk3-112-C#_comp.jams,1122659,25.45712,1,3,2,3,2,2,wrong_reference_corrected,0.2288866,0.7158551,0.4869685,0.0716604,True,-0.1227511,-0.0141522
20296,01_Funk3-112-C#_comp.jams,1198205,27.170181,1,2,3,2,2,2,wrong_reference_corrected,0.20955,0.7650104,0.5554604,0.0321837,True,0.001282,0.2698225
20300,01_Funk3-112-C#_comp.jams,1222984,27.732063,1,2,3,2,2,2,wrong_reference_corrected,0.2038218,0.7864933,0.5826715,0.0121643,True,-0.0236989,0.0528507
20306,01_Funk3-112-C#_comp.jams,1252258,28.395873,1,3,2,3,3,3,wrong_reference_corrected,0.2391337,0.3511129,0.1119792,0.0814799,True,-0.1372082,-0.1954271
20345,01_Funk3-112-C#_comp.jams,1388564,31.486712,1,3,4,3,3,3,wrong_reference_corrected,0.275032,0.7246663,0.4496343,0.0004161,True,0.0725047,0.0661446
20349,01_Funk3-112-C#_comp.jams,1406296,31.888798,1,2,3,2,2,2,wrong_reference_corrected,0.0624258,0.9333015,0.8708757,0.0045571,True,0.0223486,0.0180431
31393,01_SS3-98-C_comp.jams,40983,0.92932,1,2,3,2,2,2,wrong_reference_corrected,0.2598458,0.4924097,0.2325639,0.3347202,True,-0.0236989,-0.14944
31406,01_SS3-98-C_comp.jams,69224,1.569705,1,2,3,2,2,2,wrong_reference_corrected,0.1241634,0.3924315,0.2682681,0.3011144,True,-0.041889,-0.0354695
31458,01_SS3-98-C_comp.jams,183578,4.162766,1,2,3,2,2,2,wrong_reference_corrected,0.0768561,0.4457074,0.3688513,0.5171854,True,-0.0226035,0.0920807
31482,01_SS3-98-C_comp.jams,238566,5.40966,1,2,3,2,2,2,wrong_reference_corrected,0.1516767,0.2854279,0.1337512,0.6635387,True,-0.0160496,0.0234017
31490,01_SS3-98-C_comp.jams,256098,5.807211,1,2,3,2,2,2,wrong_reference_corrected,0.0985751,0.2247266,0.1261515,0.7506985,True,-0.0221323,0.1200398
31510,01_SS3-98-C_comp.jams,297624,6.748844,1,2,3,2,2,2,wrong_reference_corrected,0.1338848,0.4509972,0.3171124,0.4792873,True,-0.0226035,0.0803681
31557,01_SS3-98-C_comp.jams,400436,9.080181,1,2,3,2,2,2,wrong_reference_corrected,0.2898358,0.5473419,0.257506,0.2292741,True,0.0030831,0.0921165
31613,01_SS3-98-C_comp.jams,519785,11.786508,1,3,2,3,3,3,wrong_reference_corrected,0.1921838,0.4609801,0.2687963,0.3706551,True,-0.1077024,-0.0117844
31617,01_SS3-98-C_comp.jams,527988,11.972517,1,2,3,2,2,2,wrong_reference_corrected,0.226391,0.4284507,0.2020597,0.4461662,True,-0.0256748,0.0223111
31645,01_SS3-98-C_comp.jams,588693,13.349048,1,2,3,2,2,2,wrong_reference_corrected,0.281673,0.5552606,0.2735876,0.2270085,True,-0.0240543,0.0269592
31656,01_SS3-98-C_comp.jams,616022,13.968753,1,2,3,2,2,2,wrong_reference_corrected,0.3164253,0.359917,0.0434917,0.473478,True,-0.0227762,0.1546394
31731,01_SS3-98-C_comp.jams,778370,17.650113,1,2,3,2,2,2,wrong_reference_corrected,0.222928,0.3300608,0.1071328,0.5752507,True,-0.0236989,0.0652922
31740,01_SS3-98-C_comp.jams,803907,18.229184,1,2,3,2,2,2,wrong_reference_corrected,0.1870935,0.2915446,0.104451,0.3387805,True,-0.0413915,-0.0030693
31781,01_SS3-98-C_comp.jams,898219,20.367778,1,2,3,2,2,2,wrong_reference_corrected,0.2392134,0.3074305,0.0682172,0.5959044,True,-0.0236989,-0.0999419
31895,01_SS3-98-C_comp.jams,1156023,26.213673,1,2,3,2,2,2,wrong_reference_corrected,0.2105734,0.3618956,0.1513223,0.5415716,True,-0.0246981,0.0559714
31982,01_SS3-98-C_comp.jams,1349895,30.609864,1,3,2,3,3,3,wrong_reference_corrected,0.1919372,0.4847766,0.2928394,0.2900942,True,-0.1226126,-0.1183069
32101,01_SS3-98-C_comp.jams,1601547,36.316259,1,2,3,2,2,2,wrong_reference_corrected,0.3861285,0.4570762,0.0709478,0.2554205,True,-0.0642478,-0.0411298
32137,01_SS3-98-C_comp.jams,1674405,37.968367,1,3,2,3,2,2,wrong_reference_corrected,0.2348751,0.2992524,0.0643773,0.5581853,True,-0.1270073,-0.0664234
33419,02_BN3-154-E_comp.jams,164082,3.72068,1,2,3,2,2,2,wrong_reference_corrected,0.224041,0.3024481,0.0784071,0.6102267,True,-0.0236989,-0.1844528
33751,02_BN3-154-E_comp.jams,1083005,24.557937,1,4,3,4,4,4,wrong_reference_corrected,0.3173393,0.3790747,0.0617353,0.44471,True,0.043198,0.1720075
35002,02_Funk2-119-G_comp.jams,212302,4.814104,1,4,3,4,4,4,wrong_reference_corrected,0.1365545,0.6573827,0.5208283,0.2386517,True,0.0549835,0.1571976
35027,02_Funk2-119-G_comp.jams,311111,7.054671,1,2,4,2,3,4,wrong_reference_corrected,0.2427641,0.3906449,0.1478808,0.0482226,True,-0.0070074,0.0272327
35069,02_Funk2-119-G_comp.jams,490048,11.1122,1,3,4,3,3,3,wrong_reference_corrected,0.2590133,0.6842129,0.4251996,0.0766192,True,-0.0332144,0.0238941
35115,02_Funk2-119-G_comp.jams,623155,14.130499,1,2,3,2,2,2,wrong_reference_corrected,0.2905256,0.3544656,0.06394,0.5003829,True,-0.0916115,-0.1171239
35138,02_Funk2-119-G_comp.jams,710665,16.114853,1,2,3,2,2,2,wrong_reference_corrected,0.3536103,0.3797453,0.026135,0.4125133,True,-0.0217802,-0.0181253
35189,02_Funk2-119-G_comp.jams,890336,20.189025,1,3,2,3,3,3,wrong_reference_corrected,0.4135329,0.4790466,0.0655138,0.1831655,True,-0.1242741,0.1770165
35533,02_Funk3-112-C#_comp.jams,72954,1.654286,1,3,2,3,3,3,wrong_reference_corrected,0.3568212,0.5553694,0.1985482,0.136524,True,-0.123537,0.1427275
35706,02_Funk3-112-C#_comp.jams,756644,17.15746,1,3,4,3,4,4,wrong_reference_corrected,0.4054014,0.4893637,0.0839623,0.1769847,True,-0.0409251,-0.0662086
35918,02_Funk3-112-C#_solo.jams,107445,2.436395,1,2,3,2,2,2,wrong_reference_corrected,0.1929321,0.2071739,0.0142417,0.7433006,True,0.0077243,0.0760785
35977,02_Funk3-112-C#_solo.jams,414204,9.392381,1,2,4,2,2,2,wrong_reference_corrected,0.1001353,0.5245623,0.424427,0.4170654,True,0.1256535,-0.0073356
35996,02_Funk3-112-C#_solo.jams,509533,11.554036,1,2,4,2,2,4,wrong_reference_corrected,0.247434,0.3591046,0.1116706,0.5228265,True,0.1145648,-0.0815131
36026,02_Funk3-112-C#_solo.jams,627755,14.234807,1,2,4,2,2,2,wrong_reference_corrected,0.0950148,0.8583524,0.7633375,0.0515289,True,0.1286692,-0.0325407
36037,02_Funk3-112-C#_solo.jams,757929,17.186599,1,2,3,2,2,2,wrong_reference_corrected,0.2053625,0.5378578,0.3324953,0.3231406,True,-0.0204249,-0.0384166
36069,02_Funk3-112-C#_solo.jams,920454,20.871973,1,2,3,2,2,2,wrong_reference_corrected,0.0805942,0.2907321,0.2101379,0.6837826,True,-0.0171656,0.1062806
36125,02_Funk3-112-C#_solo.jams,1134019,25.714717,1,2,4,2,2,3,wrong_reference_corrected,0.0765849,0.2458322,0.1692473,0.524712,True,0.0974147,0.0235202
36189,02_Funk3-112-C#_solo.jams,1406856,31.901497,1,2,3,2,2,2,wrong_reference_corrected,0.2215049,0.4836164,0.2621115,0.0442048,True,-0.030311,-0.1845632
36191,02_Funk3-112-C#_solo.jams,1430274,32.432517,1,2,3,2,2,2,wrong_reference_corrected,0.1551959,0.6337195,0.4785236,0.2498622,True,-0.0133434,0.0257846
46620,02_SS3-98-C_comp.jams,148696,3.371791,1,3,2,3,3,2,wrong_reference_corrected,0.29714,0.3482995,0.0511595,0.374062,True,-0.1122841,0.097607
46670,02_SS3-98-C_comp.jams,296745,6.728912,1,4,3,4,4,4,wrong_reference_corrected,0.4173772,0.4624186,0.0450414,0.2063157,True,0.0371302,0.0837273
46737,02_SS3-98-C_comp.jams,459904,10.428662,1,3,2,3,2,2,wrong_reference_corrected,0.2181695,0.2826842,0.0645147,0.6384329,True,-0.118956,-0.1821026
46743,02_SS3-98-C_comp.jams,472022,10.703447,1,3,2,3,3,3,wrong_reference_corrected,0.2000595,0.3310877,0.1310282,0.2893229,True,-0.1233488,-0.0895949
46768,02_SS3-98-C_comp.jams,540956,12.266576,1,3,2,3,2,2,wrong_reference_corrected,0.4087929,0.4218005,0.0130077,0.2865436,True,-0.124826,-0.0331032
46774,02_SS3-98-C_comp.jams,553935,12.560884,1,3,2,3,3,3,wrong_reference_corrected,0.3049802,0.3682798,0.0632997,0.4701161,True,-0.1277035,-0.1419073
46830,02_SS3-98-C_comp.jams,688029,15.601565,1,3,2,3,3,3,wrong_reference_corrected,0.349516,0.4350052,0.0854892,0.3312592,True,-0.1296991,-0.1371432
46838,02_SS3-98-C_comp.jams,715266,16.219184,1,3,2,3,3,3,wrong_reference_corrected,0.336836,0.4016885,0.0648525,0.0649963,True,-0.1252845,-0.0647474
47039,02_SS3-98-C_comp.jams,1227569,27.836032,1,2,3,2,2,2,wrong_reference_corrected,0.0746579,0.1106047,0.0359469,0.8804715,True,0.0244729,0.0709222
47079,02_SS3-98-C_comp.jams,1337679,30.332857,1,4,3,4,4,4,wrong_reference_corrected,0.1600883,0.4068656,0.2467772,0.4961049,True,0.043357,0.0411965
47154,02_SS3-98-C_comp.jams,1538576,34.888345,1,3,4,3,3,3,wrong_reference_corrected,0.1906188,0.2854098,0.0947911,0.4973165,True,-0.0239282,-0.088278
47160,02_SS3-98-C_comp.jams,1552264,35.19873,1,3,2,3,4,4,wrong_reference_corrected,0.3087244,0.3555241,0.0467997,0.2815602,True,-0.1276725,0.0036324
47227,02_SS3-98-C_comp.jams,1710839,38.794535,1,2,3,2,2,2,wrong_reference_corrected,0.193065,0.6250051,0.4319401,0.2254579,True,-0.0228131,-0.0216804
48369,03_BN3-154-E_comp.jams,11,0.000249,1,4,3,4,4,4,wrong_reference_corrected,0.2713954,0.4620613,0.1906659,0.2993853,True,0.0705538,0.2180203
48419,03_BN3-154-E_comp.jams,216725,4.914399,1,3,4,3,3,3,wrong_reference_corrected,0.2256441,0.4696613,0.2440172,0.3098073,True,-0.0310477,0.1226188
48452,03_BN3-154-E_comp.jams,395087,8.958889,1,3,2,3,2,2,wrong_reference_corrected,0.2076937,0.230865,0.0231713,0.7086164,True,-0.1348022,-0.1789929
48534,03_BN3-154-E_comp.jams,792959,17.98093,1,3,4,3,3,3,wrong_reference_corrected,0.1411496,0.8270764,0.6859269,0.0249328,True,-0.0197655,0.045405
48591,03_BN3-154-E_comp.jams,1047703,23.757438,1,3,2,3,3,3,wrong_reference_corrected,0.379889,0.4751264,0.0952374,0.2338044,True,-0.122789,-0.081168
49736,03_Funk2-119-G_comp.jams,56685,1.285374,1,3,4,3,3,3,wrong_reference_corrected,0.1401839,0.5207047,0.3805207,0.3944,True,-0.0117163,-0.0234136
49740,03_Funk2-119-G_comp.jams,100394,2.276508,1,3,4,3,3,3,wrong_reference_corrected,0.1438775,0.3398359,0.1959584,0.6030522,True,-0.0065824,-0.0217568
49754,03_Funk2-119-G_comp.jams,178089,4.038299,1,3,2,3,3,3,wrong_reference_corrected,0.2216295,0.3654282,0.1437988,0.3281946,True,-0.1266877,-0.083385
49771,03_Funk2-119-G_comp.jams,245151,5.55898,1,3,2,3,3,3,wrong_reference_corrected,0.2062666,0.3259371,0.1196705,0.5893619,True,-0.1301495,-0.2420036
49797,03_Funk2-119-G_comp.jams,355763,8.067188,1,3,4,3,4,4,wrong_reference_corrected,0.3232612,0.5120682,0.188807,0.2433295,True,-0.0332144,-0.0669681
49808,03_Funk2-119-G_comp.jams,389433,8.83068,1,3,2,3,3,3,wrong_reference_corrected,0.3056804,0.3503909,0.0447105,0.4953464,True,-0.1233282,-0.003975
49849,03_Funk2-119-G_comp.jams,580350,13.159864,1,2,3,2,2,2,wrong_reference_corrected,0.241596,0.3068471,0.0652512,0.5954042,True,-0.0159953,-0.1130498
49862,03_Funk2-119-G_comp.jams,655902,14.873061,1,3,2,3,3,3,wrong_reference_corrected,0.438976,0.5447074,0.1057314,0.0290835,True,-0.1285154,0.0076861
49930,03_Funk2-119-G_comp.jams,1111001,25.192766,1,2,3,2,3,3,wrong_reference_corrected,0.2982666,0.3699341,0.0716674,0.4728281,True,-0.0235488,-0.0397778
49979,03_Funk2-119-G_comp.jams,1262977,28.638934,1,2,3,2,2,2,wrong_reference_corrected,0.1756343,0.8205104,0.6448761,0.0046767,True,-0.0236989,0.021945
50249,03_Funk3-112-C#_comp.jams,318459,7.221293,1,2,4,2,3,3,wrong_reference_corrected,0.0715594,0.4124525,0.3408931,0.259526,True,0.0712029,0.1620345
50294,03_Funk3-112-C#_comp.jams,455800,10.335601,1,2,3,2,2,2,wrong_reference_corrected,0.3137237,0.6172797,0.3035561,0.1005377,True,-0.0059791,-0.0899596
50349,03_Funk3-112-C#_comp.jams,710144,16.103039,1,2,4,2,2,2,wrong_reference_corrected,0.0752082,0.8401176,0.7649094,0.0915604,True,0.1287457,0.1936026
50395,03_Funk3-112-C#_comp.jams,898712,20.378957,1,2,4,2,2,2,wrong_reference_corrected,0.1522429,0.6173956,0.4651527,0.0192882,True,0.1117537,0.1284414
50444,03_Funk3-112-C#_comp.jams,1083275,24.564059,1,2,3,2,2,2,wrong_reference_corrected,0.345646,0.6154348,0.2697889,0.0594773,True,-0.0194732,0.0944364
50496,03_Funk3-112-C#_comp.jams,1323667,30.015125,1,2,3,2,3,3,wrong_reference_corrected,0.3489772,0.460838,0.1118608,0.2921323,True,-0.0065491,-0.2154117
60242,03_SS3-98-C_comp.jams,552609,12.530816,1,2,3,2,2,2,wrong_reference_corrected,0.3014619,0.5799974,0.2785355,0.1603167,True,-0.0203284,0.0405792
60243,03_SS3-98-C_comp.jams,554402,12.571474,1,3,2,3,2,2,wrong_reference_corrected,0.3689673,0.3864064,0.0174391,0.3876603,True,-0.1242389,-0.2007703
60253,03_SS3-98-C_comp.jams,573823,13.011859,1,3,2,3,3,3,wrong_reference_corrected,0.2237206,0.469027,0.2453064,0.3958012,True,-0.1257149,0.0784884
60291,03_SS3-98-C_comp.jams,661823,15.007324,1,3,4,3,3,3,wrong_reference_corrected,0.3368508,0.3544242,0.0175734,0.3386772,True,-0.032639,-0.0253932
60324,03_SS3-98-C_comp.jams,727753,16.502336,1,2,3,2,2,2,wrong_reference_corrected,0.0727376,0.106838,0.0341004,0.8847812,True,0.0096161,0.0921763
60331,03_SS3-98-C_comp.jams,741111,16.805238,1,2,3,2,3,3,wrong_reference_corrected,0.340986,0.3749787,0.0339926,0.4310005,True,-0.0236989,-0.0206686
60392,03_SS3-98-C_comp.jams,877533,19.898707,1,4,3,4,4,4,wrong_reference_corrected,0.1769507,0.2932325,0.1162818,0.6437242,True,0.041064,0.0622276
60402,03_SS3-98-C_comp.jams,897095,20.34229,1,2,3,2,2,2,wrong_reference_corrected,0.2365887,0.4269023,0.1903136,0.4407965,True,-0.0217475,0.071122
60442,03_SS3-98-C_comp.jams,984365,22.321202,1,2,3,2,2,2,wrong_reference_corrected,0.208661,0.306144,0.097483,0.5795131,True,-0.0176031,0.0113192
60443,03_SS3-98-C_comp.jams,986573,22.37127,1,3,4,3,2,2,wrong_reference_corrected,0.1056745,0.4436775,0.338003,0.2908964,True,-0.0443376,-0.1648157
60473,03_SS3-98-C_comp.jams,1060828,24.055057,1,2,3,2,2,2,wrong_reference_corrected,0.154514,0.2915474,0.1370334,0.6551719,True,-0.0054298,0.1309515
60525,03_SS3-98-C_comp.jams,1201918,27.254376,1,3,4,3,3,3,wrong_reference_corrected,0.2532903,0.2800756,0.0267853,0.5507369,True,-0.0329335,-0.1249065
60551,03_SS3-98-C_comp.jams,1257706,28.51941,1,3,2,3,3,3,wrong_reference_corrected,0.1692685,0.3138892,0.1446207,0.6221532,True,-0.1237882,0.0717838
60564,03_SS3-98-C_comp.jams,1297268,29.416508,1,2,4,2,2,2,wrong_reference_corrected,0.150629,0.3106628,0.1600338,0.2887551,True,0.1125477,0.1941549
60584,03_SS3-98-C_comp.jams,1349453,30.599841,1,2,4,2,2,2,wrong_reference_corrected,0.080297,0.5490932,0.4687962,0.2758558,True,0.1295727,0.3078146
60610,03_SS3-98-C_comp.jams,1418892,32.174422,1,2,3,2,2,2,wrong_reference_corrected,0.2015748,0.45062,0.2490452,0.4356139,True,-0.0240387,0.0180735
60648,03_SS3-98-C_comp.jams,1493205,33.859524,1,2,3,2,2,2,wrong_reference_corrected,0.1810029,0.248162,0.0671592,0.6969928,True,-0.0303484,0.1016046
60701,03_SS3-98-C_comp.jams,1632922,37.02771,1,3,2,3,3,3,wrong_reference_corrected,0.2848978,0.3447047,0.0598069,0.1256728,True,-0.1252957,0.0385762
60734,03_SS3-98-C_comp.jams,1697675,38.496032,1,2,3,2,2,2,wrong_reference_corrected,0.2738226,0.5310577,0.2572351,0.2686943,True,-0.0149636,-0.0167525
60741,03_SS3-98-C_comp.jams,1712973,38.842925,1,2,3,2,2,2,wrong_reference_corrected,0.2087035,0.6049497,0.3962462,0.2354956,True,-0.0236989,-0.0081359
61725,04_BN3-154-E_comp.jams,155603,3.528413,1,3,4,3,3,3,wrong_reference_corrected,0.3772901,0.5150971,0.137807,0.1412853,True,-0.039607,0.0247619
63197,04_Funk2-119-G_comp.jams,156042,3.538367,1,3,4,3,3,3,wrong_reference_corrected,0.1787754,0.3611148,0.1823394,0.5602728,True,0.0602807,0.1015962
63211,04_Funk2-119-G_comp.jams,195953,4.443379,1,3,4,3,3,3,wrong_reference_corrected,0.2379679,0.622258,0.3842901,0.0010128,True,0.0389965,0.1399735
63314,04_Funk2-119-G_comp.jams,579031,13.129955,1,4,3,4,4,4,wrong_reference_corrected,0.2482437,0.5725855,0.3243419,0.2383363,True,0.0426739,0.1143219
63324,04_Funk2-119-G_comp.jams,611326,13.862268,1,3,2,3,3,3,wrong_reference_corrected,0.3481621,0.4225639,0.0744017,0.1070324,True,-0.1208478,-0.080201
63414,04_Funk2-119-G_comp.jams,985949,22.35712,1,3,2,3,3,3,wrong_reference_corrected,0.3550147,0.5551652,0.2001504,0.1392591,True,-0.1183522,0.0103797
63435,04_Funk2-119-G_comp.jams,1088463,24.681701,1,2,3,2,2,2,wrong_reference_corrected,0.1808955,0.7066398,0.5257443,0.0909731,True,-0.0189578,0.0160951
63436,04_Funk2-119-G_comp.jams,1090267,24.722608,1,2,3,2,4,4,wrong_reference_corrected,0.1721133,0.3850057,0.2128925,0.1311923,True,-0.0728261,-0.0457052
63778,04_Funk3-112-C#_comp.jams,53864,1.221406,1,3,4,3,3,3,wrong_reference_corrected,0.1173236,0.7454556,0.6281319,0.0753813,True,-0.0343345,0.0914425
63794,04_Funk3-112-C#_comp.jams,130762,2.965125,1,3,4,3,3,3,wrong_reference_corrected,0.3383698,0.4579535,0.1195837,0.3078408,True,-0.0330488,0.0098319
63809,04_Funk3-112-C#_comp.jams,173879,3.942834,1,2,3,2,3,3,wrong_reference_corrected,0.2019946,0.3643147,0.1623201,0.5434684,True,-0.0234876,-0.0454335
63833,04_Funk3-112-C#_comp.jams,244436,5.542766,1,3,2,3,2,2,wrong_reference_corrected,0.3883492,0.4376112,0.049262,0.2845408,True,-0.1276856,-0.0899428
63877,04_Funk3-112-C#_comp.jams,413810,9.383447,1,4,3,4,4,4,wrong_reference_corrected,0.1451859,0.673009,0.5278231,0.2126836,True,0.0375673,0.0789793
63890,04_Funk3-112-C#_comp.jams,449820,10.2,1,4,3,4,4,4,wrong_reference_corrected,0.1336198,0.3356033,0.2019835,0.6126374,True,0.0394028,0.0705189
63927,04_Funk3-112-C#_comp.jams,550210,12.476417,1,2,4,2,2,2,wrong_reference_corrected,0.1772156,0.5530149,0.3757993,0.3278737,True,0.1183908,-0.0627378
63961,04_Funk3-112-C#_comp.jams,645612,14.639728,1,2,3,2,2,2,wrong_reference_corrected,0.0874547,0.6562713,0.5688165,0.196848,True,-0.0198326,-0.0236561
63963,04_Funk3-112-C#_comp.jams,651079,14.763696,1,2,3,2,2,2,wrong_reference_corrected,0.1090641,0.4706689,0.3616048,0.3843645,True,-0.0223796,-0.005738
64007,04_Funk3-112-C#_comp.jams,775021,17.574172,1,3,2,3,3,3,wrong_reference_corrected,0.40005,0.4984207,0.0983707,0.1692296,True,-0.145937,-0.1742801
64059,04_Funk3-112-C#_comp.jams,934344,21.186939,1,2,3,2,2,2,wrong_reference_corrected,0.2791215,0.6825682,0.4034467,0.0531439,True,-0.0333988,-0.0783901
64111,04_Funk3-112-C#_comp.jams,1093700,24.800454,1,3,2,3,3,3,wrong_reference_corrected,0.3272022,0.4918667,0.1646645,0.2689234,True,-0.1270073,0.0139974
64185,04_Funk3-112-C#_comp.jams,1298220,29.438095,1,2,4,2,2,2,wrong_reference_corrected,0.1862162,0.6896368,0.5034206,0.1525553,True,0.112791,0.018715
64189,04_Funk3-112-C#_comp.jams,1306503,29.625918,1,3,4,3,3,3,wrong_reference_corrected,0.2770903,0.7130995,0.4360093,0.0019173,True,-0.0384156,-0.0163522
73866,04_SS3-98-C_comp.jams,53404,1.210975,1,2,4,2,3,4,wrong_reference_corrected,0.2205906,0.39467,0.1740794,0.2845027,True,-0.1129707,-0.1451883
73961,04_SS3-98-C_comp.jams,324018,7.347347,1,3,2,3,2,2,wrong_reference_corrected,0.4230979,0.4690348,0.0459369,0.1869768,True,-0.1246302,-0.040864
74232,04_SS3-98-C_comp.jams,1134289,25.720839,1,3,2,3,3,3,wrong_reference_corrected,0.3515288,0.522626,0.1710972,0.1940644,True,-0.1241802,-0.1474352
74250,04_SS3-98-C_comp.jams,1188234,26.944082,1,3,2,3,3,3,wrong_reference_corrected,0.2714236,0.3792705,0.1078469,0.4794362,True,-0.123937,-0.1907784
1724,00_Funk1-114-Ab_comp.jams,13221,0.299796,2,3,2,3,3,3,wrong_reference_corrected,0.3772964,0.6069847,0.2296882,0.025243,True,-0.0682817,0.0617197
1729,00_Funk1-114-Ab_comp.jams,48906,1.10898,2,3,2,3,3,3,wrong_reference_corrected,0.2394771,0.6564557,0.4169786,0.1368364,True,-0.06914,-0.1203414
1894,00_Funk1-114-Ab_comp.jams,581045,13.175624,2,2,3,2,3,3,wrong_reference_corrected,0.3528267,0.5193383,0.1665115,0.1975283,True,0.0277546,-0.0512344
1924,00_Funk1-114-Ab_comp.jams,719574,16.316871,2,2,3,2,3,3,wrong_reference_corrected,0.35232,0.4785136,0.1261936,0.2611881,True,0.0559805,0.0801276
5504,00_Jazz1-200-B_comp.jams,61859,1.402698,2,3,2,3,3,3,wrong_reference_corrected,0.4451198,0.5512974,0.1061775,0.0064569,True,-0.073873,-0.208053
5509,00_Jazz1-200-B_comp.jams,79505,1.802834,2,3,4,3,4,4,wrong_reference_corrected,0.3844497,0.4723315,0.0878818,0.232668,True,-0.127575,-0.0801719
5519,00_Jazz1-200-B_comp.jams,118705,2.691723,2,3,4,3,3,4,wrong_reference_corrected,0.392461,0.4781274,0.0856663,0.1564447,True,-0.1266368,-0.0052081
5549,00_Jazz1-200-B_comp.jams,204484,4.636825,2,3,2,3,3,3,wrong_reference_corrected,0.3780994,0.5265904,0.1484911,0.1532564,True,-0.0693322,-0.034631
5908,00_Jazz2-110-Bb_comp.jams,446722,10.129751,2,3,4,3,3,3,wrong_reference_corrected,0.3399138,0.3719508,0.032037,0.4365118,True,-0.1190575,-0.0785318
6248,00_Jazz2-110-Bb_comp.jams,1435210,32.544444,2,2,4,2,2,2,wrong_reference_corrected,0.137329,0.1482811,0.0109522,0.8281139,True,0.1120853,0.2217672
6287,00_Jazz2-110-Bb_comp.jams,1513828,34.327166,2,4,3,4,3,3,wrong_reference_corrected,0.3743402,0.4008202,0.02648,0.359364,True,0.0446031,0.1551028
8069,00_Rock1-130-A_comp.jams,84749,1.921746,2,2,3,2,2,2,wrong_reference_corrected,0.2166722,0.6056358,0.3889636,0.2268424,True,0.0403438,0.2771233
8097,00_Rock1-130-A_comp.jams,157145,3.563379,2,2,3,2,2,2,wrong_reference_corrected,0.2300927,0.4820827,0.2519901,0.3738432,True,0.0347194,0.0086528
8102,00_Rock1-130-A_comp.jams,172160,3.903855,2,2,3,2,2,2,wrong_reference_corrected,0.1528364,0.6946812,0.5418448,0.1799917,True,0.0566631,0.0707734
8128,00_Rock1-130-A_comp.jams,238913,5.417528,2,2,3,2,2,2,wrong_reference_corrected,0.0705333,0.6842362,0.6137028,0.26384,True,0.0565216,0.1852204
8151,00_Rock1-130-A_comp.jams,298649,6.772086,2,2,3,2,2,2,wrong_reference_corrected,0.146895,0.516557,0.3696621,0.3944977,True,0.0343497,0.2052979
8167,00_Rock1-130-A_comp.jams,346557,7.858435,2,2,3,2,3,3,wrong_reference_corrected,0.4433286,0.4453547,0.002026,0.1999684,True,-0.0405644,-0.0697355
8221,00_Rock1-130-A_comp.jams,477514,10.827982,2,2,3,2,2,2,wrong_reference_corrected,0.0513915,0.1922977,0.1409062,0.7972845,True,0.0566631,0.1112918
8227,00_Rock1-130-A_comp.jams,497075,11.271542,2,2,3,2,3,3,wrong_reference_corrected,0.3641468,0.424111,0.0599642,0.3330048,True,0.0456255,0.0207203
8268,00_Rock1-130-A_comp.jams,594999,13.492041,2,2,3,2,2,2,wrong_reference_corrected,0.2694043,0.6105505,0.3411462,0.1643113,True,0.0370455,0.288032
8340,00_Rock1-130-A_comp.jams,769439,17.447596,2,2,3,2,2,2,wrong_reference_corrected,0.1888029,0.7742684,0.5854656,0.0455237,True,0.0542119,0.1495785
8398,00_Rock1-130-A_comp.jams,914779,20.743288,2,3,4,3,3,3,wrong_reference_corrected,0.2448783,0.326865,0.0819867,0.5082991,True,-0.1280634,-0.0623747
10491,00_Rock2-85-F_comp.jams,232782,5.278503,2,2,3,2,2,2,wrong_reference_corrected,0.0655728,0.689599,0.6240262,0.2620088,True,0.0378563,0.1039595
10561,00_Rock2-85-F_comp.jams,393965,8.933447,2,2,3,2,2,2,wrong_reference_corrected,0.3456331,0.4106262,0.0649931,0.3724832,True,0.0417805,0.0126711
10607,00_Rock2-85-F_comp.jams,489457,11.098798,2,2,3,2,2,3,wrong_reference_corrected,0.3367742,0.5469611,0.2101869,0.1753017,True,0.0343497,-0.0834453
10651,00_Rock2-85-F_comp.jams,581815,13.193084,2,2,4,2,2,2,wrong_reference_corrected,0.2412055,0.4753222,0.2341167,0.3735824,True,0.1007393,0.1882669
10799,00_Rock2-85-F_comp.jams,917145,20.796939,2,2,3,2,2,2,wrong_reference_corrected,0.1844394,0.6371747,0.4527353,0.218728,True,0.0563156,0.2052064
10807,00_Rock2-85-F_comp.jams,933278,21.162766,2,3,4,3,4,4,wrong_reference_corrected,0.1999807,0.2559697,0.0559891,0.431563,True,-0.1224957,-0.0383148
10828,00_Rock2-85-F_comp.jams,974341,22.0939,2,3,4,3,3,3,wrong_reference_corrected,0.0918661,0.3766231,0.284757,0.4986545,True,-0.141643,-0.0903792
10833,00_Rock2-85-F_comp.jams,988873,22.423424,2,2,4,2,3,3,wrong_reference_corrected,0.3172937,0.5265298,0.2092361,0.0491143,True,-0.0454545,0.1191223
10987,00_Rock2-85-F_comp.jams,1370556,31.078367,2,3,2,3,3,3,wrong_reference_corrected,0.3584141,0.5310225,0.1726083,0.1723282,True,-0.0711873,-0.1320758
11062,00_Rock2-85-F_comp.jams,1549314,35.131837,2,3,2,3,2,2,wrong_reference_corrected,0.2333037,0.3535648,0.1202611,0.4974945,True,-0.0954407,0.0651429
11130,00_Rock2-85-F_comp.jams,1697208,38.485442,2,2,3,2,2,2,wrong_reference_corrected,0.0137298,0.0175436,0.0038138,0.9822122,True,0.0623325,0.0507624
18375,01_Funk1-114-Ab_comp.jams,174145,3.948866,2,3,2,3,3,3,wrong_reference_corrected,0.3059653,0.4435118,0.1375464,0.360966,True,-0.0672626,-0.0304143
18383,01_Funk1-114-Ab_comp.jams,210354,4.769932,2,3,2,3,3,3,wrong_reference_corrected,0.3503738,0.6084849,0.2581111,0.0209823,True,-0.067192,0.1158812
18409,01_Funk1-114-Ab_comp.jams,324109,7.34941,2,3,2,3,3,3,wrong_reference_corrected,0.2960923,0.6718505,0.3757582,0.0455417,True,-0.06914,-0.0896183
18417,01_Funk1-114-Ab_comp.jams,358750,8.134921,2,2,3,2,2,2,wrong_reference_corrected,0.1605116,0.2119337,0.0514221,0.7475442,True,0.0484894,-0.0408328
18418,01_Funk1-114-Ab_comp.jams,365264,8.28263,2,3,2,3,3,3,wrong_reference_corrected,0.3233248,0.6617342,0.3384095,0.02208,True,-0.0608519,-0.1243408
18421,01_Funk1-114-Ab_comp.jams,371791,8.430635,2,2,3,2,2,2,wrong_reference_corrected,0.2661901,0.6858349,0.4196448,0.0653781,True,0.053616,0.0633548
18459,01_Funk1-114-Ab_comp.jams,493864,11.19873,2,2,3,2,2,2,wrong_reference_corrected,0.4774157,0.508584,0.0311683,0.0267905,True,0.0198829,0.2154344
18565,01_Funk1-114-Ab_comp.jams,928434,21.052925,2,3,4,3,3,3,wrong_reference_corrected,0.3864987,0.4940387,0.10754,0.1947227,True,-0.0900459,-0.0443473
18572,01_Funk1-114-Ab_comp.jams,958370,21.731746,2,3,2,3,3,3,wrong_reference_corrected,0.2321927,0.5277622,0.2955695,0.1989869,True,-0.0611571,-0.0020278
18585,01_Funk1-114-Ab_comp.jams,1016171,23.042426,2,2,3,2,2,2,wrong_reference_corrected,0.3056723,0.6359822,0.3303099,0.0840316,True,0.0340095,0.1756782
18588,01_Funk1-114-Ab_comp.jams,1033095,23.42619,2,2,3,2,2,2,wrong_reference_corrected,0.1999352,0.2663116,0.0663764,0.6671375,True,0.05154,0.0527417
18591,01_Funk1-114-Ab_comp.jams,1051417,23.841655,2,2,3,2,2,2,wrong_reference_corrected,0.231708,0.6512112,0.4195032,0.152391,True,0.0340095,0.209249
22071,01_Jazz2-110-Bb_comp.jams,37337,0.846644,2,3,2,3,3,3,wrong_reference_corrected,0.4171598,0.5712985,0.1541388,0.0067465,True,-0.0586876,-0.0237872
22422,01_Jazz2-110-Bb_comp.jams,1322440,29.987302,2,3,4,3,4,4,wrong_reference_corrected,0.4880302,0.50331,0.0152798,0.0169147,True,-0.1194656,0.0123599
23962,01_Rock1-130-A_comp.jams,295073,6.690998,2,3,4,3,3,3,wrong_reference_corrected,0.261857,0.4834135,0.2215565,0.3450951,True,-0.1011708,-0.0737466
24065,01_Rock1-130-A_comp.jams,538623,12.213673,2,2,3,2,3,3,wrong_reference_corrected,0.3182564,0.5083345,0.1900781,0.1833977,True,0.0464105,0.0192605
24077,01_Rock1-130-A_comp.jams,591252,13.407075,2,3,4,3,3,3,wrong_reference_corrected,0.1921903,0.3019887,0.1097983,0.6261636,True,-0.127575,-0.0664931
24225,01_Rock1-130-A_comp.jams,935166,21.205578,2,2,3,2,3,3,wrong_reference_corrected,0.157348,0.4420224,0.2846744,0.4398012,True,0.0496546,0.1008934
24235,01_Rock1-130-A_comp.jams,955133,21.658345,2,3,4,3,4,4,wrong_reference_corrected,0.3096219,0.425393,0.1157711,0.3838259,True,-0.141643,-0.097361
26471,01_Rock2-85-F_comp.jams,715616,16.22712,2,3,4,3,3,3,wrong_reference_corrected,0.284186,0.4253227,0.1411367,0.4058196,True,-0.127575,-0.0536967
26612,01_Rock2-85-F_comp.jams,1042041,23.629048,2,2,4,2,2,3,wrong_reference_corrected,0.1043624,0.5275891,0.4232268,0.3596978,True,0.1123819,0.2192307
26613,01_Rock2-85-F_comp.jams,1043864,23.670385,2,3,4,3,3,3,wrong_reference_corrected,0.1862785,0.6189127,0.4326342,0.0087284,True,-0.1239977,-0.0358561
26921,01_Rock2-85-F_comp.jams,1835878,41.629887,2,4,3,4,4,4,wrong_reference_corrected,0.2326677,0.4806182,0.2479505,0.3736505,True,0.0308751,0.1143181
26934,01_Rock2-85-F_comp.jams,1868073,42.359932,2,4,3,4,4,3,wrong_reference_corrected,0.1990416,0.4568683,0.2578267,0.429598,True,0.0455961,0.0598933
34161,02_Funk1-114-Ab_comp.jams,836055,18.958163,2,2,3,2,3,3,wrong_reference_corrected,0.415089,0.5220696,0.1069806,0.1074376,True,0.0346149,-0.0485967
37200,02_Jazz1-200-B_comp.jams,60176,1.364535,2,2,3,2,2,2,wrong_reference_corrected,0.305356,0.444624,0.139268,0.3599253,True,0.0556877,-0.0057515
37220,02_Jazz1-200-B_comp.jams,119010,2.698639,2,4,3,4,2,3,wrong_reference_corrected,0.3082483,0.3223965,0.0141482,0.459672,True,0.034669,0.0209174
37262,02_Jazz1-200-B_comp.jams,225039,5.102925,2,3,2,3,4,3,wrong_reference_corrected,0.2666611,0.3619927,0.0953317,0.0586201,True,-0.0704387,-0.1322507
40059,02_Rock1-130-A_comp.jams,722915,16.39263,2,3,4,3,3,3,wrong_reference_corrected,0.3305048,0.4957677,0.1652628,0.2594902,True,-0.127575,-0.1405225
40102,02_Rock1-130-A_comp.jams,844695,19.154082,2,2,3,2,2,2,wrong_reference_corrected,0.15348,0.5815364,0.4280563,0.313027,True,0.0434717,0.260226
41557,02_Rock2-85-F_comp.jams,490012,11.111383,2,2,3,2,2,2,wrong_reference_corrected,0.2046116,0.3635728,0.1589612,0.5428991,True,0.046033,0.0527932
41584,02_Rock2-85-F_comp.jams,560824,12.717098,2,3,2,3,3,3,wrong_reference_corrected,0.361547,0.5386453,0.1770982,0.1563274,True,-0.0678199,0.0504535
41595,02_Rock2-85-F_comp.jams,591677,13.416712,2,3,2,3,3,3,wrong_reference_corrected,0.2920281,0.3248795,0.0328514,0.2753127,True,-0.0687665,3.61e-05
41772,02_Rock2-85-F_comp.jams,1183840,26.844444,2,3,2,3,3,2,wrong_reference_corrected,0.4535719,0.498855,0.0452831,0.087062,True,-0.074064,-0.1644132
41845,02_Rock2-85-F_comp.jams,1432563,32.484422,2,3,4,3,3,3,wrong_reference_corrected,0.3544808,0.3807504,0.0262696,0.4101641,True,-0.1250735,-0.0925588
41895,02_Rock2-85-F_comp.jams,1556657,35.298345,2,4,2,4,2,2,wrong_reference_corrected,0.2211227,0.5173151,0.2961925,0.3358195,True,-0.1266341,-0.0058038
41951,02_Rock2-85-F_comp.jams,1712919,38.841701,2,3,4,3,3,3,wrong_reference_corrected,0.3890633,0.5339248,0.1448615,0.1260555,True,-0.0884163,-0.0218663
42005,02_Rock2-85-F_comp.jams,1851574,41.985805,2,2,4,2,3,3,wrong_reference_corrected,0.1765292,0.4233124,0.2467832,0.3318089,True,0.1026017,0.1320781
42014,02_Rock2-85-F_comp.jams,1898698,43.054376,2,3,4,3,3,3,wrong_reference_corrected,0.3115921,0.5981538,0.2865618,0.1311056,True,-0.0670447,-0.0637739
48853,03_Funk1-114-Ab_comp.jams,394882,8.95424,2,3,2,3,3,3,wrong_reference_corrected,0.3477631,0.530554,0.1827909,0.1865625,True,-0.0700107,-0.2105733
48885,03_Funk1-114-Ab_comp.jams,480995,10.906916,2,2,3,2,2,2,wrong_reference_corrected,0.345254,0.6407071,0.2954531,0.0214416,True,0.0114286,0.1473733
48984,03_Funk1-114-Ab_comp.jams,870674,19.743175,2,3,4,3,3,3,wrong_reference_corrected,0.2008802,0.693387,0.4925067,0.1323116,True,-0.1006977,-0.0769465
51867,03_Jazz1-200-B_comp.jams,571530,12.959864,2,3,2,3,2,2,wrong_reference_corrected,0.3661266,0.3960985,0.029972,0.3751141,True,-0.1550696,-0.1754925
52140,03_Jazz2-110-Bb_comp.jams,647628,14.685442,2,3,4,3,3,3,wrong_reference_corrected,0.1967364,0.5720745,0.375338,0.2878122,True,-0.0796073,0.107685
53787,03_Rock1-130-A_comp.jams,113411,2.571678,2,2,3,2,2,2,wrong_reference_corrected,0.2475971,0.3482502,0.1006531,0.5371492,True,0.0482255,-0.0347531
53824,03_Rock1-130-A_comp.jams,214273,4.858798,2,3,4,3,3,3,wrong_reference_corrected,0.371961,0.513063,0.141102,0.1830714,True,-0.1272381,-0.0402107
53882,03_Rock1-130-A_comp.jams,358103,8.120249,2,2,4,2,2,2,wrong_reference_corrected,0.0871596,0.882548,0.7953885,0.0331848,True,0.1112973,0.3016487
54029,03_Rock1-130-A_comp.jams,722416,16.381315,2,3,4,3,3,3,wrong_reference_corrected,0.2448801,0.2666301,0.02175,0.5845711,True,-0.1282051,-0.2019929
54037,03_Rock1-130-A_comp.jams,741590,16.8161,2,2,3,2,4,4,wrong_reference_corrected,0.1420223,0.3173836,0.1753613,0.4856901,True,0.0402222,0.0289126
54038,03_Rock1-130-A_comp.jams,743753,16.865147,2,2,4,2,2,2,wrong_reference_corrected,0.0344498,0.8477141,0.8132643,0.1220404,True,0.1219833,0.26771
54050,03_Rock1-130-A_comp.jams,772235,17.510998,2,3,4,3,3,3,wrong_reference_corrected,0.2772173,0.3010159,0.0237986,0.583532,True,-0.1276133,-0.1603773
54106,03_Rock1-130-A_comp.jams,915452,20.758549,2,2,3,2,2,2,wrong_reference_corrected,0.2604946,0.4506171,0.1901225,0.3906508,True,0.0347194,-0.043842
55513,03_Rock2-85-F_comp.jams,106803,2.421837,2,2,3,2,2,2,wrong_reference_corrected,0.4268745,0.5224347,0.0955602,0.0884463,True,0.0364628,-0.0560389
55532,03_Rock2-85-F_comp.jams,169321,3.839478,2,2,3,2,2,2,wrong_reference_corrected,0.3897543,0.4709658,0.0812115,0.2129427,True,0.0423539,0.1542938
55831,03_Rock2-85-F_comp.jams,1018519,23.095669,2,2,3,2,2,2,wrong_reference_corrected,0.193353,0.7070339,0.5136809,0.1234903,True,0.0466959,0.1058335
55873,03_Rock2-85-F_comp.jams,1143186,25.922585,2,3,4,3,4,4,wrong_reference_corrected,0.3121523,0.4007182,0.088566,0.1802319,True,-0.1268789,-0.090612
55877,03_Rock2-85-F_comp.jams,1165271,26.423379,2,2,3,2,2,2,wrong_reference_corrected,0.0869392,0.3041304,0.2171913,0.6617205,True,0.0565837,0.2031593
55948,03_Rock2-85-F_comp.jams,1369592,31.056508,2,2,4,2,2,2,wrong_reference_corrected,0.2390758,0.6549105,0.4158347,0.1393223,True,0.1100344,0.1704967
56008,03_Rock2-85-F_comp.jams,1518301,34.428594,2,3,4,3,4,4,wrong_reference_corrected,0.1844738,0.4107874,0.2263137,0.4525049,True,-0.1236956,-0.204775
56035,03_Rock2-85-F_comp.jams,1620182,36.738821,2,2,4,2,2,2,wrong_reference_corrected,0.0921778,0.7559611,0.6637832,0.1672807,True,0.1151228,0.3150317
56084,03_Rock2-85-F_comp.jams,1790380,40.598186,2,2,4,2,3,3,wrong_reference_corrected,0.240376,0.4750732,0.2346972,0.1780718,True,0.124467,0.2752661
62103,04_Funk1-114-Ab_comp.jams,18973,0.430227,2,3,4,3,3,3,wrong_reference_corrected,0.261554,0.4974469,0.2358929,0.2532975,True,-0.1360279,-0.1337081
62152,04_Funk1-114-Ab_comp.jams,204383,4.634535,2,3,2,3,3,3,wrong_reference_corrected,0.381124,0.6137222,0.2325982,0.0083277,True,-0.063048,0.0520598
62266,04_Funk1-114-Ab_comp.jams,621934,14.102812,2,3,4,3,3,3,wrong_reference_corrected,0.28711,0.6385303,0.3514203,0.1043075,True,-0.1142167,-0.0459654
62292,04_Funk1-114-Ab_comp.jams,715268,16.219229,2,3,2,3,3,3,wrong_reference_corrected,0.2927107,0.3148595,0.0221488,0.5548363,True,-0.0689168,0.1557897
62310,04_Funk1-114-Ab_comp.jams,789627,17.905374,2,2,3,2,3,3,wrong_reference_corrected,0.3795967,0.4861231,0.1065264,0.2164402,True,0.023575,-0.2076601
62380,04_Funk1-114-Ab_comp.jams,1051163,23.835896,2,3,4,3,3,3,wrong_reference_corrected,0.1438397,0.7237611,0.5799215,0.0230412,True,-0.1218114,0.1033238
66033,04_Jazz2-110-Bb_comp.jams,816521,18.515215,2,3,2,3,2,2,wrong_reference_corrected,0.2660143,0.2826337,0.0166194,0.614933,True,-0.0682397,-0.0458782
67794,04_Rock1-130-A_comp.jams,397836,9.021224,2,2,4,2,2,2,wrong_reference_corrected,0.0312854,0.6392111,0.6079257,0.3401451,True,0.1296636,0.2361596
68085,04_Rock1-130-A_solo.jams,671730,15.231973,2,2,3,2,2,2,wrong_reference_corrected,0.2187954,0.7729883,0.5541929,0.0105175,True,0.0611294,0.1727666
68090,04_Rock1-130-A_solo.jams,681925,15.463152,2,2,3,2,2,2,wrong_reference_corrected,0.2614844,0.7005653,0.4390808,0.0513872,True,0.063167,0.0894215
68095,04_Rock1-130-A_solo.jams,692144,15.694875,2,2,3,2,2,2,wrong_reference_corrected,0.234037,0.6999622,0.4659252,0.0861671,True,0.064414,0.1514487
2182,00_Funk2-108-Eb_comp.jams,97071,2.201156,4,2,3,2,2,2,wrong_reference_corrected,0.1797626,0.4375591,0.2577965,0.4452973,True,0.0184786,0.1793507
2269,00_Funk2-108-Eb_comp.jams,331674,7.520952,4,4,2,4,4,4,wrong_reference_corrected,0.20317,0.3080221,0.1048521,0.4718166,True,-0.1366756,-0.1472385
2325,00_Funk2-108-Eb_comp.jams,496455,11.257483,4,5,3,5,4,5,wrong_reference_corrected,0.3116715,0.3530498,0.0413783,0.3544124,True,-0.25,-0.2142857
2385,00_Funk2-108-Eb_comp.jams,686109,15.558027,4,3,2,3,3,3,wrong_reference_corrected,0.2746911,0.3011523,0.0264612,0.5847945,True,-0.0489689,-0.0370314
2613,00_Funk2-108-Eb_comp.jams,1299075,29.457483,4,4,3,4,4,4,wrong_reference_corrected,0.2794524,0.5514129,0.2719606,0.0610731,True,-0.0502294,0.0581978
2653,00_Funk2-108-Eb_comp.jams,1409229,31.955306,4,4,3,4,4,4,wrong_reference_corrected,0.347085,0.5386721,0.1915872,0.1749736,True,-0.0465318,0.0654993
2674,00_Funk2-108-Eb_comp.jams,1482611,33.619297,4,5,3,5,5,5,wrong_reference_corrected,0.2390904,0.3072665,0.0681761,0.5961852,True,-0.132309,-0.0438006
5269,00_Jazz1-130-D_comp.jams,622534,14.116417,4,4,3,4,4,4,wrong_reference_corrected,0.3734879,0.4396718,0.066184,0.2982229,True,-0.050505,0.0580808
5372,00_Jazz1-130-D_comp.jams,897238,20.345533,4,2,3,2,2,2,wrong_reference_corrected,0.2686993,0.6104106,0.3417112,0.1653084,True,-0.0017766,-0.1452299
6951,00_Jazz3-137-Eb_comp.jams,301583,6.838617,4,2,3,2,2,2,wrong_reference_corrected,0.2922509,0.6711978,0.3789469,0.0516442,True,0.0086273,0.1459905
7045,00_Jazz3-137-Eb_comp.jams,635382,14.407755,4,4,3,4,4,4,wrong_reference_corrected,0.3153945,0.5844902,0.2690958,0.0917676,True,-0.050505,0.258467
7133,00_Jazz3-137-Eb_comp.jams,1073182,24.335193,4,3,4,3,3,3,wrong_reference_corrected,0.2712138,0.4804589,0.2092451,0.2049399,True,-0.0551567,-0.1557017
7196,00_Jazz3-137-Eb_solo.jams,5,0.000113,4,2,3,2,2,2,wrong_reference_corrected,0.2713501,0.7267092,0.4553592,0.0026634,True,-0.0001654,0.2073541
8701,00_Rock1-90-C#_comp.jams,29373,0.666054,4,4,3,4,4,4,wrong_reference_corrected,0.2456187,0.407272,0.1616533,0.1173679,True,-0.050505,0.0516274
8801,00_Rock1-90-C#_comp.jams,265212,6.013878,4,4,3,4,4,4,wrong_reference_corrected,0.2318355,0.5467396,0.3149041,0.2882519,True,-0.0633381,-0.0530449
8837,00_Rock1-90-C#_comp.jams,346319,7.853039,4,4,3,4,4,5,wrong_reference_corrected,0.2711037,0.477453,0.2063493,0.1064193,True,-0.0547578,0.0061938
8909,00_Rock1-90-C#_comp.jams,522477,11.847551,4,4,3,4,4,5,wrong_reference_corrected,0.1922349,0.5290005,0.3367656,0.2035718,True,-0.0322581,0.0967742
8954,00_Rock1-90-C#_comp.jams,615332,13.953107,4,4,3,4,4,4,wrong_reference_corrected,0.2714936,0.4457961,0.1743026,0.08778,True,-0.0793557,-0.1764191
8981,00_Rock1-90-C#_comp.jams,674948,15.304943,4,4,3,4,4,4,wrong_reference_corrected,0.319649,0.3715461,0.0518971,0.1897564,True,-0.0501703,-0.0921123
8991,00_Rock1-90-C#_comp.jams,704239,15.969138,4,4,3,4,4,4,wrong_reference_corrected,0.2097515,0.4741875,0.264436,0.3999514,True,-0.0406008,0.0440957
9014,00_Rock1-90-C#_comp.jams,758776,17.205805,4,3,2,3,3,3,wrong_reference_corrected,0.2587942,0.3440065,0.0852123,0.2803496,True,-0.0491702,-0.1698379
9033,00_Rock1-90-C#_comp.jams,802906,18.206485,4,3,2,3,3,5,wrong_reference_corrected,0.2357929,0.3994163,0.1636234,0.3677234,True,-0.049539,0.025601
9055,00_Rock1-90-C#_comp.jams,852406,19.328934,4,5,3,5,4,4,wrong_reference_corrected,0.1920403,0.2653039,0.0732635,0.4413045,True,-0.1411761,-0.1565059
9108,00_Rock1-90-C#_comp.jams,990732,22.465578,4,4,3,4,4,4,wrong_reference_corrected,0.2655538,0.3549064,0.0893526,0.23463,True,-0.0525912,-0.031479
9331,00_Rock1-90-C#_solo.jams,71163,1.613673,4,2,3,2,2,2,wrong_reference_corrected,0.1980553,0.2596435,0.0615882,0.6762326,True,0.0201705,0.1519014
9469,00_Rock1-90-C#_solo.jams,468042,10.613197,4,2,4,2,2,2,wrong_reference_corrected,0.0721753,0.2685778,0.1964025,0.5708827,True,0.0848056,0.1234243
9505,00_Rock1-90-C#_solo.jams,587219,13.315624,4,2,4,2,2,2,wrong_reference_corrected,0.0788726,0.2714247,0.1925521,0.7053343,True,0.1013538,0.1512665
9527,00_Rock1-90-C#_solo.jams,645296,14.632562,4,2,4,2,2,2,wrong_reference_corrected,0.3726309,0.474731,0.1021001,0.2432988,True,0.0836239,-0.0346314
14567,00_SS2-107-Ab_comp.jams,1416432,32.118639,4,2,3,2,2,2,wrong_reference_corrected,0.3663119,0.4958151,0.1295032,0.2175723,True,0.0405321,0.1758303
18893,01_Funk2-108-Eb_comp.jams,221104,5.013696,4,4,2,4,4,4,wrong_reference_corrected,0.3310618,0.35609,0.0250282,0.2119463,True,-0.2785078,-0.1845252
19018,01_Funk2-108-Eb_comp.jams,815639,18.495215,4,2,3,2,2,2,wrong_reference_corrected,0.2957748,0.6652585,0.3694837,0.0553327,True,-0.0017766,-0.0248345
19026,01_Funk2-108-Eb_comp.jams,863971,19.591179,4,2,3,2,2,2,wrong_reference_corrected,0.3733655,0.4652092,0.0918437,0.2576068,True,0.0286989,0.1052225
19134,01_Funk2-108-Eb_comp.jams,1353562,30.693016,4,3,2,3,3,3,wrong_reference_corrected,0.3766324,0.4343391,0.0577067,0.3032377,True,-0.0406697,0.2098467
21493,01_Jazz1-130-D_comp.jams,523047,11.860476,4,2,3,2,2,2,wrong_reference_corrected,0.1880325,0.231765,0.0437325,0.7145636,True,0.0075405,-0.1133788
23065,01_Jazz3-137-Eb_comp.jams,19862,0.450385,4,2,3,2,2,2,wrong_reference_corrected,0.3603663,0.6342472,0.2738809,0.0084211,True,-0.0419354,-0.1660427
23070,01_Jazz3-137-Eb_comp.jams,58255,1.320975,4,2,3,2,2,2,wrong_reference_corrected,0.3409256,0.6400831,0.2991575,0.0288152,True,0.0012143,-0.0467534
23138,01_Jazz3-137-Eb_comp.jams,300307,6.809683,4,3,2,3,3,3,wrong_reference_corrected,0.3894936,0.6004955,0.2110019,0.0072636,True,-0.0480222,0.1537148
23213,01_Jazz3-137-Eb_comp.jams,648882,14.713878,4,2,3,2,2,2,wrong_reference_corrected,0.3128256,0.6707624,0.3579368,0.0238831,True,0.0012951,0.1583878
23219,01_Jazz3-137-Eb_comp.jams,676732,15.345397,4,2,3,2,3,3,wrong_reference_corrected,0.317794,0.3902593,0.0724653,0.427945,True,-0.0262357,-0.1512133
23227,01_Jazz3-137-Eb_comp.jams,725754,16.457007,4,2,3,2,2,2,wrong_reference_corrected,0.2781969,0.6998352,0.4216383,0.0304347,True,0.0114596,0.1433926
23351,01_Jazz3-137-Eb_comp.jams,1189657,26.976349,4,2,3,2,2,2,wrong_reference_corrected,0.2404239,0.6974927,0.4570688,0.0781492,True,0.0022209,0.2051977
24570,01_Rock1-90-C#_comp.jams,144876,3.28517,4,3,4,3,3,3,wrong_reference_corrected,0.3399424,0.5983668,0.2584244,0.0934627,True,-0.0666667,0.1090909
24743,01_Rock1-90-C#_comp.jams,501643,11.375125,4,3,2,3,3,3,wrong_reference_corrected,0.3752443,0.4013314,0.0260872,0.3576187,True,-0.048221,-0.1349479
24780,01_Rock1-90-C#_comp.jams,573901,13.013628,4,3,2,3,3,3,wrong_reference_corrected,0.1542017,0.2981473,0.1439456,0.5420895,True,-0.0495269,0.1139617
24801,01_Rock1-90-C#_comp.jams,616679,13.983651,4,3,2,3,3,3,wrong_reference_corrected,0.2246722,0.2808565,0.0561844,0.6377577,True,-0.0496778,0.1256156
24854,01_Rock1-90-C#_comp.jams,734331,16.651497,4,4,3,4,4,4,wrong_reference_corrected,0.3625998,0.5085076,0.1459078,0.2022162,True,-0.0422075,-0.102562
24870,01_Rock1-90-C#_comp.jams,779709,17.680476,4,2,3,2,2,2,wrong_reference_corrected,0.3248115,0.3480299,0.0232184,0.484544,True,0.003368,0.0076065
24884,01_Rock1-90-C#_comp.jams,808190,18.326304,4,4,3,4,4,4,wrong_reference_corrected,0.3948697,0.5154779,0.1206082,0.0816063,True,-0.050505,0.0449658
24929,01_Rock1-90-C#_comp.jams,896546,20.329841,4,4,3,4,4,4,wrong_reference_corrected,0.3212983,0.6244732,0.3031749,0.0799004,True,-0.0393224,0.074286
24944,01_Rock1-90-C#_comp.jams,925131,20.978027,4,4,3,4,4,4,wrong_reference_corrected,0.2398003,0.5899799,0.3501796,0.1713291,True,-0.0219474,0.0251298
24989,01_Rock1-90-C#_comp.jams,1042690,23.643764,4,2,3,2,2,3,wrong_reference_corrected,0.3203893,0.4408914,0.1205021,0.3512589,True,0.0019474,0.1636127
25034,01_Rock1-90-C#_comp.jams,1131344,25.654059,4,4,3,4,4,4,wrong_reference_corrected,0.1505062,0.6115769,0.4610706,0.2800691,True,-0.0502638,-0.0587738
25086,01_Rock1-90-C#_comp.jams,1249864,28.341587,4,4,3,4,4,4,wrong_reference_corrected,0.3763788,0.5582961,0.1819173,0.033267,True,-0.0316854,0.1139141
29837,01_SS2-107-Ab_comp.jams,688382,15.609569,4,2,3,2,2,2,wrong_reference_corrected,0.3033438,0.6766407,0.3732969,0.0287308,True,0.0200098,0.0047925
29961,01_SS2-107-Ab_comp.jams,1199961,27.21,4,3,4,3,3,3,wrong_reference_corrected,0.3234223,0.6400513,0.316629,0.0539869,True,0.0272474,0.0814863
30295,01_SS2-107-Ab_solo.jams,864116,19.594467,4,2,3,2,2,2,wrong_reference_corrected,0.2785428,0.6379103,0.3593675,0.1158028,True,0.0009936,-0.0077398
34573,02_Funk2-108-Eb_comp.jams,679093,15.398934,4,2,3,2,2,2,wrong_reference_corrected,0.1879392,0.3373967,0.1494574,0.584518,True,-0.0017766,-0.0878938
34799,02_Funk2-108-Eb_comp.jams,1470967,33.355261,4,3,4,3,2,4,wrong_reference_corrected,0.279045,0.4727491,0.1937041,0.203005,True,-0.0228443,-0.0398519
36820,02_Jazz1-130-D_comp.jams,379725,8.610544,4,3,2,3,3,3,wrong_reference_corrected,0.2954724,0.354568,0.0590956,0.4903655,True,-0.0522485,-0.0297655
36831,02_Jazz1-130-D_comp.jams,400365,9.078571,4,2,3,2,2,2,wrong_reference_corrected,0.0543996,0.5175626,0.463163,0.4526624,True,0.02253,0.2188848
36860,02_Jazz1-130-D_comp.jams,470631,10.671905,4,2,3,2,2,2,wrong_reference_corrected,0.2843771,0.4060218,0.1216447,0.4326315,True,0.0132403,-0.1549602
36919,02_Jazz1-130-D_comp.jams,766595,17.383107,4,2,3,2,2,2,wrong_reference_corrected,0.4017177,0.4575945,0.0558769,0.2351529,True,-0.0007194,-0.1732264
38729,02_Jazz3-137-Eb_comp.jams,482942,10.951066,4,3,2,3,3,3,wrong_reference_corrected,0.3555654,0.4414621,0.0858966,0.3149621,True,-0.048788,0.0559174
38913,02_Jazz3-137-Eb_comp.jams,1131600,25.659864,4,2,3,2,2,2,wrong_reference_corrected,0.1723574,0.5468016,0.3744442,0.3393264,True,0.0012895,0.1477351
40385,02_Rock1-90-C#_comp.jams,235736,5.345488,4,2,3,2,2,2,wrong_reference_corrected,0.4126799,0.4773661,0.0646861,0.1872131,True,-0.0089674,-0.1287799
44978,02_SS2-107-Ab_comp.jams,789501,17.902517,4,2,3,2,2,2,wrong_reference_corrected,0.1678368,0.1870989,0.0192621,0.7751657,True,0.0162616,0.0471776
45058,02_SS2-107-Ab_comp.jams,965892,21.902313,4,3,2,3,3,3,wrong_reference_corrected,0.3757384,0.4860761,0.1103376,0.2213584,True,-0.0495269,-0.2282383
45069,02_SS2-107-Ab_comp.jams,989694,22.442041,4,2,3,2,2,2,wrong_reference_corrected,0.2093383,0.3667392,0.1574009,0.5361617,True,0.0167202,0.0594359
45158,02_SS2-107-Ab_comp.jams,1261839,28.613129,4,3,2,3,3,3,wrong_reference_corrected,0.4320106,0.4751253,0.0431148,0.1634963,True,-0.0496497,0.0484428
49356,03_Funk2-108-Eb_comp.jams,729540,16.542857,4,3,2,3,3,3,wrong_reference_corrected,0.3593824,0.629014,0.2696316,0.0111762,True,-0.0480476,0.0578213
51574,03_Jazz1-130-D_comp.jams,775695,17.589456,4,3,2,3,3,3,wrong_reference_corrected,0.4217988,0.4585742,0.0367754,0.2068951,True,-0.049868,-0.1132339
52967,03_Jazz3-137-Eb_comp.jams,49562,1.123855,4,2,3,2,2,2,wrong_reference_corrected,0.3934731,0.4627185,0.0692453,0.2371014,True,0.0060802,-0.0343881
53017,03_Jazz3-137-Eb_comp.jams,308706,7.000136,4,2,3,2,2,2,wrong_reference_corrected,0.2891849,0.3782927,0.0891079,0.4678042,True,0.0066487,-0.0242863
53179,03_Jazz3-137-Eb_comp.jams,1099599,24.934218,4,2,4,2,2,2,wrong_reference_corrected,0.1296606,0.3984128,0.2687522,0.5422328,True,0.1012238,0.0069512
54262,03_Rock1-90-C#_comp.jams,57236,1.297868,4,3,4,3,3,3,wrong_reference_corrected,0.450306,0.5262769,0.075971,0.0426002,True,-0.0229115,-0.1690574
54326,03_Rock1-90-C#_comp.jams,219155,4.969501,4,2,3,2,2,2,wrong_reference_corrected,0.4124556,0.5578963,0.1454406,0.0504612,True,0.0005759,-0.0089155
54412,03_Rock1-90-C#_comp.jams,426267,9.665918,4,2,4,2,2,2,wrong_reference_corrected,0.1595409,0.3256723,0.1661315,0.4674876,True,0.0988027,0.151623
54508,03_Rock1-90-C#_comp.jams,646413,14.657891,4,2,3,2,2,2,wrong_reference_corrected,0.3704246,0.4453126,0.074888,0.2926779,True,-0.0689655,-0.097503
54588,03_Rock1-90-C#_comp.jams,852013,19.320023,4,2,3,2,2,2,wrong_reference_corrected,0.3684746,0.5539451,0.1854705,0.0463887,True,0.0135259,0.089144
54711,03_Rock1-90-C#_comp.jams,1144928,25.962086,4,2,3,2,2,2,wrong_reference_corrected,0.2394906,0.505362,0.2658714,0.3354952,True,-0.0012032,0.125785
58446,03_SS2-107-Ab_comp.jams,229942,5.214104,4,2,3,2,2,2,wrong_reference_corrected,0.3514966,0.6423229,0.2908263,0.0095304,True,0.0145669,-0.0051401
58458,03_SS2-107-Ab_comp.jams,266500,6.043084,4,2,3,2,2,2,wrong_reference_corrected,0.2974035,0.6023621,0.3049586,0.1426629,True,-0.0233684,0.1202722
58514,03_SS2-107-Ab_comp.jams,407321,9.236304,4,2,3,2,2,2,wrong_reference_corrected,0.3263403,0.500277,0.1739368,0.2572595,True,0.010802,0.2024013
58523,03_SS2-107-Ab_comp.jams,427833,9.701429,4,2,3,2,2,2,wrong_reference_corrected,0.2763241,0.6529226,0.3765985,0.0977693,True,-0.0374299,0.0088066
58553,03_SS2-107-Ab_comp.jams,525523,11.916621,4,2,3,2,2,2,wrong_reference_corrected,0.2596993,0.6486647,0.3889654,0.123782,True,-0.0090884,-0.0138572
58568,03_SS2-107-Ab_comp.jams,563032,12.767166,4,2,3,2,2,2,wrong_reference_corrected,0.2436634,0.591447,0.3477836,0.2180109,True,0.000229,0.1882651
58599,03_SS2-107-Ab_comp.jams,643944,14.601905,4,4,3,4,4,4,wrong_reference_corrected,0.2807549,0.6150331,0.3342783,0.1448906,True,-0.0602911,0.0439169
58630,03_SS2-107-Ab_comp.jams,724514,16.428889,4,2,3,2,2,2,wrong_reference_corrected,0.3609297,0.5674531,0.2065235,0.1120646,True,-0.0041015,-0.04274
58638,03_SS2-107-Ab_comp.jams,754401,17.106599,4,2,3,2,2,2,wrong_reference_corrected,0.204484,0.4182612,0.2137772,0.4742266,True,0.0060523,-0.0431922
58639,03_SS2-107-Ab_comp.jams,761034,17.257007,4,3,4,3,3,3,wrong_reference_corrected,0.2860504,0.3849314,0.098881,0.4608423,True,-0.051569,-0.0597287
58708,03_SS2-107-Ab_comp.jams,959377,21.75458,4,2,3,2,2,2,wrong_reference_corrected,0.1918529,0.3876932,0.1958403,0.5202689,True,0.011143,0.0925838
58735,03_SS2-107-Ab_comp.jams,1026370,23.273696,4,2,3,2,2,2,wrong_reference_corrected,0.2776719,0.5483224,0.2706505,0.2408956,True,0.0025326,0.0865702
58777,03_SS2-107-Ab_comp.jams,1137108,25.784762,4,2,3,2,2,2,wrong_reference_corrected,0.1878351,0.6236222,0.4357871,0.1371747,True,-0.0072682,0.0351421
58796,03_SS2-107-Ab_comp.jams,1186942,26.914785,4,2,3,2,2,2,wrong_reference_corrected,0.3213887,0.4612158,0.1398271,0.3203535,True,-0.0017766,-0.0530344
58801,03_SS2-107-Ab_comp.jams,1199839,27.207234,4,3,4,3,3,3,wrong_reference_corrected,0.3336144,0.6195868,0.2859724,0.0702277,True,-0.051569,-0.2509012
58810,03_SS2-107-Ab_comp.jams,1219257,27.647551,4,2,3,2,2,2,wrong_reference_corrected,0.3391772,0.6493513,0.3101741,0.0173593,True,-0.0431037,0.0106868
58820,03_SS2-107-Ab_comp.jams,1256238,28.486122,4,3,2,3,3,3,wrong_reference_corrected,0.2779821,0.7195069,0.4415248,0.0034777,True,-0.0476198,0.1717616
58837,03_SS2-107-Ab_comp.jams,1317415,29.873356,4,2,3,2,2,2,wrong_reference_corrected,0.4674682,0.5181448,0.0506766,0.0270161,True,-0.0111089,-0.0785032
58921,03_SS2-107-Ab_comp.jams,1552356,35.200816,4,2,3,2,2,2,wrong_reference_corrected,0.333396,0.6026966,0.2693006,0.0958701,True,0.0018015,0.1556263
62619,04_Funk2-108-Eb_comp.jams,196573,4.457438,4,2,3,2,2,2,wrong_reference_corrected,0.3816519,0.4793491,0.0976971,0.2247909,True,-0.050581,-0.2279718
62656,04_Funk2-108-Eb_comp.jams,375594,8.516871,4,3,2,3,3,3,wrong_reference_corrected,0.2398366,0.536635,0.2967984,0.2940532,True,-0.0489689,0.1965179
62683,04_Funk2-108-Eb_comp.jams,473450,10.735828,4,2,3,2,2,2,wrong_reference_corrected,0.3286673,0.3672174,0.0385501,0.4530024,True,-0.0016889,0.0155092
62776,04_Funk2-108-Eb_comp.jams,803613,18.222517,4,2,3,2,2,2,wrong_reference_corrected,0.327157,0.6371785,0.3100215,0.0530057,True,-0.0269812,0.0291001
62817,04_Funk2-108-Eb_comp.jams,943374,21.391701,4,4,3,4,4,4,wrong_reference_corrected,0.3672078,0.4189441,0.0517363,0.3379437,True,-0.0231302,0.052538
62837,04_Funk2-108-Eb_comp.jams,997761,22.624966,4,2,3,2,2,2,wrong_reference_corrected,0.1777855,0.2519858,0.0742003,0.693528,True,0.0148377,0.1155647
62841,04_Funk2-108-Eb_comp.jams,1016341,23.046281,4,2,3,2,2,2,wrong_reference_corrected,0.3190737,0.4485163,0.1294427,0.3413145,True,0.0022081,0.124783
62913,04_Funk2-108-Eb_comp.jams,1285924,29.159274,4,2,3,2,2,2,wrong_reference_corrected,0.225806,0.6420231,0.4162171,0.1687931,True,0.0073135,0.2622889
62944,04_Funk2-108-Eb_comp.jams,1403968,31.836009,4,3,2,3,3,3,wrong_reference_corrected,0.2306178,0.6256844,0.3950666,0.1867704,True,-0.0494586,0.1711954
65119,04_Jazz1-130-D_comp.jams,122981,2.788685,4,4,3,4,3,3,wrong_reference_corrected,0.4052325,0.5010417,0.0958091,0.1575839,True,-0.086331,-0.0450422
65191,04_Jazz1-130-D_comp.jams,385850,8.749433,4,4,3,4,4,4,wrong_reference_corrected,0.1743961,0.5671507,0.3927546,0.3130474,True,-0.0502676,-0.0442627
66748,04_Jazz3-137-Eb_comp.jams,270650,6.137188,4,4,3,4,4,4,wrong_reference_corrected,0.3557757,0.3613269,0.0055512,0.4391288,True,-0.0467041,0.0054169
66753,04_Jazz3-137-Eb_comp.jams,289492,6.564444,4,4,3,4,4,4,wrong_reference_corrected,0.3026425,0.3463146,0.0436721,0.5033902,True,-0.0482622,-0.0942077
66784,04_Jazz3-137-Eb_comp.jams,376812,8.54449,4,4,3,4,4,4,wrong_reference_corrected,0.2433535,0.6809253,0.4375718,0.1000747,True,-0.1013514,-0.136007
66859,04_Jazz3-137-Eb_comp.jams,648521,14.705692,4,4,3,4,4,4,wrong_reference_corrected,0.1924912,0.5824038,0.3899125,0.2787648,True,-0.0996473,-0.1219908
66910,04_Jazz3-137-Eb_comp.jams,841751,19.087324,4,4,3,4,4,4,wrong_reference_corrected,0.2298301,0.2838578,0.0540276,0.6314349,True,-0.0375773,0.0449097
66920,04_Jazz3-137-Eb_comp.jams,867903,19.68034,4,4,3,4,4,4,wrong_reference_corrected,0.2846273,0.454057,0.1694297,0.365286,True,-0.0352001,0.0118275
66926,04_Jazz3-137-Eb_comp.jams,881473,19.98805,4,4,3,4,4,4,wrong_reference_corrected,0.2209936,0.5879348,0.3669412,0.245276,True,-0.1013514,0.1801802
66977,04_Jazz3-137-Eb_comp.jams,1023818,23.215828,4,3,4,3,3,2,wrong_reference_corrected,0.2132306,0.3459975,0.1327669,0.1439601,True,-0.0640167,-0.1825119
66982,04_Jazz3-137-Eb_comp.jams,1036030,23.492744,4,2,3,2,2,2,wrong_reference_corrected,0.2182922,0.3279185,0.1096263,0.5805102,True,0.0203182,-0.1174563
68196,04_Rock1-90-C#_comp.jams,175992,3.990748,4,2,3,2,2,2,wrong_reference_corrected,0.1486906,0.7277579,0.5790673,0.1451311,True,0.0182576,0.1897746
68248,04_Rock1-90-C#_comp.jams,324746,7.363855,4,2,3,2,2,2,wrong_reference_corrected,0.4474188,0.5167372,0.0693183,0.0648664,True,-0.0017766,-0.3076209
68289,04_Rock1-90-C#_comp.jams,439718,9.97093,4,3,2,3,3,3,wrong_reference_corrected,0.3851389,0.5515651,0.1664262,0.1029436,True,-0.0496778,0.2165229
68295,04_Rock1-90-C#_comp.jams,469462,10.645397,4,2,3,2,2,2,wrong_reference_corrected,0.2438818,0.4507937,0.206912,0.4013798,True,0.005717,0.1162399
68309,04_Rock1-90-C#_comp.jams,499402,11.324308,4,2,3,2,3,3,wrong_reference_corrected,0.4299824,0.5018479,0.0718655,0.031176,True,0.0068065,0.017339
68323,04_Rock1-90-C#_comp.jams,529374,12.003946,4,4,3,4,4,4,wrong_reference_corrected,0.1952187,0.6854127,0.4901941,0.1428745,True,-0.0555646,0.102643
68387,04_Rock1-90-C#_comp.jams,659478,14.95415,4,2,3,2,2,2,wrong_reference_corrected,0.0947874,0.3794412,0.2846538,0.5808264,True,0.0148167,0.134323
68506,04_Rock1-90-C#_comp.jams,1000327,22.683152,4,4,3,4,4,4,wrong_reference_corrected,0.3835858,0.435841,0.0522552,0.2929413,True,-0.0377143,0.0713652
68524,04_Rock1-90-C#_comp.jams,1056243,23.951088,4,4,3,4,4,4,wrong_reference_corrected,0.290592,0.4648788,0.1742868,0.3446947,True,-0.0458514,-0.1392506
68540,04_Rock1-90-C#_comp.jams,1086873,24.645646,4,4,3,4,4,4,wrong_reference_corrected,0.2850342,0.3041292,0.019095,0.557852,True,-0.0475392,0.0801904
68611,04_Rock1-90-C#_comp.jams,1250331,28.352177,4,2,3,2,2,2,wrong_reference_corrected,0.2483644,0.2907787,0.0424143,0.6131388,True,0.0112673,-0.033938
68631,04_Rock1-90-C#_comp.jams,1291826,29.293107,4,4,3,4,4,4,wrong_reference_corrected,0.3886367,0.4332629,0.0446262,0.2913169,True,-0.1466121,-0.2454245
72396,04_SS2-107-Ab_comp.jams,49687,1.126689,4,2,3,2,2,2,wrong_reference_corrected,0.3526948,0.5280612,0.1753664,0.1842159,True,-0.010847,-0.070894
72436,04_SS2-107-Ab_comp.jams,199441,4.522472,4,2,3,2,2,2,wrong_reference_corrected,0.4276797,0.486108,0.0584284,0.1506364,True,-0.0012004,-0.1966634
