global_index,recording_id,start_sample,time_s,fold,true_K,baseline_K,control_K,extended_K,S8_alone_K,regression_status,selected_destination_available_in_old_catalogue,selected_gain,selected_correction_probability,reference_correct_probability,control_reference_correct_probability,control_score_for_same_destination,global_history_gain,local_history_gain_unused
12483,00_Rock3-148-C_comp.jams,465369,10.552585034013605,0,5,3,5,2,4,lost_correction,True,0.7537363544106483,0.821179986000061,0.06744363158941269,0.07091373205184937,-0.030694346874952316,0.03245657682418823,0.13914480805397034
63927,04_Funk3-112-C#_comp.jams,550210,12.47641723356009,1,2,4,2,3,4,lost_correction,False,0.6554081290960312,0.8152807950973511,0.15987266600131989,0.17721563577651978,-0.17721563577651978,0.0581847031911214,0.12323088116115993
9999,00_Rock2-142-D_comp.jams,884688,20.06095238095238,0,3,4,3,2,2,lost_correction,True,0.5993688199669123,0.6298546195030212,0.03048579953610897,0.03089173696935177,0.25533376075327396,0.07270131925257242,0.1385051634253525
12429,00_Rock3-148-C_comp.jams,352625,7.996031746031746,0,3,4,3,5,5,lost_correction,False,0.5475577712059021,0.6131308674812317,0.06557309627532959,0.09356674551963806,-0.09356674551963806,0.22127431981703816,0.2891566753387451
63963,04_Funk3-112-C#_comp.jams,651079,14.763696145124717,1,2,3,2,4,3,lost_correction,True,0.42905711382627487,0.5459811687469482,0.11692405492067337,0.10906411707401276,-0.031241171061992645,0.01569274067878723,-0.1269112229347229
23508,01_Jazz3-150-C_comp.jams,18220,0.41315192743764173,0,3,4,3,2,3,lost_correction,True,0.3702394664287567,0.6423320174217224,0.2720925509929657,0.31265226006507874,-0.1842263787984848,-0.025906741619110107,0.03132361173629761
47154,02_SS3-98-C_comp.jams,1538576,34.888344671201814,1,3,4,3,2,2,lost_correction,True,0.2847030907869339,0.4984869062900543,0.21378381550312042,0.19061875343322754,-0.06916604191064835,0.14114906374088004,0.13616052737905962
13859,00_SS1-68-E_solo.jams,911478,20.66843537414966,0,2,4,2,3,2,lost_correction,True,0.2637234926223755,0.44749772548675537,0.18377423286437988,0.1869400590658188,0.13862444460391998,-0.07718979517618818,-0.06940037409464517
31406,01_SS3-98-C_comp.jams,69224,1.569705215419501,1,2,3,2,4,4,lost_correction,True,0.2611805349588394,0.38043808937072754,0.11925755441188812,0.12416338920593262,0.09551461040973663,0.09034829000824862,0.035305430588213005
8954,00_Rock1-90-C#_comp.jams,615332,13.95310657596372,4,4,3,4,5,3,lost_correction,True,0.25134865939617157,0.47866523265838623,0.22731657326221466,0.2714935541152954,-0.08732262253761292,-0.18785534799098969,-0.22717958688735962
60564,03_SS3-98-C_comp.jams,1297268,29.416507936507937,1,2,4,2,3,4,lost_correction,True,0.24674512445926666,0.3795842230319977,0.13283909857273102,0.15062902867794037,0.142818883061409,-0.03439458211263019,-0.0297977129618327
49736,03_Funk2-119-G_comp.jams,56685,1.2853741496598639,1,3,4,3,2,2,lost_correction,False,0.22815394401550293,0.41604581475257874,0.1878918707370758,0.1401839405298233,-0.1401839405298233,0.16509035229682922,0.19263355433940887
60741,03_SS3-98-C_comp.jams,1712973,38.84292517006803,1,2,3,2,4,4,lost_correction,False,0.2204764485359192,0.41677525639533997,0.19629880785942078,0.20870345830917358,-0.20870345830917358,0.11282008344476874,0.14393817294727676
63436,04_Funk2-119-G_comp.jams,1090267,24.722607709750566,1,2,3,2,4,3,lost_correction,True,0.21245504915714264,0.3997962474822998,0.18734119832515717,0.17211325466632843,0.16215546429157257,0.04924171528917676,0.08046718353920795
57921,03_SS1-68-E_comp.jams,1168689,26.500884353741498,0,2,4,2,3,3,lost_correction,False,0.20773766934871674,0.4058316648006439,0.19809399545192719,0.18456478416919708,-0.18456478416919708,0.0037993284372182523,-0.13527921529916614
7045,00_Jazz3-137-Eb_comp.jams,635382,14.407755102040817,4,4,3,4,2,4,lost_correction,True,0.20035600662231445,0.4973568916320801,0.2970008850097656,0.31539446115493774,-0.2781038135290146,-0.037323057651519775,-0.14723989367485046
63211,04_Funk2-119-G_comp.jams,195953,4.443378684807256,1,3,4,3,2,3,lost_correction,True,0.19318372011184692,0.3927423655986786,0.19955864548683167,0.23796793818473816,-0.09896574914455414,0.010676145553588867,-0.06932911276817322
37220,02_Jazz1-200-B_comp.jams,119010,2.698639455782313,2,4,3,4,2,3,lost_correction,True,0.18892857432365417,0.5295852422714233,0.34065666794776917,0.30824825167655945,-0.25687189772725105,0.041744558434737344,-0.16264338242380244
57120,03_Rock3-148-C_comp.jams,590634,13.393061224489795,0,2,3,2,4,2,lost_correction,True,0.18325920403003693,0.3499736487865448,0.16671444475650787,0.2112065553665161,-0.18384069204330444,-0.0625,-0.15625
42005,02_Rock2-85-F_comp.jams,1851574,41.98580498866213,2,2,4,2,3,3,lost_correction,True,0.18179264664649963,0.40042731165885925,0.21863466501235962,0.1765291541814804,-0.04960571229457855,-0.049600932909094786,-0.02216498748115875
54412,03_Rock1-90-C#_comp.jams,426267,9.665918367346938,4,2,4,2,3,2,lost_correction,True,0.1748979389667511,0.3381015360355377,0.16320359706878662,0.15954087674617767,-0.037658318877220154,-0.06666666269302368,-0.08837208151817322
43175,02_Rock3-148-C_comp.jams,502376,11.391746031746031,0,4,3,4,2,4,lost_correction,True,0.1732441857457161,0.2979801297187805,0.12473594397306442,0.1456056833267212,-0.06863779574632645,0.0024298429489135742,-0.2013237476348877
67474,04_Jazz3-150-C_comp.jams,1110294,25.176734693877552,0,3,2,3,4,4,lost_correction,True,0.15206459164619446,0.5053054094314575,0.35324081778526306,0.32711246609687805,-0.15413889288902283,-0.2610916075159292,-0.3900286017871294
35027,02_Funk2-119-G_comp.jams,311111,7.054671201814059,1,2,4,2,3,2,lost_correction,True,0.13517989218235016,0.3783288300037384,0.24314893782138824,0.24276413023471832,0.08731098473072052,0.018585750034877224,0.13138586610228153
63324,04_Funk2-119-G_comp.jams,611326,13.862267573696146,1,3,2,3,4,3,lost_correction,True,0.09132406115531921,0.4586124122142792,0.36728835105895996,0.34816211462020874,-0.18865588307380676,-0.041095882654190063,-0.019726023077964783
36820,02_Jazz1-130-D_comp.jams,379725,8.610544217687075,4,3,2,3,4,2,lost_correction,True,0.08961233496665955,0.3930325210094452,0.30342018604278564,0.2954723834991455,-0.29098879219964147,-0.23157894611358643,-0.173684224486351
47160,02_SS3-98-C_comp.jams,1552264,35.19873015873016,1,3,2,3,4,4,lost_correction,True,0.08012571930885315,0.36983722448349,0.28971150517463684,0.30872440338134766,-0.16760854423046112,0.02576757732190585,-0.010273100200452301
20264,01_Funk3-112-C#_comp.jams,1086913,24.64655328798186,1,3,2,3,4,2,lost_correction,True,0.0692557692527771,0.40786394476890564,0.33860817551612854,0.3064671456813812,-0.07724757492542267,-0.06975019203042082,-0.17178952918862397
28331,01_Rock3-148-C_comp.jams,823060,18.663492063492065,0,2,4,2,3,3,lost_correction,True,0.0638681948184967,0.27432510256767273,0.21045690774917603,0.214959979057312,-0.05290600657463074,0.01574506515111679,0.1539612305470002
31740,01_SS3-98-C_comp.jams,803907,18.22918367346939,1,2,3,2,4,3,lost_correction,True,0.06094369292259216,0.25890740752220154,0.19796371459960938,0.18709351122379303,0.058871641755104065,0.041330268166281936,0.06457878459583627
12771,00_Rock3-148-C_comp.jams,1098916,24.91873015873016,0,5,2,5,4,2,lost_correction,True,0.03663146495819092,0.29248717427253723,0.2558557093143463,0.24908927083015442,-0.04149504005908966,-0.25127407022424647,-0.15786651662878085
2674,00_Funk2-108-Eb_comp.jams,1482611,33.619297052154195,4,5,3,5,4,4,lost_correction,False,0.03457710146903992,0.27181777358055115,0.23724067211151123,0.23909041285514832,-0.23909041285514832,0.05033731460571289,0.14272558689117432
71607,04_SS1-68-E_comp.jams,408880,9.271655328798186,0,2,3,2,5,5,lost_correction,False,0.019219115376472473,0.18833337724208832,0.16911426186561584,0.20129352807998657,-0.20129352807998657,0.11428572237491608,0.1031055748462677
58639,03_SS2-107-Ab_comp.jams,761034,17.25700680272109,4,3,4,3,5,5,lost_correction,False,0.012752681970596313,0.33274489641189575,0.31999221444129944,0.28605037927627563,-0.28605037927627563,-0.048543691635131836,0.019879788160324097
71047,04_Rock3-148-C_comp.jams,374943,8.502108843537416,0,4,2,4,3,4,lost_correction,True,0.010000675916671753,0.3520872890949249,0.3420866131782532,0.2916707396507263,-0.06463262438774109,-0.020968733162715525,-0.014900733684671374
7407,00_Jazz3-150-C_comp.jams,106489,2.414716553287982,0,2,3,2,3,3,lost_correction,True,0.0,0.12403761595487595,0.12403761595487595,0.1339855194091797,0.0,0.0,0.0
7675,00_Jazz3-150-C_comp.jams,936468,21.235102040816326,0,3,2,3,2,2,lost_correction,True,0.0,0.25123387575149536,0.25123387575149536,0.23698142170906067,0.0,0.0,0.0
9872,00_Rock2-142-D_comp.jams,585485,13.276303854875284,0,3,4,3,4,3,lost_correction,True,0.0,0.46344345808029175,0.46344345808029175,0.45494532585144043,0.0,0.0,0.0
10079,00_Rock2-142-D_comp.jams,1072067,24.309909297052155,0,3,2,3,2,5,lost_correction,True,0.0,0.21196478605270386,0.21196478605270386,0.20965807139873505,0.0,0.0,0.0
12626,00_Rock3-148-C_comp.jams,790871,17.93358276643991,0,3,2,3,2,2,lost_correction,True,0.0,0.36420008540153503,0.36420008540153503,0.3821949362754822,0.0,0.0,0.0
12871,00_Rock3-148-C_solo.jams,501943,11.381927437641723,0,2,3,2,3,3,lost_correction,True,0.0,0.14806506037712097,0.14806506037712097,0.12262456119060516,0.0,0.0,0.0
13091,00_SS1-68-E_comp.jams,349398,7.922857142857143,0,3,2,3,2,3,lost_correction,True,0.0,0.4791107177734375,0.4791107177734375,0.4542482793331146,0.0,0.0,0.0
13216,00_SS1-68-E_comp.jams,804520,18.243083900226758,0,2,3,2,3,3,lost_correction,True,0.0,0.3407230079174042,0.3407230079174042,0.28901079297065735,0.0,0.0,0.0
13316,00_SS1-68-E_comp.jams,1130464,25.63410430839002,0,2,3,2,3,3,lost_correction,True,0.0,0.2662847638130188,0.2662847638130188,0.25702664256095886,0.0,0.0,0.0
13774,00_SS1-68-E_solo.jams,684359,15.518344671201815,0,2,4,2,4,4,lost_correction,True,0.0,0.15217046439647675,0.15217046439647675,0.12828852236270905,0.0,0.0,0.0
13910,00_SS1-68-E_solo.jams,1304878,29.58907029478458,0,2,3,2,3,4,lost_correction,True,0.0,0.42267295718193054,0.42267295718193054,0.44384247064590454,0.0,0.0,0.0
17321,01_BN2-166-Ab_comp.jams,126213,2.8619727891156463,0,4,3,4,3,4,lost_correction,True,0.0,0.4293931722640991,0.4293931722640991,0.42550569772720337,0.0,0.0,0.0
17427,01_BN2-166-Ab_comp.jams,509297,11.548684807256237,0,3,4,3,4,4,lost_correction,True,0.0,0.4602472484111786,0.4602472484111786,0.435245543718338,0.0,0.0,0.0
25777,01_Rock2-142-D_comp.jams,968937,21.97136054421769,0,2,3,2,3,3,lost_correction,True,0.0,0.3638300895690918,0.3638300895690918,0.3161001205444336,0.0,0.0,0.0
28863,01_SS1-68-E_comp.jams,480641,10.898888888888889,0,2,3,2,3,2,lost_correction,True,0.0,0.3389338552951813,0.3389338552951813,0.32951870560646057,0.0,0.0,0.0
29279,01_SS1-68-E_comp.jams,1531444,34.726621315192745,0,2,3,2,3,3,lost_correction,True,0.0,0.26268935203552246,0.26268935203552246,0.23455911874771118,0.0,0.0,0.0
33127,02_BN2-166-Ab_comp.jams,430842,9.769659863945579,0,3,4,3,4,3,lost_correction,True,0.0,0.4176727831363678,0.4176727831363678,0.42592933773994446,0.0,0.0,0.0
33198,02_BN2-166-Ab_comp.jams,709024,16.07764172335601,0,2,3,2,3,3,lost_correction,True,0.0,0.34097006916999817,0.34097006916999817,0.3563159704208374,0.0,0.0,0.0
39170,02_Jazz3-150-C_comp.jams,194445,4.409183673469387,0,2,3,2,3,3,lost_correction,True,0.0,0.34795820713043213,0.34795820713043213,0.34572169184684753,0.0,0.0,0.0
40961,02_Rock2-142-D_comp.jams,176507,4.002426303854875,0,3,2,3,2,2,lost_correction,True,0.0,0.23714695870876312,0.23714695870876312,0.2215636521577835,0.0,0.0,0.0
41104,02_Rock2-142-D_comp.jams,626139,14.198163265306123,0,3,4,3,4,4,lost_correction,True,0.0,0.45125603675842285,0.45125603675842285,0.42805951833724976,0.0,0.0,0.0
41299,02_Rock2-142-D_comp.jams,1147885,26.029138321995465,0,2,3,2,3,3,lost_correction,True,0.0,0.2212950885295868,0.2212950885295868,0.21260221302509308,0.0,0.0,0.0
42995,02_Rock3-148-C_comp.jams,82175,1.8633786848072562,0,4,3,4,3,3,lost_correction,True,0.0,0.295254111289978,0.295254111289978,0.2959086000919342,0.0,0.0,0.0
53542,03_Jazz3-150-C_comp.jams,770149,17.463696145124718,0,3,4,3,4,3,lost_correction,True,0.0,0.34933188557624817,0.34933188557624817,0.34765487909317017,0.0,0.0,0.0
55282,03_Rock2-142-D_comp.jams,1043262,23.65673469387755,0,3,4,3,4,3,lost_correction,True,0.0,0.4118139445781708,0.4118139445781708,0.3804498016834259,0.0,0.0,0.0
56915,03_Rock3-148-C_comp.jams,117319,2.6602947845804987,0,2,3,2,3,2,lost_correction,True,0.0,0.2884516716003418,0.2884516716003418,0.2996591329574585,0.0,0.0,0.0
61451,04_BN2-166-Ab_comp.jams,597904,13.557913832199546,0,4,3,4,3,4,lost_correction,True,0.0,0.49661269783973694,0.49661269783973694,0.43513038754463196,0.0,0.0,0.0
67448,04_Jazz3-150-C_comp.jams,1024137,23.223061224489797,0,3,2,3,2,2,lost_correction,True,0.0,0.30556124448776245,0.30556124448776245,0.29433420300483704,0.0,0.0,0.0
69036,04_Rock2-142-D_comp.jams,540647,12.259569160997733,0,3,2,3,2,2,lost_correction,True,0.0,0.2160797268152237,0.2160797268152237,0.18905693292617798,0.0,0.0,0.0
71036,04_Rock3-148-C_comp.jams,348837,7.910136054421769,0,4,3,4,3,4,lost_correction,True,0.0,0.37083691358566284,0.37083691358566284,0.3194693922996521,0.0,0.0,0.0
71271,04_Rock3-148-C_comp.jams,961961,21.813174603174602,0,3,2,3,2,3,lost_correction,True,0.0,0.3705264925956726,0.3705264925956726,0.2994580566883087,0.0,0.0,0.0
71465,04_SS1-68-E_comp.jams,77967,1.7679591836734694,0,2,3,2,3,3,lost_correction,True,0.0,0.25814324617385864,0.25814324617385864,0.2452869415283203,0.0,0.0,0.0
71895,04_SS1-68-E_comp.jams,1091042,24.74018140589569,0,2,3,2,3,2,lost_correction,True,0.0,0.2198684960603714,0.2198684960603714,0.25236716866493225,0.0,0.0,0.0
3620,00_Funk3-112-C#_comp.jams,130821,2.9664625850340136,1,4,3,4,3,3,lost_correction,True,0.0,0.4307568669319153,0.4307568669319153,0.3791595995426178,0.0,0.0,0.0
3657,00_Funk3-112-C#_comp.jams,226251,5.130408163265306,1,4,3,4,3,4,lost_correction,True,0.0,0.37274324893951416,0.37274324893951416,0.372869074344635,0.0,0.0,0.0
3845,00_Funk3-112-C#_comp.jams,691138,15.672063492063492,1,5,4,5,4,5,lost_correction,True,0.0,0.3107181191444397,0.3107181191444397,0.3455476462841034,0.0,0.0,0.0
3952,00_Funk3-112-C#_comp.jams,957333,21.708231292517006,1,3,4,3,4,5,lost_correction,True,0.0,0.2401604801416397,0.2401604801416397,0.24045269191265106,0.0,0.0,0.0
4134,00_Funk3-112-C#_comp.jams,1417596,32.14503401360544,1,4,3,4,3,3,lost_correction,True,0.0,0.2801761031150818,0.2801761031150818,0.2821929454803467,0.0,0.0,0.0
15758,00_SS3-98-C_comp.jams,68724,1.5583673469387755,1,3,2,3,2,2,lost_correction,True,0.0,0.12727031111717224,0.12727031111717224,0.09774863719940186,0.0,0.0,0.0
17905,01_BN3-154-E_comp.jams,533439,12.096122448979592,1,3,4,3,4,3,lost_correction,True,0.0,0.3760191798210144,0.3760191798210144,0.32266780734062195,0.0,0.0,0.0
19495,01_Funk2-119-G_comp.jams,132935,3.0143990929705216,1,4,3,4,3,3,lost_correction,True,0.0,0.40911030769348145,0.40911030769348145,0.42441481351852417,0.0,0.0,0.0
19658,01_Funk2-119-G_comp.jams,795307,18.034172335600907,1,3,4,3,4,3,lost_correction,True,0.0,0.4410646855831146,0.4410646855831146,0.4299241900444031,0.0,0.0,0.0
19799,01_Funk2-119-G_comp.jams,1363042,30.90798185941043,1,2,3,2,3,3,lost_correction,True,0.0,0.235774964094162,0.235774964094162,0.2328498363494873,0.0,0.0,0.0
20076,01_Funk3-112-C#_comp.jams,260412,5.905034013605442,1,3,2,3,2,2,lost_correction,True,0.0,0.4293282926082611,0.4293282926082611,0.3964686095714569,0.0,0.0,0.0
20136,01_Funk3-112-C#_comp.jams,537500,12.188208616780045,1,3,4,3,4,5,lost_correction,True,0.0,0.4384059011936188,0.4384059011936188,0.3696053922176361,0.0,0.0,0.0
20153,01_Funk3-112-C#_comp.jams,626034,14.19578231292517,1,3,2,3,2,2,lost_correction,True,0.0,0.4261327087879181,0.4261327087879181,0.40405142307281494,0.0,0.0,0.0
20249,01_Funk3-112-C#_comp.jams,1027778,23.30562358276644,1,3,2,3,2,3,lost_correction,True,0.0,0.4138675332069397,0.4138675332069397,0.416341632604599,0.0,0.0,0.0
31617,01_SS3-98-C_comp.jams,527988,11.972517006802722,1,2,3,2,3,3,lost_correction,True,0.0,0.2693508565425873,0.2693508565425873,0.22639100253582,0.0,0.0,0.0
31731,01_SS3-98-C_comp.jams,778370,17.650113378684807,1,2,3,2,3,3,lost_correction,True,0.0,0.18696178495883942,0.18696178495883942,0.2229279726743698,0.0,0.0,0.0
32101,01_SS3-98-C_comp.jams,1601547,36.31625850340136,1,2,3,2,3,3,lost_correction,True,0.0,0.4298305809497833,0.4298305809497833,0.3861284554004669,0.0,0.0,0.0
33751,02_BN3-154-E_comp.jams,1083005,24.557936507936507,1,4,3,4,3,4,lost_correction,True,0.0,0.29795700311660767,0.29795700311660767,0.31733933091163635,0.0,0.0,0.0
35138,02_Funk2-119-G_comp.jams,710665,16.11485260770975,1,2,3,2,3,2,lost_correction,True,0.0,0.36587947607040405,0.36587947607040405,0.3536103367805481,0.0,0.0,0.0
35189,02_Funk2-119-G_comp.jams,890336,20.189024943310656,1,3,2,3,2,3,lost_correction,True,0.0,0.4198335111141205,0.4198335111141205,0.41353288292884827,0.0,0.0,0.0
35706,02_Funk3-112-C#_comp.jams,756644,17.157460317460316,1,3,4,3,4,4,lost_correction,True,0.0,0.39737647771835327,0.39737647771835327,0.40540143847465515,0.0,0.0,0.0
35918,02_Funk3-112-C#_solo.jams,107445,2.4363945578231294,1,2,3,2,3,2,lost_correction,True,0.0,0.21656809747219086,0.21656809747219086,0.1929321438074112,0.0,0.0,0.0
36037,02_Funk3-112-C#_solo.jams,757929,17.18659863945578,1,2,3,2,3,3,lost_correction,True,0.0,0.20792695879936218,0.20792695879936218,0.20536252856254578,0.0,0.0,0.0
36069,02_Funk3-112-C#_solo.jams,920454,20.871972789115645,1,2,3,2,3,3,lost_correction,True,0.0,0.09446800500154495,0.09446800500154495,0.08059420436620712,0.0,0.0,0.0
46670,02_SS3-98-C_comp.jams,296745,6.72891156462585,1,4,3,4,3,4,lost_correction,True,0.0,0.3888484239578247,0.3888484239578247,0.41737717390060425,0.0,0.0,0.0
46768,02_SS3-98-C_comp.jams,540956,12.266575963718822,1,3,2,3,2,2,lost_correction,True,0.0,0.41678792238235474,0.41678792238235474,0.4087928533554077,0.0,0.0,0.0
46838,02_SS3-98-C_comp.jams,715266,16.219183673469388,1,3,2,3,2,3,lost_correction,True,0.0,0.35261070728302,0.35261070728302,0.33683595061302185,0.0,0.0,0.0
48452,03_BN3-154-E_comp.jams,395087,8.95888888888889,1,3,2,3,2,2,lost_correction,True,0.0,0.2370569407939911,0.2370569407939911,0.2076936960220337,0.0,0.0,0.0
49771,03_Funk2-119-G_comp.jams,245151,5.558979591836735,1,3,2,3,2,2,lost_correction,True,0.0,0.24813921749591827,0.24813921749591827,0.2062666416168213,0.0,0.0,0.0
49797,03_Funk2-119-G_comp.jams,355763,8.06718820861678,1,3,4,3,4,2,lost_correction,True,0.0,0.28821784257888794,0.28821784257888794,0.32326123118400574,0.0,0.0,0.0
50496,03_Funk3-112-C#_comp.jams,1323667,30.015124716553288,1,2,3,2,3,3,lost_correction,True,0.0,0.40661850571632385,0.40661850571632385,0.3489772379398346,0.0,0.0,0.0
60291,03_SS3-98-C_comp.jams,661823,15.007324263038548,1,3,4,3,4,4,lost_correction,True,0.0,0.3360463082790375,0.3360463082790375,0.3368507921695709,0.0,0.0,0.0
60525,03_SS3-98-C_comp.jams,1201918,27.25437641723356,1,3,4,3,4,3,lost_correction,True,0.0,0.26184195280075073,0.26184195280075073,0.2532902956008911,0.0,0.0,0.0
63794,04_Funk3-112-C#_comp.jams,130762,2.965124716553288,1,3,4,3,4,4,lost_correction,True,0.0,0.3197014331817627,0.3197014331817627,0.338369756937027,0.0,0.0,0.0
64007,04_Funk3-112-C#_comp.jams,775021,17.574172335600906,1,3,2,3,2,2,lost_correction,True,0.0,0.3714759051799774,0.3714759051799774,0.40005001425743103,0.0,0.0,0.0
64111,04_Funk3-112-C#_comp.jams,1093700,24.800453514739228,1,3,2,3,2,2,lost_correction,True,0.0,0.33692026138305664,0.33692026138305664,0.327202171087265,0.0,0.0,0.0
73866,04_SS3-98-C_comp.jams,53404,1.2109750566893425,1,2,4,2,4,4,lost_correction,True,0.0,0.2104528397321701,0.2104528397321701,0.22059057652950287,0.0,0.0,0.0
73961,04_SS3-98-C_comp.jams,324018,7.347346938775511,1,3,2,3,2,3,lost_correction,True,0.0,0.42927244305610657,0.42927244305610657,0.4230978786945343,0.0,0.0,0.0
5509,00_Jazz1-200-B_comp.jams,79505,1.8028344671201815,2,3,4,3,4,3,lost_correction,True,0.0,0.40888142585754395,0.40888142585754395,0.38444969058036804,0.0,0.0,0.0
5519,00_Jazz1-200-B_comp.jams,118705,2.6917233560090703,2,3,4,3,4,4,lost_correction,True,0.0,0.39048880338668823,0.39048880338668823,0.39246103167533875,0.0,0.0,0.0
5908,00_Jazz2-110-Bb_comp.jams,446722,10.129750566893424,2,3,4,3,4,4,lost_correction,True,0.0,0.3168518841266632,0.3168518841266632,0.3399137556552887,0.0,0.0,0.0
8097,00_Rock1-130-A_comp.jams,157145,3.5633786848072564,2,2,3,2,3,3,lost_correction,True,0.0,0.27319005131721497,0.27319005131721497,0.23009265959262848,0.0,0.0,0.0
8167,00_Rock1-130-A_comp.jams,346557,7.85843537414966,2,2,3,2,3,3,lost_correction,True,0.0,0.47831517457962036,0.47831517457962036,0.4433286488056183,0.0,0.0,0.0
8398,00_Rock1-130-A_comp.jams,914779,20.74328798185941,2,3,4,3,4,2,lost_correction,True,0.0,0.23242038488388062,0.23242038488388062,0.24487827718257904,0.0,0.0,0.0
10561,00_Rock2-85-F_comp.jams,393965,8.93344671201814,2,2,3,2,3,3,lost_correction,True,0.0,0.362295001745224,0.362295001745224,0.3456331491470337,0.0,0.0,0.0
10799,00_Rock2-85-F_comp.jams,917145,20.796938775510203,2,2,3,2,3,3,lost_correction,True,0.0,0.18302899599075317,0.18302899599075317,0.18443937599658966,0.0,0.0,0.0
10807,00_Rock2-85-F_comp.jams,933278,21.162766439909298,2,3,4,3,4,4,lost_correction,True,0.0,0.24192436039447784,0.24192436039447784,0.19998066127300262,0.0,0.0,0.0
18375,01_Funk1-114-Ab_comp.jams,174145,3.9488662131519274,2,3,2,3,2,3,lost_correction,True,0.0,0.3038730025291443,0.3038730025291443,0.3059653043746948,0.0,0.0,0.0
18418,01_Funk1-114-Ab_comp.jams,365264,8.28263038548753,2,3,2,3,2,2,lost_correction,True,0.0,0.38544225692749023,0.38544225692749023,0.3233247697353363,0.0,0.0,0.0
18459,01_Funk1-114-Ab_comp.jams,493864,11.198730158730159,2,2,3,2,3,2,lost_correction,True,0.0,0.5166997909545898,0.5166997909545898,0.47741571068763733,0.0,0.0,0.0
22422,01_Jazz2-110-Bb_comp.jams,1322440,29.987301587301587,2,3,4,3,4,4,lost_correction,True,0.0,0.49418386816978455,0.49418386816978455,0.48803019523620605,0.0,0.0,0.0
24077,01_Rock1-130-A_comp.jams,591252,13.407074829931974,2,3,4,3,4,3,lost_correction,True,0.0,0.196406751871109,0.196406751871109,0.19219033420085907,0.0,0.0,0.0
24225,01_Rock1-130-A_comp.jams,935166,21.205578231292517,2,2,3,2,3,2,lost_correction,True,0.0,0.19140936434268951,0.19140936434268951,0.15734797716140747,0.0,0.0,0.0
24235,01_Rock1-130-A_comp.jams,955133,21.658344671201814,2,3,4,3,4,3,lost_correction,True,0.0,0.3456098735332489,0.3456098735332489,0.3096219301223755,0.0,0.0,0.0
34161,02_Funk1-114-Ab_comp.jams,836055,18.958163265306123,2,2,3,2,3,3,lost_correction,True,0.0,0.43889355659484863,0.43889355659484863,0.4150890111923218,0.0,0.0,0.0
37200,02_Jazz1-200-B_comp.jams,60176,1.3645351473922902,2,2,3,2,3,3,lost_correction,True,0.0,0.3016412854194641,0.3016412854194641,0.3053560256958008,0.0,0.0,0.0
37262,02_Jazz1-200-B_comp.jams,225039,5.102925170068027,2,3,2,3,2,3,lost_correction,True,0.0,0.3608799874782562,0.3608799874782562,0.2666610777378082,0.0,0.0,0.0
41595,02_Rock2-85-F_comp.jams,591677,13.41671201814059,2,3,2,3,2,2,lost_correction,True,0.0,0.3072921335697174,0.3072921335697174,0.2920280694961548,0.0,0.0,0.0
41845,02_Rock2-85-F_comp.jams,1432563,32.484421768707485,2,3,4,3,4,3,lost_correction,True,0.0,0.3475238084793091,0.3475238084793091,0.3544808030128479,0.0,0.0,0.0
52140,03_Jazz2-110-Bb_comp.jams,647628,14.685442176870747,2,3,4,3,4,3,lost_correction,True,0.0,0.1952773481607437,0.1952773481607437,0.1967364251613617,0.0,0.0,0.0
53787,03_Rock1-130-A_comp.jams,113411,2.5716780045351473,2,2,3,2,3,3,lost_correction,True,0.0,0.2786127030849457,0.2786127030849457,0.2475971132516861,0.0,0.0,0.0
54029,03_Rock1-130-A_comp.jams,722416,16.381315192743763,2,3,4,3,4,4,lost_correction,True,0.0,0.23639339208602905,0.23639339208602905,0.2448800802230835,0.0,0.0,0.0
62292,04_Funk1-114-Ab_comp.jams,715268,16.21922902494331,2,3,2,3,2,2,lost_correction,True,0.0,0.3066639006137848,0.3066639006137848,0.29271072149276733,0.0,0.0,0.0
62310,04_Funk1-114-Ab_comp.jams,789627,17.905374149659863,2,2,3,2,3,2,lost_correction,True,0.0,0.38324159383773804,0.38324159383773804,0.3795967102050781,0.0,0.0,0.0
66033,04_Jazz2-110-Bb_comp.jams,816521,18.515215419501132,2,3,2,3,2,2,lost_correction,True,0.0,0.2999531328678131,0.2999531328678131,0.2660142779350281,0.0,0.0,0.0
2325,00_Funk2-108-Eb_comp.jams,496455,11.257482993197279,4,5,3,5,3,4,lost_correction,True,0.0,0.3776765763759613,0.3776765763759613,0.31167149543762207,0.0,0.0,0.0
2613,00_Funk2-108-Eb_comp.jams,1299075,29.457482993197278,4,4,3,4,3,4,lost_correction,True,0.0,0.33781561255455017,0.33781561255455017,0.279452383518219,0.0,0.0,0.0
5269,00_Jazz1-130-D_comp.jams,622534,14.11641723356009,4,4,3,4,3,3,lost_correction,True,0.0,0.3819020688533783,0.3819020688533783,0.3734878897666931,0.0,0.0,0.0
7133,00_Jazz3-137-Eb_comp.jams,1073182,24.33519274376417,4,3,4,3,4,4,lost_correction,True,0.0,0.28274139761924744,0.28274139761924744,0.2712137997150421,0.0,0.0,0.0
8837,00_Rock1-90-C#_comp.jams,346319,7.853038548752834,4,4,3,4,3,5,lost_correction,True,0.0,0.25492405891418457,0.25492405891418457,0.27110370993614197,0.0,0.0,0.0
8981,00_Rock1-90-C#_comp.jams,674948,15.304943310657597,4,4,3,4,3,4,lost_correction,True,0.0,0.3222458064556122,0.3222458064556122,0.31964898109436035,0.0,0.0,0.0
9014,00_Rock1-90-C#_comp.jams,758776,17.20580498866213,4,3,2,3,2,2,lost_correction,True,0.0,0.26341432332992554,0.26341432332992554,0.2587941586971283,0.0,0.0,0.0
9055,00_Rock1-90-C#_comp.jams,852406,19.328934240362813,4,5,3,5,3,5,lost_correction,True,0.0,0.24739491939544678,0.24739491939544678,0.1920403242111206,0.0,0.0,0.0
9331,00_Rock1-90-C#_solo.jams,71163,1.613673469387755,4,2,3,2,3,3,lost_correction,True,0.0,0.20368990302085876,0.20368990302085876,0.19805532693862915,0.0,0.0,0.0
9527,00_Rock1-90-C#_solo.jams,645296,14.632562358276644,4,2,4,2,4,4,lost_correction,True,0.0,0.3881208598613739,0.3881208598613739,0.37263089418411255,0.0,0.0,0.0
18893,01_Funk2-108-Eb_comp.jams,221104,5.013696145124716,4,4,2,4,2,2,lost_correction,True,0.0,0.3575451672077179,0.3575451672077179,0.33106181025505066,0.0,0.0,0.0
19026,01_Funk2-108-Eb_comp.jams,863971,19.591179138321994,4,2,3,2,3,2,lost_correction,True,0.0,0.38984882831573486,0.38984882831573486,0.37336552143096924,0.0,0.0,0.0
23065,01_Jazz3-137-Eb_comp.jams,19862,0.4503854875283447,4,2,3,2,3,3,lost_correction,True,0.0,0.36112073063850403,0.36112073063850403,0.3603663444519043,0.0,0.0,0.0
24870,01_Rock1-90-C#_comp.jams,779709,17.680476190476192,4,2,3,2,3,3,lost_correction,True,0.0,0.3095102608203888,0.3095102608203888,0.32481154799461365,0.0,0.0,0.0
24989,01_Rock1-90-C#_comp.jams,1042690,23.6437641723356,4,2,3,2,3,2,lost_correction,True,0.0,0.3510737717151642,0.3510737717151642,0.3203893005847931,0.0,0.0,0.0
30295,01_SS2-107-Ab_solo.jams,864116,19.594467120181406,4,2,3,2,3,3,lost_correction,True,0.0,0.2878444194793701,0.2878444194793701,0.2785428464412689,0.0,0.0,0.0
34573,02_Funk2-108-Eb_comp.jams,679093,15.398934240362811,4,2,3,2,3,3,lost_correction,True,0.0,0.2089816778898239,0.2089816778898239,0.18793924152851105,0.0,0.0,0.0
51574,03_Jazz1-130-D_comp.jams,775695,17.589455782312925,4,3,2,3,2,2,lost_correction,True,0.0,0.4445408880710602,0.4445408880710602,0.42179879546165466,0.0,0.0,0.0
52967,03_Jazz3-137-Eb_comp.jams,49562,1.1238548752834467,4,2,3,2,3,2,lost_correction,True,0.0,0.47089478373527527,0.47089478373527527,0.39347314834594727,0.0,0.0,0.0
54508,03_Rock1-90-C#_comp.jams,646413,14.657891156462584,4,2,3,2,3,3,lost_correction,True,0.0,0.36934131383895874,0.36934131383895874,0.3704245984554291,0.0,0.0,0.0
58599,03_SS2-107-Ab_comp.jams,643944,14.601904761904763,4,4,3,4,3,4,lost_correction,True,0.0,0.25090292096138,0.25090292096138,0.2807548940181732,0.0,0.0,0.0
58921,03_SS2-107-Ab_comp.jams,1552356,35.200816326530614,4,2,3,2,3,2,lost_correction,True,0.0,0.3535142242908478,0.3535142242908478,0.33339598774909973,0.0,0.0,0.0
62817,04_Funk2-108-Eb_comp.jams,943374,21.39170068027211,4,4,3,4,3,4,lost_correction,True,0.0,0.4126489460468292,0.4126489460468292,0.367207795381546,0.0,0.0,0.0
65119,04_Jazz1-130-D_comp.jams,122981,2.788684807256236,4,4,3,4,3,4,lost_correction,True,0.0,0.3908580243587494,0.3908580243587494,0.4052325487136841,0.0,0.0,0.0
66748,04_Jazz3-137-Eb_comp.jams,270650,6.13718820861678,4,4,3,4,3,4,lost_correction,True,0.0,0.4095536172389984,0.4095536172389984,0.35577571392059326,0.0,0.0,0.0
68506,04_Rock1-90-C#_comp.jams,1000327,22.683151927437642,4,4,3,4,3,4,lost_correction,True,0.0,0.39151710271835327,0.39151710271835327,0.38358578085899353,0.0,0.0,0.0
68540,04_Rock1-90-C#_comp.jams,1086873,24.6456462585034,4,4,3,4,3,4,lost_correction,True,0.0,0.28980955481529236,0.28980955481529236,0.2850342392921448,0.0,0.0,0.0
68611,04_Rock1-90-C#_comp.jams,1250331,28.3521768707483,4,2,3,2,3,3,lost_correction,True,0.0,0.24114255607128143,0.24114255607128143,0.24836435914039612,0.0,0.0,0.0
72396,04_SS2-107-Ab_comp.jams,49687,1.1266893424036282,4,2,3,2,3,3,lost_correction,True,0.0,0.3708038926124573,0.3708038926124573,0.3526948392391205,0.0,0.0,0.0
72436,04_SS2-107-Ab_comp.jams,199441,4.522471655328798,4,2,3,2,3,3,lost_correction,True,0.0,0.39199119806289673,0.39199119806289673,0.4276796579360962,0.0,0.0,0.0
