global_index,recording_id,start_sample,fold,true_K,baseline_K,control7_K,corrector8_K,effect
624,00_BN2-166-Ab_comp.jams,199808,0,2,2,3,2,correction
712,00_BN2-166-Ab_comp.jams,533113,0,3,2,2,3,correction
785,00_BN2-166-Ab_comp.jams,805715,0,4,3,3,4,correction
7407,00_Jazz3-150-C_comp.jams,106489,0,2,3,2,3,regression
7438,00_Jazz3-150-C_comp.jams,188327,0,3,2,2,3,correction
7493,00_Jazz3-150-C_comp.jams,369876,0,3,3,2,3,correction
7546,00_Jazz3-150-C_comp.jams,521083,0,3,2,2,3,correction
7614,00_Jazz3-150-C_comp.jams,750329,0,2,3,3,2,correction
7621,00_Jazz3-150-C_comp.jams,787181,0,3,3,3,2,regression
7668,00_Jazz3-150-C_comp.jams,911307,0,3,3,3,4,regression
7675,00_Jazz3-150-C_comp.jams,936468,0,3,2,3,2,regression
7691,00_Jazz3-150-C_comp.jams,981130,0,3,3,3,2,regression
7702,00_Jazz3-150-C_comp.jams,1005549,0,3,3,3,2,regression
9694,00_Rock2-142-D_comp.jams,136526,0,3,4,2,3,correction
9699,00_Rock2-142-D_comp.jams,150043,0,2,3,3,2,correction
9760,00_Rock2-142-D_comp.jams,278998,0,2,2,2,3,regression
9769,00_Rock2-142-D_comp.jams,317201,0,5,3,4,5,correction
9790,00_Rock2-142-D_comp.jams,384200,0,4,3,3,4,correction
9812,00_Rock2-142-D_comp.jams,448698,0,5,4,4,5,correction
9872,00_Rock2-142-D_comp.jams,585485,0,3,4,3,4,regression
9904,00_Rock2-142-D_comp.jams,656128,0,2,2,2,3,regression
9923,00_Rock2-142-D_comp.jams,704291,0,3,2,2,3,correction
9936,00_Rock2-142-D_comp.jams,740214,0,3,4,2,3,correction
9975,00_Rock2-142-D_comp.jams,820710,0,2,2,3,2,correction
9977,00_Rock2-142-D_comp.jams,829739,0,4,4,4,3,regression
9999,00_Rock2-142-D_comp.jams,884688,0,3,4,3,2,regression
10079,00_Rock2-142-D_comp.jams,1072067,0,3,2,3,2,regression
10088,00_Rock2-142-D_comp.jams,1090502,0,3,3,2,3,correction
12317,00_Rock3-148-C_comp.jams,95533,0,3,3,2,3,correction
12429,00_Rock3-148-C_comp.jams,352625,0,3,4,3,5,regression
12483,00_Rock3-148-C_comp.jams,465369,0,5,3,5,2,regression
12626,00_Rock3-148-C_comp.jams,790871,0,3,2,3,2,regression
12673,00_Rock3-148-C_comp.jams,890277,0,3,4,5,3,correction
12771,00_Rock3-148-C_comp.jams,1098916,0,5,2,5,4,regression
12796,00_Rock3-148-C_solo.jams,18961,0,3,3,2,3,correction
12800,00_Rock3-148-C_solo.jams,37490,0,3,3,4,3,correction
12826,00_Rock3-148-C_solo.jams,180820,0,3,3,3,4,regression
12871,00_Rock3-148-C_solo.jams,501943,0,2,3,2,3,regression
13091,00_SS1-68-E_comp.jams,349398,0,3,2,3,2,regression
13153,00_SS1-68-E_comp.jams,607711,0,2,2,2,3,regression
13216,00_SS1-68-E_comp.jams,804520,0,2,3,2,3,regression
13292,00_SS1-68-E_comp.jams,1054246,0,3,4,4,3,correction
13316,00_SS1-68-E_comp.jams,1130464,0,2,3,2,3,regression
13422,00_SS1-68-E_comp.jams,1438781,0,3,3,3,2,regression
13572,00_SS1-68-E_solo.jams,5,0,2,2,3,2,correction
13613,00_SS1-68-E_solo.jams,157675,0,2,2,2,3,regression
13774,00_SS1-68-E_solo.jams,684359,0,2,4,2,4,regression
13837,00_SS1-68-E_solo.jams,854426,0,2,2,3,2,correction
13859,00_SS1-68-E_solo.jams,911478,0,2,4,2,3,regression
13910,00_SS1-68-E_solo.jams,1304878,0,2,3,2,3,regression
17297,01_BN2-166-Ab_comp.jams,55052,0,2,3,3,2,correction
17321,01_BN2-166-Ab_comp.jams,126213,0,4,3,4,3,regression
17358,01_BN2-166-Ab_comp.jams,231294,0,3,3,3,2,regression
17420,01_BN2-166-Ab_comp.jams,469374,0,3,3,2,3,correction
17427,01_BN2-166-Ab_comp.jams,509297,0,3,4,3,4,regression
17472,01_BN2-166-Ab_comp.jams,621349,0,3,4,2,3,correction
17485,01_BN2-166-Ab_comp.jams,661458,0,4,4,3,4,correction
23508,01_Jazz3-150-C_comp.jams,18220,0,3,4,3,2,regression
23614,01_Jazz3-150-C_comp.jams,617117,0,3,4,4,3,correction
25421,01_Rock2-142-D_comp.jams,149836,0,4,4,3,4,correction
25520,01_Rock2-142-D_comp.jams,373546,0,4,4,4,3,regression
25571,01_Rock2-142-D_comp.jams,493400,0,2,2,2,3,regression
25777,01_Rock2-142-D_comp.jams,968937,0,2,3,2,3,regression
25788,01_Rock2-142-D_comp.jams,998234,0,2,2,2,3,regression
28169,01_Rock3-148-C_comp.jams,340172,0,2,2,2,3,regression
28220,01_Rock3-148-C_comp.jams,478284,0,2,2,2,3,regression
28265,01_Rock3-148-C_comp.jams,616857,0,2,3,3,2,correction
28298,01_Rock3-148-C_comp.jams,707021,0,2,2,2,3,regression
28331,01_Rock3-148-C_comp.jams,823060,0,2,4,2,3,regression
28422,01_Rock3-148-C_comp.jams,1051152,0,2,3,3,2,correction
28454,01_Rock3-148-C_comp.jams,1135166,0,2,2,4,2,correction
28713,01_SS1-68-E_comp.jams,119889,0,3,3,2,3,correction
28842,01_SS1-68-E_comp.jams,428960,0,3,3,2,3,correction
28863,01_SS1-68-E_comp.jams,480641,0,2,3,2,3,regression
29231,01_SS1-68-E_comp.jams,1401419,0,4,3,3,4,correction
29279,01_SS1-68-E_comp.jams,1531444,0,2,3,2,3,regression
29286,01_SS1-68-E_comp.jams,1557084,0,3,3,4,3,correction
33127,02_BN2-166-Ab_comp.jams,430842,0,3,4,3,4,regression
33136,02_BN2-166-Ab_comp.jams,454941,0,2,2,3,2,correction
33198,02_BN2-166-Ab_comp.jams,709024,0,2,3,2,3,regression
33218,02_BN2-166-Ab_comp.jams,797467,0,3,2,2,3,correction
33282,02_BN2-166-Ab_comp.jams,1005031,0,2,2,3,2,correction
39170,02_Jazz3-150-C_comp.jams,194445,0,2,3,2,3,regression
39387,02_Jazz3-150-C_comp.jams,706996,0,3,3,3,2,regression
39523,02_Jazz3-150-C_comp.jams,1040195,0,2,2,3,2,correction
40961,02_Rock2-142-D_comp.jams,176507,0,3,2,3,2,regression
40975,02_Rock2-142-D_comp.jams,206329,0,2,2,3,2,correction
41048,02_Rock2-142-D_comp.jams,477099,0,4,3,3,4,correction
41062,02_Rock2-142-D_comp.jams,515000,0,2,3,3,2,correction
41085,02_Rock2-142-D_comp.jams,568799,0,2,2,2,3,regression
41104,02_Rock2-142-D_comp.jams,626139,0,3,4,3,4,regression
41155,02_Rock2-142-D_comp.jams,755320,0,2,2,3,2,correction
41299,02_Rock2-142-D_comp.jams,1147885,0,2,3,2,3,regression
42995,02_Rock3-148-C_comp.jams,82175,0,4,3,4,3,regression
43050,02_Rock3-148-C_comp.jams,216338,0,4,4,3,4,correction
43058,02_Rock3-148-C_comp.jams,234363,0,4,3,3,4,correction
43086,02_Rock3-148-C_comp.jams,295441,0,3,2,2,3,correction
43143,02_Rock3-148-C_comp.jams,430603,0,2,3,3,2,correction
43147,02_Rock3-148-C_comp.jams,438584,0,2,2,3,2,correction
43175,02_Rock3-148-C_comp.jams,502376,0,4,3,4,2,regression
43309,02_Rock3-148-C_comp.jams,799964,0,3,2,2,3,correction
43320,02_Rock3-148-C_comp.jams,823062,0,3,3,3,2,regression
47968,03_BN2-166-Ab_comp.jams,12,0,4,2,3,4,correction
47974,03_BN2-166-Ab_comp.jams,15631,0,3,4,4,3,correction
47987,03_BN2-166-Ab_comp.jams,55853,0,4,4,2,4,correction
47998,03_BN2-166-Ab_comp.jams,95146,0,3,2,2,3,correction
48042,03_BN2-166-Ab_comp.jams,326707,0,4,4,4,2,regression
48056,03_BN2-166-Ab_comp.jams,381994,0,4,4,4,3,regression
48077,03_BN2-166-Ab_comp.jams,454432,0,3,3,4,3,correction
48096,03_BN2-166-Ab_comp.jams,525512,0,3,4,2,3,correction
48137,03_BN2-166-Ab_comp.jams,653210,0,4,4,3,4,correction
48179,03_BN2-166-Ab_comp.jams,859861,0,3,3,2,3,correction
48203,03_BN2-166-Ab_comp.jams,948693,0,4,2,3,4,correction
53401,03_Jazz3-150-C_comp.jams,140674,0,3,4,4,3,correction
53409,03_Jazz3-150-C_comp.jams,169839,0,3,4,4,3,correction
53464,03_Jazz3-150-C_comp.jams,468854,0,3,2,2,3,correction
53467,03_Jazz3-150-C_comp.jams,511161,0,3,4,4,3,correction
53542,03_Jazz3-150-C_comp.jams,770149,0,3,4,3,4,regression
54974,03_Rock2-142-D_comp.jams,149148,0,2,4,3,2,correction
55006,03_Rock2-142-D_comp.jams,224349,0,3,4,4,3,correction
55069,03_Rock2-142-D_comp.jams,448282,0,4,4,4,3,regression
55123,03_Rock2-142-D_comp.jams,595934,0,3,3,2,3,correction
55148,03_Rock2-142-D_comp.jams,661931,0,3,4,4,3,correction
55156,03_Rock2-142-D_comp.jams,681191,0,4,4,3,4,correction
55169,03_Rock2-142-D_comp.jams,708314,0,3,3,3,5,regression
55199,03_Rock2-142-D_comp.jams,792496,0,3,3,3,2,regression
55282,03_Rock2-142-D_comp.jams,1043262,0,3,4,3,4,regression
55325,03_Rock2-142-D_comp.jams,1130058,0,3,3,3,2,regression
56871,03_Rock3-148-C_comp.jams,18388,0,4,4,4,3,regression
56915,03_Rock3-148-C_comp.jams,117319,0,2,3,2,3,regression
56939,03_Rock3-148-C_comp.jams,178878,0,3,2,2,3,correction
57071,03_Rock3-148-C_comp.jams,482855,0,2,3,3,2,correction
57120,03_Rock3-148-C_comp.jams,590634,0,2,3,2,4,regression
57128,03_Rock3-148-C_comp.jams,608363,0,3,3,3,5,regression
57188,03_Rock3-148-C_comp.jams,750281,0,3,3,3,2,regression
57214,03_Rock3-148-C_comp.jams,813929,0,4,3,3,4,correction
57295,03_Rock3-148-C_comp.jams,1001085,0,3,2,2,3,correction
57310,03_Rock3-148-C_comp.jams,1037408,0,4,4,4,5,regression
57325,03_Rock3-148-C_comp.jams,1073978,0,3,2,2,3,correction
57512,03_SS1-68-E_comp.jams,155881,0,3,3,3,2,regression
57615,03_SS1-68-E_comp.jams,389564,0,2,2,3,2,correction
57818,03_SS1-68-E_comp.jams,896184,0,2,2,3,2,correction
57891,03_SS1-68-E_comp.jams,1092236,0,3,3,3,2,regression
57921,03_SS1-68-E_comp.jams,1168689,0,2,4,2,3,regression
58163,03_SS1-68-E_comp.jams,1831709,0,2,2,2,3,regression
61293,04_BN2-166-Ab_comp.jams,54864,0,4,4,3,4,correction
61322,04_BN2-166-Ab_comp.jams,142652,0,4,4,4,3,regression
61400,04_BN2-166-Ab_comp.jams,422218,0,4,4,4,3,regression
61426,04_BN2-166-Ab_comp.jams,508872,0,4,4,3,4,correction
61440,04_BN2-166-Ab_comp.jams,564421,0,4,4,4,2,regression
61447,04_BN2-166-Ab_comp.jams,581277,0,4,4,3,4,correction
61451,04_BN2-166-Ab_comp.jams,597904,0,4,3,4,3,regression
61476,04_BN2-166-Ab_comp.jams,692493,0,3,4,2,3,correction
61542,04_BN2-166-Ab_comp.jams,946310,0,4,4,4,2,regression
67151,04_Jazz3-150-C_comp.jams,8,0,2,2,2,4,regression
67182,04_Jazz3-150-C_comp.jams,100942,0,3,4,4,3,correction
67254,04_Jazz3-150-C_comp.jams,352662,0,4,4,3,4,correction
67260,04_Jazz3-150-C_comp.jams,369729,0,4,4,4,3,regression
67367,04_Jazz3-150-C_comp.jams,716443,0,3,3,3,2,regression
67382,04_Jazz3-150-C_comp.jams,787501,0,2,2,2,3,regression
67383,04_Jazz3-150-C_comp.jams,809934,0,3,4,4,3,correction
67401,04_Jazz3-150-C_comp.jams,881994,0,3,4,4,3,correction
67448,04_Jazz3-150-C_comp.jams,1024137,0,3,2,3,2,regression
67472,04_Jazz3-150-C_comp.jams,1093572,0,3,4,4,3,correction
67474,04_Jazz3-150-C_comp.jams,1110294,0,3,2,3,4,regression
69024,04_Rock2-142-D_comp.jams,513169,0,5,3,4,5,correction
69036,04_Rock2-142-D_comp.jams,540647,0,3,2,3,2,regression
69084,04_Rock2-142-D_comp.jams,660226,0,3,3,3,2,regression
69106,04_Rock2-142-D_comp.jams,716766,0,2,2,4,2,correction
70975,04_Rock3-148-C_comp.jams,205610,0,4,3,3,4,correction
71006,04_Rock3-148-C_comp.jams,286455,0,2,2,3,2,correction
71036,04_Rock3-148-C_comp.jams,348837,0,4,3,4,3,regression
71047,04_Rock3-148-C_comp.jams,374943,0,4,2,4,3,regression
71062,04_Rock3-148-C_comp.jams,411090,0,4,4,4,3,regression
71181,04_Rock3-148-C_comp.jams,696972,0,3,2,2,3,correction
71220,04_Rock3-148-C_comp.jams,817995,0,3,3,3,2,regression
71227,04_Rock3-148-C_comp.jams,841024,0,3,3,2,3,correction
71246,04_Rock3-148-C_comp.jams,894680,0,4,4,4,3,regression
71256,04_Rock3-148-C_comp.jams,920929,0,4,4,4,3,regression
71271,04_Rock3-148-C_comp.jams,961961,0,3,2,3,2,regression
71332,04_Rock3-148-C_comp.jams,1113859,0,2,2,2,3,regression
71465,04_SS1-68-E_comp.jams,77967,0,2,3,2,3,regression
71604,04_SS1-68-E_comp.jams,402533,0,2,3,3,2,correction
71607,04_SS1-68-E_comp.jams,408880,0,2,3,2,5,regression
71712,04_SS1-68-E_comp.jams,661187,0,3,2,2,3,correction
71797,04_SS1-68-E_comp.jams,875384,0,3,2,2,3,correction
71895,04_SS1-68-E_comp.jams,1091042,0,2,3,2,3,regression
71938,04_SS1-68-E_comp.jams,1184981,0,3,3,3,2,regression
71950,04_SS1-68-E_comp.jams,1212468,0,3,2,2,3,correction
71977,04_SS1-68-E_comp.jams,1281869,0,4,4,3,4,correction
72024,04_SS1-68-E_comp.jams,1383344,0,4,4,3,4,correction
72050,04_SS1-68-E_comp.jams,1440389,0,4,3,5,4,correction
72072,04_SS1-68-E_comp.jams,1500103,0,4,4,3,4,correction
1000,00_BN3-154-E_comp.jams,79356,1,2,3,3,2,correction
2877,00_Funk2-119-G_comp.jams,17337,1,3,3,3,2,regression
2997,00_Funk2-119-G_comp.jams,350014,1,3,3,4,3,correction
3149,00_Funk2-119-G_comp.jams,705316,1,2,3,3,2,correction
3247,00_Funk2-119-G_comp.jams,950692,1,5,4,4,5,correction
3340,00_Funk2-119-G_comp.jams,1185391,1,2,2,2,3,regression
3344,00_Funk2-119-G_comp.jams,1195149,1,2,2,2,3,regression
3363,00_Funk2-119-G_comp.jams,1233378,1,4,3,3,4,correction
3620,00_Funk3-112-C#_comp.jams,130821,1,4,3,4,3,regression
3657,00_Funk3-112-C#_comp.jams,226251,1,4,3,4,3,regression
3683,00_Funk3-112-C#_comp.jams,294279,1,3,3,3,2,regression
3845,00_Funk3-112-C#_comp.jams,691138,1,5,4,5,4,regression
3856,00_Funk3-112-C#_comp.jams,719695,1,3,2,2,3,correction
3897,00_Funk3-112-C#_comp.jams,815422,1,3,4,2,3,correction
3952,00_Funk3-112-C#_comp.jams,957333,1,3,4,3,4,regression
4134,00_Funk3-112-C#_comp.jams,1417596,1,4,3,4,3,regression
15758,00_SS3-98-C_comp.jams,68724,1,3,2,3,2,regression
15817,00_SS3-98-C_comp.jams,205622,1,3,3,3,2,regression
16074,00_SS3-98-C_comp.jams,879291,1,3,3,2,3,correction
16098,00_SS3-98-C_comp.jams,947741,1,3,3,3,2,regression
16159,00_SS3-98-C_comp.jams,1093905,1,3,2,2,3,correction
16653,00_SS3-98-C_solo.jams,1094044,1,2,3,3,2,correction
17799,01_BN3-154-E_comp.jams,164005,1,3,3,4,3,correction
17905,01_BN3-154-E_comp.jams,533439,1,3,4,3,4,regression
17964,01_BN3-154-E_comp.jams,731434,1,2,2,3,2,correction
18023,01_BN3-154-E_comp.jams,945363,1,2,2,3,2,correction
19495,01_Funk2-119-G_comp.jams,132935,1,4,3,4,3,regression
19528,01_Funk2-119-G_comp.jams,255972,1,3,4,2,3,correction
19565,01_Funk2-119-G_comp.jams,400910,1,4,4,3,4,correction
19658,01_Funk2-119-G_comp.jams,795307,1,3,4,3,4,regression
19721,01_Funk2-119-G_comp.jams,1040061,1,3,4,4,3,correction
19748,01_Funk2-119-G_comp.jams,1139294,1,2,3,3,2,correction
19799,01_Funk2-119-G_comp.jams,1363042,1,2,3,2,3,regression
20021,01_Funk3-112-C#_comp.jams,47962,1,3,2,2,3,correction
20076,01_Funk3-112-C#_comp.jams,260412,1,3,2,3,2,regression
20104,01_Funk3-112-C#_comp.jams,378217,1,2,2,3,2,correction
20136,01_Funk3-112-C#_comp.jams,537500,1,3,4,3,4,regression
20148,01_Funk3-112-C#_comp.jams,590537,1,3,2,2,3,correction
20153,01_Funk3-112-C#_comp.jams,626034,1,3,2,3,2,regression
20155,01_Funk3-112-C#_comp.jams,637521,1,3,3,2,3,correction
20197,01_Funk3-112-C#_comp.jams,838507,1,3,3,3,4,regression
20249,01_Funk3-112-C#_comp.jams,1027778,1,3,2,3,2,regression
20264,01_Funk3-112-C#_comp.jams,1086913,1,3,2,3,4,regression
20304,01_Funk3-112-C#_comp.jams,1240496,1,2,2,3,2,correction
20321,01_Funk3-112-C#_comp.jams,1299884,1,3,3,3,2,regression
20334,01_Funk3-112-C#_comp.jams,1346436,1,3,3,2,3,correction
31406,01_SS3-98-C_comp.jams,69224,1,2,3,2,4,regression
31518,01_SS3-98-C_comp.jams,317882,1,4,4,4,5,regression
31617,01_SS3-98-C_comp.jams,527988,1,2,3,2,3,regression
31662,01_SS3-98-C_comp.jams,629986,1,3,2,2,3,correction
31676,01_SS3-98-C_comp.jams,661249,1,2,2,2,3,regression
31719,01_SS3-98-C_comp.jams,750541,1,3,3,3,2,regression
31731,01_SS3-98-C_comp.jams,778370,1,2,3,2,3,regression
31740,01_SS3-98-C_comp.jams,803907,1,2,3,2,4,regression
31766,01_SS3-98-C_comp.jams,866022,1,3,4,2,3,correction
31851,01_SS3-98-C_comp.jams,1061563,1,3,3,3,4,regression
31924,01_SS3-98-C_comp.jams,1222069,1,2,2,2,3,regression
31949,01_SS3-98-C_comp.jams,1277358,1,2,3,3,2,correction
32016,01_SS3-98-C_comp.jams,1426044,1,3,3,3,2,regression
32028,01_SS3-98-C_comp.jams,1452212,1,2,2,2,3,regression
32058,01_SS3-98-C_comp.jams,1514108,1,2,2,2,3,regression
32101,01_SS3-98-C_comp.jams,1601547,1,2,3,2,3,regression
32121,01_SS3-98-C_comp.jams,1642933,1,2,2,3,2,correction
32127,01_SS3-98-C_comp.jams,1654156,1,2,2,2,3,regression
32145,01_SS3-98-C_comp.jams,1689724,1,2,2,2,4,regression
33466,02_BN3-154-E_comp.jams,317099,1,3,2,2,3,correction
33476,02_BN3-154-E_comp.jams,344308,1,2,2,3,2,correction
33531,02_BN3-154-E_comp.jams,490416,1,3,3,2,3,correction
33542,02_BN3-154-E_comp.jams,515650,1,3,3,2,3,correction
33551,02_BN3-154-E_comp.jams,533993,1,3,3,2,3,correction
33556,02_BN3-154-E_comp.jams,551628,1,3,3,3,2,regression
33751,02_BN3-154-E_comp.jams,1083005,1,4,3,4,3,regression
35027,02_Funk2-119-G_comp.jams,311111,1,2,4,2,3,regression
35138,02_Funk2-119-G_comp.jams,710665,1,2,3,2,3,regression
35189,02_Funk2-119-G_comp.jams,890336,1,3,2,3,2,regression
35706,02_Funk3-112-C#_comp.jams,756644,1,3,4,3,4,regression
35741,02_Funk3-112-C#_comp.jams,885822,1,2,2,2,3,regression
35918,02_Funk3-112-C#_solo.jams,107445,1,2,3,2,3,regression
36037,02_Funk3-112-C#_solo.jams,757929,1,2,3,2,3,regression
36069,02_Funk3-112-C#_solo.jams,920454,1,2,3,2,3,regression
46588,02_SS3-98-C_comp.jams,68564,1,2,2,3,2,correction
46613,02_SS3-98-C_comp.jams,134425,1,3,3,3,2,regression
46628,02_SS3-98-C_comp.jams,177169,1,2,2,2,3,regression
46670,02_SS3-98-C_comp.jams,296745,1,4,3,4,3,regression
46768,02_SS3-98-C_comp.jams,540956,1,3,2,3,2,regression
46780,02_SS3-98-C_comp.jams,566629,1,2,2,3,2,correction
46838,02_SS3-98-C_comp.jams,715266,1,3,2,3,2,regression
46845,02_SS3-98-C_comp.jams,729446,1,4,4,4,5,regression
46955,02_SS3-98-C_comp.jams,1013859,1,3,2,4,3,correction
46982,02_SS3-98-C_comp.jams,1080623,1,3,3,3,2,regression
46988,02_SS3-98-C_comp.jams,1093265,1,3,2,2,3,correction
47008,02_SS3-98-C_comp.jams,1147894,1,2,2,2,4,regression
47014,02_SS3-98-C_comp.jams,1161688,1,3,3,3,4,regression
47154,02_SS3-98-C_comp.jams,1538576,1,3,4,3,2,regression
47160,02_SS3-98-C_comp.jams,1552264,1,3,2,3,4,regression
48452,03_BN3-154-E_comp.jams,395087,1,3,2,3,2,regression
48484,03_BN3-154-E_comp.jams,567353,1,4,4,4,3,regression
48544,03_BN3-154-E_comp.jams,842250,1,3,4,4,3,correction
48556,03_BN3-154-E_comp.jams,901491,1,4,4,4,3,regression
49736,03_Funk2-119-G_comp.jams,56685,1,3,4,3,2,regression
49743,03_Funk2-119-G_comp.jams,110976,1,3,3,2,3,correction
49771,03_Funk2-119-G_comp.jams,245151,1,3,2,3,2,regression
49797,03_Funk2-119-G_comp.jams,355763,1,3,4,3,4,regression
49816,03_Funk2-119-G_comp.jams,445021,1,4,4,4,3,regression
49820,03_Funk2-119-G_comp.jams,456586,1,4,4,3,4,correction
49844,03_Funk2-119-G_comp.jams,567458,1,3,3,4,3,correction
49882,03_Funk2-119-G_comp.jams,822789,1,4,4,3,4,correction
49892,03_Funk2-119-G_comp.jams,888437,1,4,4,3,4,correction
49916,03_Funk2-119-G_comp.jams,1001441,1,3,3,2,3,correction
49951,03_Funk2-119-G_comp.jams,1175166,1,2,2,2,3,regression
50191,03_Funk3-112-C#_comp.jams,113258,1,3,2,2,3,correction
50235,03_Funk3-112-C#_comp.jams,283869,1,3,4,2,3,correction
50365,03_Funk3-112-C#_comp.jams,768605,1,2,2,3,2,correction
50465,03_Funk3-112-C#_comp.jams,1204817,1,2,2,2,4,regression
50496,03_Funk3-112-C#_comp.jams,1323667,1,2,3,2,3,regression
60049,03_SS3-98-C_comp.jams,107677,1,2,2,3,2,correction
60103,03_SS3-98-C_comp.jams,228976,1,2,4,3,2,correction
60128,03_SS3-98-C_comp.jams,291541,1,3,4,4,3,correction
60185,03_SS3-98-C_comp.jams,413708,1,2,2,2,4,regression
60209,03_SS3-98-C_comp.jams,473062,1,2,2,3,2,correction
60291,03_SS3-98-C_comp.jams,661823,1,3,4,3,4,regression
60360,03_SS3-98-C_comp.jams,809081,1,4,3,2,4,correction
60471,03_SS3-98-C_comp.jams,1047657,1,3,2,2,3,correction
60525,03_SS3-98-C_comp.jams,1201918,1,3,4,3,4,regression
60535,03_SS3-98-C_comp.jams,1222707,1,2,2,2,4,regression
60537,03_SS3-98-C_comp.jams,1227862,1,3,3,3,2,regression
60544,03_SS3-98-C_comp.jams,1243332,1,3,4,2,3,correction
60564,03_SS3-98-C_comp.jams,1297268,1,2,4,2,3,regression
60620,03_SS3-98-C_comp.jams,1438180,1,2,2,3,2,correction
60741,03_SS3-98-C_comp.jams,1712973,1,2,3,2,4,regression
61709,04_BN3-154-E_comp.jams,78252,1,3,3,2,3,correction
61733,04_BN3-154-E_comp.jams,172808,1,3,2,2,3,correction
63158,04_Funk2-119-G_comp.jams,330,1,4,3,3,4,correction
63184,04_Funk2-119-G_comp.jams,106644,1,2,3,3,2,correction
63211,04_Funk2-119-G_comp.jams,195953,1,3,4,3,2,regression
63270,04_Funk2-119-G_comp.jams,445683,1,2,3,4,2,correction
63310,04_Funk2-119-G_comp.jams,564084,1,3,4,2,3,correction
63324,04_Funk2-119-G_comp.jams,611326,1,3,2,3,4,regression
63393,04_Funk2-119-G_comp.jams,900808,1,2,3,3,2,correction
63405,04_Funk2-119-G_comp.jams,967077,1,3,3,3,4,regression
63436,04_Funk2-119-G_comp.jams,1090267,1,2,3,2,4,regression
63475,04_Funk2-119-G_comp.jams,1200649,1,3,3,4,3,correction
63493,04_Funk2-119-G_comp.jams,1244719,1,2,3,3,2,correction
63513,04_Funk2-119-G_comp.jams,1311560,1,4,4,3,4,correction
63530,04_Funk2-119-G_comp.jams,1368178,1,4,3,3,4,correction
63555,04_Funk2-119-G_solo.jams,33889,1,2,2,2,3,regression
63735,04_Funk2-119-G_solo.jams,1116485,1,2,2,2,3,regression
63788,04_Funk3-112-C#_comp.jams,95502,1,4,4,2,4,correction
63794,04_Funk3-112-C#_comp.jams,130762,1,3,4,3,4,regression
63806,04_Funk3-112-C#_comp.jams,167460,1,3,3,3,5,regression
63824,04_Funk3-112-C#_comp.jams,225025,1,4,4,3,4,correction
63853,04_Funk3-112-C#_comp.jams,327974,1,2,3,3,2,correction
63910,04_Funk3-112-C#_comp.jams,508259,1,4,2,5,4,correction
63927,04_Funk3-112-C#_comp.jams,550210,1,2,4,2,3,regression
63940,04_Funk3-112-C#_comp.jams,586396,1,3,3,3,2,regression
63943,04_Funk3-112-C#_comp.jams,603064,1,3,4,4,3,correction
63963,04_Funk3-112-C#_comp.jams,651079,1,2,3,2,4,regression
64007,04_Funk3-112-C#_comp.jams,775021,1,3,2,3,2,regression
64011,04_Funk3-112-C#_comp.jams,792473,1,4,4,3,4,correction
64022,04_Funk3-112-C#_comp.jams,827207,1,4,4,4,5,regression
64087,04_Funk3-112-C#_comp.jams,1016120,1,3,3,4,3,correction
64095,04_Funk3-112-C#_comp.jams,1039885,1,3,3,2,3,correction
64104,04_Funk3-112-C#_comp.jams,1075632,1,3,3,3,4,regression
64111,04_Funk3-112-C#_comp.jams,1093700,1,3,2,3,2,regression
73866,04_SS3-98-C_comp.jams,53404,1,2,4,2,4,regression
73961,04_SS3-98-C_comp.jams,324018,1,3,2,3,2,regression
74118,04_SS3-98-C_comp.jams,810607,1,2,2,2,3,regression
74174,04_SS3-98-C_comp.jams,972428,1,2,2,3,2,correction
74390,04_SS3-98-C_comp.jams,1621536,1,2,3,4,2,correction
1826,00_Funk1-114-Ab_comp.jams,337443,2,3,3,4,3,correction
1901,00_Funk1-114-Ab_comp.jams,637811,2,2,3,3,2,correction
2022,00_Funk1-114-Ab_comp.jams,1053128,2,3,3,3,2,regression
5509,00_Jazz1-200-B_comp.jams,79505,2,3,4,3,4,regression
5519,00_Jazz1-200-B_comp.jams,118705,2,3,4,3,4,regression
5538,00_Jazz1-200-B_comp.jams,170117,2,3,3,2,3,correction
5610,00_Jazz1-200-B_comp.jams,475329,2,4,4,3,4,correction
5629,00_Jazz1-200-B_comp.jams,516788,2,2,4,3,2,correction
5814,00_Jazz2-110-Bb_comp.jams,143115,2,3,2,2,3,correction
5908,00_Jazz2-110-Bb_comp.jams,446722,2,3,4,3,4,regression
5934,00_Jazz2-110-Bb_comp.jams,551310,2,3,3,3,2,regression
6195,00_Jazz2-110-Bb_comp.jams,1288018,2,4,4,3,4,correction
6228,00_Jazz2-110-Bb_comp.jams,1394796,2,3,3,2,3,correction
6235,00_Jazz2-110-Bb_comp.jams,1409923,2,2,4,3,2,correction
8097,00_Rock1-130-A_comp.jams,157145,2,2,3,2,3,regression
8155,00_Rock1-130-A_comp.jams,309808,2,3,3,2,3,correction
8167,00_Rock1-130-A_comp.jams,346557,2,2,3,2,3,regression
8208,00_Rock1-130-A_comp.jams,446560,2,2,4,3,2,correction
8232,00_Rock1-130-A_comp.jams,508494,2,4,3,2,4,correction
8251,00_Rock1-130-A_comp.jams,554770,2,4,4,4,3,regression
8264,00_Rock1-130-A_comp.jams,585811,2,4,4,2,4,correction
8307,00_Rock1-130-A_comp.jams,687209,2,4,4,3,4,correction
8319,00_Rock1-130-A_comp.jams,718481,2,4,4,4,3,regression
8323,00_Rock1-130-A_comp.jams,727131,2,2,3,3,2,correction
8330,00_Rock1-130-A_comp.jams,743456,2,3,3,3,4,regression
8398,00_Rock1-130-A_comp.jams,914779,2,3,4,3,4,regression
10561,00_Rock2-85-F_comp.jams,393965,2,2,3,2,3,regression
10604,00_Rock2-85-F_comp.jams,481815,2,2,2,3,2,correction
10759,00_Rock2-85-F_comp.jams,825657,2,3,3,2,3,correction
10799,00_Rock2-85-F_comp.jams,917145,2,2,3,2,3,regression
10807,00_Rock2-85-F_comp.jams,933278,2,3,4,3,4,regression
11095,00_Rock2-85-F_comp.jams,1618470,2,4,4,4,3,regression
11208,00_Rock2-85-F_comp.jams,1867010,2,5,4,3,5,correction
11234,00_Rock2-85-F_comp.jams,1921470,2,2,2,3,2,correction
18371,01_Funk1-114-Ab_comp.jams,155985,2,3,2,4,3,correction
18375,01_Funk1-114-Ab_comp.jams,174145,2,3,2,3,2,regression
18404,01_Funk1-114-Ab_comp.jams,301889,2,2,3,3,2,correction
18418,01_Funk1-114-Ab_comp.jams,365264,2,3,2,3,2,regression
18432,01_Funk1-114-Ab_comp.jams,401464,2,3,3,2,3,correction
18456,01_Funk1-114-Ab_comp.jams,488015,2,2,2,2,3,regression
18459,01_Funk1-114-Ab_comp.jams,493864,2,2,3,2,3,regression
18550,01_Funk1-114-Ab_comp.jams,882613,2,3,3,3,4,regression
18604,01_Funk1-114-Ab_comp.jams,1108321,2,2,3,3,2,correction
22147,01_Jazz2-110-Bb_comp.jams,264222,2,3,3,3,2,regression
22149,01_Jazz2-110-Bb_comp.jams,287923,2,3,2,2,3,correction
22268,01_Jazz2-110-Bb_comp.jams,745683,2,3,3,2,3,correction
22422,01_Jazz2-110-Bb_comp.jams,1322440,2,3,4,3,4,regression
24077,01_Rock1-130-A_comp.jams,591252,2,3,4,3,4,regression
24195,01_Rock1-130-A_comp.jams,865290,2,4,4,3,4,correction
24225,01_Rock1-130-A_comp.jams,935166,2,2,3,2,3,regression
24235,01_Rock1-130-A_comp.jams,955133,2,3,4,3,4,regression
26540,01_Rock2-85-F_comp.jams,872870,2,3,2,4,3,correction
26957,01_Rock2-85-F_comp.jams,1913822,2,3,3,2,3,correction
33961,02_Funk1-114-Ab_comp.jams,181247,2,2,2,3,2,correction
34021,02_Funk1-114-Ab_comp.jams,372086,2,3,3,2,3,correction
34028,02_Funk1-114-Ab_comp.jams,395189,2,3,3,2,3,correction
34051,02_Funk1-114-Ab_comp.jams,463911,2,3,3,3,2,regression
34095,02_Funk1-114-Ab_comp.jams,598361,2,2,2,3,2,correction
34124,02_Funk1-114-Ab_comp.jams,697588,2,2,2,2,3,regression
34161,02_Funk1-114-Ab_comp.jams,836055,2,2,3,2,3,regression
34231,02_Funk1-114-Ab_comp.jams,1057169,2,2,2,2,3,regression
37200,02_Jazz1-200-B_comp.jams,60176,2,2,3,2,3,regression
37220,02_Jazz1-200-B_comp.jams,119010,2,4,3,4,2,regression
37262,02_Jazz1-200-B_comp.jams,225039,2,3,2,3,2,regression
37426,02_Jazz1-200-B_comp.jams,629667,2,2,2,3,2,correction
37600,02_Jazz2-110-Bb_comp.jams,263725,2,4,4,4,2,regression
37739,02_Jazz2-110-Bb_comp.jams,661909,2,2,2,2,3,regression
37745,02_Jazz2-110-Bb_comp.jams,675135,2,3,2,2,3,correction
37939,02_Jazz2-110-Bb_comp.jams,1218360,2,2,2,3,2,correction
38004,02_Jazz2-110-Bb_comp.jams,1408721,2,2,3,3,2,correction
39832,02_Rock1-130-A_comp.jams,30942,2,3,3,2,3,correction
39833,02_Rock1-130-A_comp.jams,32738,2,2,2,2,3,regression
39857,02_Rock1-130-A_comp.jams,112286,2,4,4,3,4,correction
39946,02_Rock1-130-A_comp.jams,379728,2,3,3,2,3,correction
39984,02_Rock1-130-A_comp.jams,478957,2,3,2,2,3,correction
40001,02_Rock1-130-A_comp.jams,540800,2,3,3,4,3,correction
40023,02_Rock1-130-A_comp.jams,632038,2,2,2,3,2,correction
40068,02_Rock1-130-A_comp.jams,743902,2,4,4,3,4,correction
40151,02_Rock1-130-A_comp.jams,966809,2,3,3,2,3,correction
41595,02_Rock2-85-F_comp.jams,591677,2,3,2,3,2,regression
41845,02_Rock2-85-F_comp.jams,1432563,2,3,4,3,4,regression
41880,02_Rock2-85-F_comp.jams,1525907,2,4,3,3,4,correction
41991,02_Rock2-85-F_comp.jams,1805568,2,3,3,3,2,regression
42005,02_Rock2-85-F_comp.jams,1851574,2,2,4,2,3,regression
48781,03_Funk1-114-Ab_comp.jams,93255,2,4,3,3,4,correction
48829,03_Funk1-114-Ab_comp.jams,313415,2,4,4,4,3,regression
48865,03_Funk1-114-Ab_comp.jams,428718,2,3,3,3,4,regression
51978,03_Jazz2-110-Bb_comp.jams,64126,2,3,3,3,2,regression
52128,03_Jazz2-110-Bb_comp.jams,618093,2,3,3,2,3,correction
52140,03_Jazz2-110-Bb_comp.jams,647628,2,3,4,3,4,regression
53777,03_Rock1-130-A_comp.jams,81983,2,3,3,3,2,regression
53782,03_Rock1-130-A_comp.jams,102637,2,3,4,4,3,correction
53787,03_Rock1-130-A_comp.jams,113411,2,2,3,2,3,regression
53948,03_Rock1-130-A_comp.jams,508576,2,2,4,3,2,correction
54000,03_Rock1-130-A_comp.jams,650321,2,3,3,2,3,correction
54029,03_Rock1-130-A_comp.jams,722416,2,3,4,3,4,regression
54087,03_Rock1-130-A_comp.jams,866386,2,2,2,3,2,correction
55486,03_Rock2-85-F_comp.jams,24148,2,3,3,3,2,regression
55628,03_Rock2-85-F_comp.jams,496529,2,3,3,3,4,regression
56042,03_Rock2-85-F_comp.jams,1641632,2,3,3,2,3,correction
56043,03_Rock2-85-F_comp.jams,1663775,2,2,3,3,2,correction
62292,04_Funk1-114-Ab_comp.jams,715268,2,3,2,3,2,regression
62310,04_Funk1-114-Ab_comp.jams,789627,2,2,3,2,3,regression
62322,04_Funk1-114-Ab_comp.jams,835569,2,2,2,3,2,correction
65495,04_Jazz1-200-B_comp.jams,79281,2,2,4,3,2,correction
65533,04_Jazz1-200-B_comp.jams,184486,2,2,4,4,2,correction
65646,04_Jazz1-200-B_comp.jams,515853,2,3,4,2,3,correction
66011,04_Jazz2-110-Bb_comp.jams,735410,2,3,3,3,2,regression
66015,04_Jazz2-110-Bb_comp.jams,759713,2,4,4,4,3,regression
66033,04_Jazz2-110-Bb_comp.jams,816521,2,3,2,3,2,regression
66117,04_Jazz2-110-Bb_comp.jams,1156014,2,3,3,3,2,regression
66205,04_Jazz2-110-Bb_comp.jams,1435057,2,3,4,2,3,correction
67887,04_Rock1-130-A_comp.jams,651020,2,3,4,4,3,correction
67909,04_Rock1-130-A_comp.jams,723557,2,3,3,3,2,regression
70234,04_Rock2-85-F_solo.jams,1338966,2,2,2,2,4,regression
2148,00_Funk2-108-Eb_comp.jams,4,4,4,3,3,4,correction
2192,00_Funk2-108-Eb_comp.jams,117069,4,3,2,2,3,correction
2197,00_Funk2-108-Eb_comp.jams,134759,4,3,3,3,5,regression
2221,00_Funk2-108-Eb_comp.jams,196176,4,4,4,4,3,regression
2261,00_Funk2-108-Eb_comp.jams,294058,4,4,3,3,4,correction
2266,00_Funk2-108-Eb_comp.jams,312004,4,3,3,2,3,correction
2295,00_Funk2-108-Eb_comp.jams,429164,4,4,4,4,3,regression
2325,00_Funk2-108-Eb_comp.jams,496455,4,5,3,5,3,regression
2421,00_Funk2-108-Eb_comp.jams,783505,4,3,3,2,3,correction
2490,00_Funk2-108-Eb_comp.jams,960643,4,2,2,2,3,regression
2512,00_Funk2-108-Eb_comp.jams,1010690,4,5,3,3,5,correction
2606,00_Funk2-108-Eb_comp.jams,1280556,4,4,4,4,3,regression
2613,00_Funk2-108-Eb_comp.jams,1299075,4,4,3,4,3,regression
2674,00_Funk2-108-Eb_comp.jams,1482611,4,5,3,5,4,regression
5084,00_Jazz1-130-D_comp.jams,53600,4,2,3,3,2,correction
5091,00_Jazz1-130-D_comp.jams,72908,4,3,3,3,5,regression
5236,00_Jazz1-130-D_comp.jams,479712,4,3,3,3,2,regression
5269,00_Jazz1-130-D_comp.jams,622534,4,4,3,4,3,regression
5278,00_Jazz1-130-D_comp.jams,642024,4,2,3,3,2,correction
5298,00_Jazz1-130-D_comp.jams,704898,4,5,3,4,5,correction
5311,00_Jazz1-130-D_comp.jams,744788,4,3,3,2,3,correction
6890,00_Jazz3-137-Eb_comp.jams,69767,4,3,3,2,3,correction
6944,00_Jazz3-137-Eb_comp.jams,270128,4,3,3,2,3,correction
7045,00_Jazz3-137-Eb_comp.jams,635382,4,4,3,4,2,regression
7053,00_Jazz3-137-Eb_comp.jams,670232,4,3,3,2,3,correction
7133,00_Jazz3-137-Eb_comp.jams,1073182,4,3,4,3,4,regression
7158,00_Jazz3-137-Eb_comp.jams,1131996,4,3,3,3,2,regression
8775,00_Rock1-90-C#_comp.jams,205699,4,5,3,4,5,correction
8797,00_Rock1-90-C#_comp.jams,256792,4,3,2,2,3,correction
8834,00_Rock1-90-C#_comp.jams,339077,4,3,4,5,3,correction
8837,00_Rock1-90-C#_comp.jams,346319,4,4,3,4,3,regression
8954,00_Rock1-90-C#_comp.jams,615332,4,4,3,4,5,regression
8965,00_Rock1-90-C#_comp.jams,637185,4,3,3,3,2,regression
8981,00_Rock1-90-C#_comp.jams,674948,4,4,3,4,3,regression
9014,00_Rock1-90-C#_comp.jams,758776,4,3,2,3,2,regression
9024,00_Rock1-90-C#_comp.jams,781031,4,3,3,3,4,regression
9055,00_Rock1-90-C#_comp.jams,852406,4,5,3,5,3,regression
9331,00_Rock1-90-C#_solo.jams,71163,4,2,3,2,3,regression
9429,00_Rock1-90-C#_solo.jams,367878,4,2,3,3,2,correction
9527,00_Rock1-90-C#_solo.jams,645296,4,2,4,2,4,regression
14215,00_SS2-107-Ab_comp.jams,384844,4,3,3,3,2,regression
14849,00_SS2-107-Ab_solo.jams,1038666,4,2,2,3,2,correction
18893,01_Funk2-108-Eb_comp.jams,221104,4,4,2,4,2,regression
18899,01_Funk2-108-Eb_comp.jams,244956,4,4,3,3,4,correction
18956,01_Funk2-108-Eb_comp.jams,477143,4,3,3,3,2,regression
18974,01_Funk2-108-Eb_comp.jams,569631,4,2,2,3,2,correction
19026,01_Funk2-108-Eb_comp.jams,863971,4,2,3,2,3,regression
19098,01_Funk2-108-Eb_comp.jams,1206807,4,3,3,3,5,regression
19128,01_Funk2-108-Eb_comp.jams,1323234,4,3,3,3,2,regression
21429,01_Jazz1-130-D_comp.jams,298466,4,2,2,3,2,correction
23065,01_Jazz3-137-Eb_comp.jams,19862,4,2,3,2,3,regression
23295,01_Jazz3-137-Eb_comp.jams,976735,4,2,2,2,3,regression
23362,01_Jazz3-137-Eb_comp.jams,1227953,4,2,3,3,2,correction
24534,01_Rock1-90-C#_comp.jams,74111,4,3,3,4,3,correction
24831,01_Rock1-90-C#_comp.jams,676200,4,4,4,5,4,correction
24870,01_Rock1-90-C#_comp.jams,779709,4,2,3,2,3,regression
24906,01_Rock1-90-C#_comp.jams,851127,4,4,4,4,5,regression
24958,01_Rock1-90-C#_comp.jams,970851,4,2,2,3,2,correction
24989,01_Rock1-90-C#_comp.jams,1042690,4,2,3,2,3,regression
24997,01_Rock1-90-C#_comp.jams,1058539,4,3,3,3,2,regression
25045,01_Rock1-90-C#_comp.jams,1154599,4,4,3,3,4,correction
25108,01_Rock1-90-C#_comp.jams,1293904,4,4,3,3,4,correction
25160,01_Rock1-90-C#_comp.jams,1396487,4,4,3,3,4,correction
29668,01_SS2-107-Ab_comp.jams,37495,4,3,4,4,3,correction
29680,01_SS2-107-Ab_comp.jams,87452,4,3,3,3,2,regression
29720,01_SS2-107-Ab_comp.jams,210093,4,4,4,3,4,correction
29815,01_SS2-107-Ab_comp.jams,606213,4,2,3,3,2,correction
29876,01_SS2-107-Ab_comp.jams,852329,4,4,4,4,3,regression
29906,01_SS2-107-Ab_comp.jams,976721,4,2,2,2,3,regression
30295,01_SS2-107-Ab_solo.jams,864116,4,2,3,2,3,regression
34391,02_Funk2-108-Eb_comp.jams,25405,4,3,3,3,2,regression
34426,02_Funk2-108-Eb_comp.jams,110141,4,2,2,3,2,correction
34428,02_Funk2-108-Eb_comp.jams,123414,4,3,2,2,3,correction
34496,02_Funk2-108-Eb_comp.jams,342740,4,3,2,2,3,correction
34573,02_Funk2-108-Eb_comp.jams,679093,4,2,3,2,3,regression
34591,02_Funk2-108-Eb_comp.jams,729500,4,2,3,3,2,correction
34792,02_Funk2-108-Eb_comp.jams,1397148,4,3,4,2,3,correction
36755,02_Jazz1-130-D_comp.jams,113748,4,3,3,3,2,regression
36792,02_Jazz1-130-D_comp.jams,276888,4,2,3,3,2,correction
36820,02_Jazz1-130-D_comp.jams,379725,4,3,2,3,4,regression
36855,02_Jazz1-130-D_comp.jams,461449,4,4,4,3,4,correction
36898,02_Jazz1-130-D_comp.jams,685486,4,3,3,2,3,correction
38698,02_Jazz3-137-Eb_comp.jams,360258,4,2,2,3,2,correction
38707,02_Jazz3-137-Eb_comp.jams,387397,4,3,3,3,2,regression
38710,02_Jazz3-137-Eb_comp.jams,406762,4,3,3,3,2,regression
38770,02_Jazz3-137-Eb_comp.jams,618275,4,2,3,3,2,correction
38876,02_Jazz3-137-Eb_comp.jams,1023985,4,3,3,3,2,regression
38925,02_Jazz3-137-Eb_comp.jams,1171067,4,3,3,2,3,correction
40486,02_Rock1-90-C#_comp.jams,573379,4,3,3,3,2,regression
44837,02_SS2-107-Ab_comp.jams,372130,4,3,3,3,2,regression
44886,02_SS2-107-Ab_comp.jams,532295,4,2,3,3,2,correction
44928,02_SS2-107-Ab_comp.jams,680463,4,2,2,3,2,correction
45098,02_SS2-107-Ab_comp.jams,1064480,4,3,3,3,4,regression
45172,02_SS2-107-Ab_comp.jams,1310050,4,2,3,3,2,correction
49171,03_Funk2-108-Eb_comp.jams,6,4,3,3,3,4,regression
49237,03_Funk2-108-Eb_comp.jams,244268,4,3,3,3,5,regression
49264,03_Funk2-108-Eb_comp.jams,367030,4,3,4,4,3,correction
49270,03_Funk2-108-Eb_comp.jams,392738,4,4,4,4,3,regression
49328,03_Funk2-108-Eb_comp.jams,624953,4,3,3,3,2,regression
49407,03_Funk2-108-Eb_comp.jams,899948,4,2,3,3,2,correction
49428,03_Funk2-108-Eb_comp.jams,996624,4,2,3,3,2,correction
49481,03_Funk2-108-Eb_comp.jams,1212521,4,3,3,3,2,regression
49546,03_Funk2-108-Eb_comp.jams,1444916,4,3,3,3,2,regression
49548,03_Funk2-108-Eb_comp.jams,1457805,4,3,2,2,3,correction
51574,03_Jazz1-130-D_comp.jams,775695,4,3,2,3,2,regression
52967,03_Jazz3-137-Eb_comp.jams,49562,4,2,3,2,3,regression
53063,03_Jazz3-137-Eb_comp.jams,514403,4,4,3,3,4,correction
54412,03_Rock1-90-C#_comp.jams,426267,4,2,4,2,3,regression
54508,03_Rock1-90-C#_comp.jams,646413,4,2,3,2,3,regression
54619,03_Rock1-90-C#_comp.jams,925439,4,2,2,2,3,regression
54648,03_Rock1-90-C#_comp.jams,1000075,4,2,2,3,2,correction
58367,03_SS2-107-Ab_comp.jams,33229,4,3,3,2,3,correction
58410,03_SS2-107-Ab_comp.jams,148966,4,3,3,3,4,regression
58455,03_SS2-107-Ab_comp.jams,259525,4,2,3,3,2,correction
58497,03_SS2-107-Ab_comp.jams,364913,4,3,3,3,2,regression
58578,03_SS2-107-Ab_comp.jams,593870,4,2,2,2,3,regression
58599,03_SS2-107-Ab_comp.jams,643944,4,4,3,4,3,regression
58616,03_SS2-107-Ab_comp.jams,680400,4,3,3,3,2,regression
58639,03_SS2-107-Ab_comp.jams,761034,4,3,4,3,5,regression
58649,03_SS2-107-Ab_comp.jams,804204,4,3,3,3,4,regression
58658,03_SS2-107-Ab_comp.jams,827716,4,3,2,2,3,correction
58733,03_SS2-107-Ab_comp.jams,1020797,4,2,3,3,2,correction
58784,03_SS2-107-Ab_comp.jams,1156774,4,3,3,3,4,regression
58829,03_SS2-107-Ab_comp.jams,1299342,4,4,4,4,3,regression
58855,03_SS2-107-Ab_comp.jams,1368163,4,2,3,3,2,correction
58921,03_SS2-107-Ab_comp.jams,1552356,4,2,3,2,3,regression
62610,04_Funk2-108-Eb_comp.jams,159553,4,3,3,4,3,correction
62632,04_Funk2-108-Eb_comp.jams,257855,4,3,3,4,3,correction
62687,04_Funk2-108-Eb_comp.jams,489998,4,3,3,3,4,regression
62694,04_Funk2-108-Eb_comp.jams,510198,4,2,3,3,2,correction
62730,04_Funk2-108-Eb_comp.jams,636738,4,2,3,3,2,correction
62761,04_Funk2-108-Eb_comp.jams,753794,4,3,3,2,3,correction
62786,04_Funk2-108-Eb_comp.jams,844791,4,3,3,3,4,regression
62805,04_Funk2-108-Eb_comp.jams,900737,4,3,2,2,3,correction
62812,04_Funk2-108-Eb_comp.jams,925964,4,3,2,2,3,correction
62817,04_Funk2-108-Eb_comp.jams,943374,4,4,3,4,3,regression
62845,04_Funk2-108-Eb_comp.jams,1025515,4,3,3,3,4,regression
62908,04_Funk2-108-Eb_comp.jams,1269438,4,3,3,2,3,correction
65119,04_Jazz1-130-D_comp.jams,122981,4,4,3,4,3,regression
65138,04_Jazz1-130-D_comp.jams,182665,4,4,3,3,4,correction
65365,04_Jazz1-130-D_comp.jams,908383,4,4,4,3,4,correction
66731,04_Jazz3-137-Eb_comp.jams,192654,4,3,3,2,3,correction
66748,04_Jazz3-137-Eb_comp.jams,270650,4,4,3,4,3,regression
66797,04_Jazz3-137-Eb_comp.jams,423714,4,3,3,3,2,regression
66825,04_Jazz3-137-Eb_comp.jams,532521,4,3,3,4,3,correction
66872,04_Jazz3-137-Eb_comp.jams,688163,4,3,4,2,3,correction
66993,04_Jazz3-137-Eb_comp.jams,1092833,4,4,4,3,4,correction
67081,04_Jazz3-137-Eb_solo.jams,455449,4,2,2,3,2,correction
68142,04_Rock1-90-C#_comp.jams,1945,4,3,3,3,4,regression
68239,04_Rock1-90-C#_comp.jams,294626,4,3,3,3,4,regression
68254,04_Rock1-90-C#_comp.jams,338972,4,3,3,3,2,regression
68446,04_Rock1-90-C#_comp.jams,851769,4,3,3,3,4,regression
68506,04_Rock1-90-C#_comp.jams,1000327,4,4,3,4,3,regression
68540,04_Rock1-90-C#_comp.jams,1086873,4,4,3,4,3,regression
68555,04_Rock1-90-C#_comp.jams,1115446,4,3,3,4,3,correction
68603,04_Rock1-90-C#_comp.jams,1235005,4,4,4,3,4,correction
68611,04_Rock1-90-C#_comp.jams,1250331,4,2,3,2,3,regression
68642,04_Rock1-90-C#_comp.jams,1322031,4,4,3,3,4,correction
72396,04_SS2-107-Ab_comp.jams,49687,4,2,3,2,3,regression
72436,04_SS2-107-Ab_comp.jams,199441,4,2,3,2,3,regression
72475,04_SS2-107-Ab_comp.jams,346513,4,2,2,3,2,correction
72730,04_SS2-107-Ab_comp.jams,1187451,4,2,3,3,2,correction
72783,04_SS2-107-Ab_comp.jams,1385249,4,2,2,3,2,correction
