global_index,recording_id,start_sample,fold,true_K,baseline_K,S8_K,final_K,recovered,combination_only,min_correct_group_size,correct_masks
588,00_BN2-166-Ab_comp.jams,56098,0,4,3,4,3,False,False,1,128
785,00_BN2-166-Ab_comp.jams,805715,0,4,3,4,4,True,False,1,128|132|136|140
7381,00_Jazz3-150-C_comp.jams,210,0,4,3,4,3,False,False,1,128|130
7445,00_Jazz3-150-C_comp.jams,205147,0,4,3,4,3,False,False,1,128
7573,00_Jazz3-150-C_comp.jams,599658,0,4,3,4,3,False,False,1,128|136|144|160|192
9694,00_Rock2-142-D_comp.jams,136526,0,3,4,3,3,True,False,1,128|130|132|136|138|140|144|146|148|152|154|156|160|168|176|184|192|194|196|200|208|210|216
9769,00_Rock2-142-D_comp.jams,317201,0,5,3,5,5,True,False,1,128
9774,00_Rock2-142-D_comp.jams,331612,0,5,3,5,3,False,False,1,128|130|132|136|138|140|144|146|148|152|154|156|160|164|168|176|180|184|188|192|196|200|204|208|212|216|220|224|232|240|248
9790,00_Rock2-142-D_comp.jams,384200,0,4,3,4,4,True,False,1,128|130|132|134|136|140|144|148|152|160|164|168|192|196|200|208
12285,00_Rock3-148-C_comp.jams,19772,0,4,3,4,3,False,False,1,128|132|136|140|144|148|160|164|192|196
12725,00_Rock3-148-C_comp.jams,997948,0,5,4,5,3,False,False,1,128|130|132|136|138|140|144|152|160|162|168|192|194|200|202
17579,01_BN2-166-Ab_comp.jams,980012,0,4,3,4,3,False,False,1,128|130|132|134|136|138|140|142|144|152|192|194|196|198|200|202|204
17585,01_BN2-166-Ab_comp.jams,1002348,0,4,3,4,3,False,False,1,128|132
39127,02_Jazz3-150-C_comp.jams,89202,0,4,3,4,3,False,False,1,128
39144,02_Jazz3-150-C_comp.jams,124127,0,4,3,4,3,False,False,1,128|130|144|146
41048,02_Rock2-142-D_comp.jams,477099,0,4,3,4,4,True,False,1,128|130|132|136|144|152|160|192
42983,02_Rock3-148-C_comp.jams,55890,0,4,3,4,3,False,False,1,128
43058,02_Rock3-148-C_comp.jams,234363,0,4,3,4,4,True,False,1,128|130|132|134|136|138|140|142|144|148|152|156|160|162|164|166|168|172|176|180|184|192|194|196|198|200|202|204|208|212|216|220|224|228|232|236
43105,02_Rock3-148-C_comp.jams,340296,0,4,2,4,2,False,False,1,128|130|144|146|160|162|176|192|224
43235,02_Rock3-148-C_comp.jams,627842,0,4,3,4,2,False,False,1,128|130|132|134|136|138|140|144|146|148|150|152|156|160|162|164|168|172|176|178|180|184|192|194|196|200|204|208|210|212|216|224|228|240
43309,02_Rock3-148-C_comp.jams,799964,0,3,2,3,3,True,False,1,128|130|132|136|144|160|162|168|176|192|224
54974,03_Rock2-142-D_comp.jams,149148,0,2,4,2,2,True,False,1,128|130|132|134|136|138|140|142|144|146|148|150|152|154|156|160|162|164|166|168|170|172|176|180|192|194|196|198|200|202|204|208|210|212|224|226|228
57093,03_Rock3-148-C_comp.jams,528445,0,4,3,4,3,False,False,1,128|132
57214,03_Rock3-148-C_comp.jams,813929,0,4,3,4,4,True,False,1,128|130|132|134|136|144|160|192|196
69024,04_Rock2-142-D_comp.jams,513169,0,5,3,5,5,True,False,1,128|130|136|144|152|160|168|176|184|192|200|208|216|224
69069,04_Rock2-142-D_comp.jams,614307,0,5,4,5,4,False,False,1,128|136|160
69240,04_Rock2-142-D_comp.jams,1062490,0,5,4,5,4,False,False,1,128
71214,04_Rock3-148-C_comp.jams,804527,0,4,3,4,3,False,False,1,128|130|132|144|160|164|192
71680,04_SS1-68-E_comp.jams,582247,0,4,2,4,3,False,False,1,128|130|132|134|136|138|140|142|144|146|148|150|152|154|156|158|160|162|164|166|168|170|172|174|176|178|180|182|184|186|188|190|192|194|196|198|200|202|204|206|208|210|212|214|216|218|220|222|224|226|228|230|232|234|236|238|240|242|244|246|248|250|252|254
71742,04_SS1-68-E_comp.jams,739082,0,4,2,4,2,False,False,1,128|130|132|134|136|138|140|142|144|146|148|150|152|154|156|158|160|162|164|166|168|170|172|174|176|178|180|182|184|186|188|190|192|194|196|198|200|202|204|206|208|210|212|214|216|220|224|226|228|230|232|234|236|238|240|242|244|246|248|252
72050,04_SS1-68-E_comp.jams,1440389,0,4,3,4,4,True,False,1,128|130|132|134|136|138|140|142|144|146|148|150|152|154|156|158|160|162|164|166|168|170|172|174|176|178|180|182|184|186|188|190|192|194|196|198|200|202|204|206|208|210|212|214|216|218|220|222|224|226|228|230|232|234|236|238|240|242|244|246|248|250|252|254
72087,04_SS1-68-E_comp.jams,1538764,0,4,3,4,2,False,False,1,128
1026,00_BN3-154-E_comp.jams,147938,1,4,3,4,3,False,False,1,128|130
3095,00_Funk2-119-G_comp.jams,578745,1,6,4,6,4,False,False,1,128
3915,00_Funk3-112-C#_comp.jams,868167,1,4,3,4,3,False,False,1,128|132|136|144|148|160|164|176|192|196
17796,01_BN3-154-E_comp.jams,137498,1,2,3,2,3,False,False,1,128|130|132|136|140|144|148|152|160|164|176|192|196|208
17987,01_BN3-154-E_comp.jams,824391,1,3,4,3,4,False,False,1,128|130|132|134|136|138|140|142|144|148|160|162|164|166|168|170|172|174|176|180|192|194|196|198|200|202|204|206|224|226|228|230|232|234|236
46988,02_SS3-98-C_comp.jams,1093265,1,3,2,3,3,True,False,1,128|130|132|134|136|138|140|142|144|146|148|152|160|162|164|166|168|170|172|174|176|192|194|196|198|200|202|204|208|224|226|228|232|234|236
49881,03_Funk2-119-G_comp.jams,812544,1,2,4,2,4,False,False,1,128|130|132|134|136|138|140|142|144|146|148|150|152|154|156|158|160|162|164|166|168|176|178|180|182|184|192|194|196|198|200|202|204|208|210|212|214|216|218|220|224|226|228|240|242|244
60054,03_SS3-98-C_comp.jams,121951,1,5,4,5,4,False,False,1,128
60360,03_SS3-98-C_comp.jams,809081,1,4,3,4,4,True,False,1,128|130|132|134|136|138|140|142|144|146|148|150|152|154|156|158|160|162|164|166|168|170|172|174|176|178|180|182|184|192|194|196|198|200|202|204|206|208|210|212|214|216|224|226|228|230|232|234|236|238|240
60544,03_SS3-98-C_comp.jams,1243332,1,3,4,3,3,True,False,1,128|130|132|134|144|160|164|192|196
60630,03_SS3-98-C_comp.jams,1459012,1,3,4,3,2,False,False,1,128|130|132|134|136|138|140|142|144|148|160|162|164|166|168|172|176|180|192|194|196|198|200|204|224|228|232|236
63310,04_Funk2-119-G_comp.jams,564084,1,3,4,3,3,True,False,1,128|130|132|134|160|162|192|194|224|226
63342,04_Funk2-119-G_comp.jams,684892,1,3,2,3,2,False,False,1,128|130|160|162|192|194
1836,00_Funk1-114-Ab_comp.jams,360782,2,5,4,5,4,False,False,1,128
1859,00_Funk1-114-Ab_comp.jams,418387,2,5,4,5,4,False,False,1,128
5566,00_Jazz1-200-B_comp.jams,290639,2,5,4,5,3,False,False,1,128|130|132|136|144|160|192
6126,00_Jazz2-110-Bb_comp.jams,1072686,2,4,3,4,3,False,False,1,128|132
8055,00_Rock1-130-A_comp.jams,52535,2,3,2,3,2,False,False,1,128|136|160
8278,00_Rock1-130-A_comp.jams,620697,2,5,4,5,4,False,False,1,128|130|132|134|136|138|140|144|146|148|152|154|156|160|162|164|168|172|176|178|180|184|188|192|194|196|200|204|208|210|212|216|220|224|228|232|240|244|248
8311,00_Rock1-130-A_comp.jams,701699,2,5,4,5,4,False,False,1,128|130|132|136|144|160|192
10457,00_Rock2-85-F_comp.jams,153251,2,5,4,5,4,False,False,1,128|144
10486,00_Rock2-85-F_comp.jams,217265,2,6,4,6,4,False,False,1,128
10803,00_Rock2-85-F_comp.jams,925592,2,5,4,5,2,False,False,1,128|130|132|134|136|140|144|148|152|156|160|164|168|172|176|192|196|200|204|208|212
10862,00_Rock2-85-F_comp.jams,1065221,2,5,4,5,4,False,False,1,128|132|136|140|144|160|192|196
10884,00_Rock2-85-F_comp.jams,1112449,2,5,4,5,4,False,False,1,128|132|136|144|160|192
10925,00_Rock2-85-F_comp.jams,1206540,2,5,4,5,4,False,False,1,128|130|132|136|144|148|152|160|176|192|208
10965,00_Rock2-85-F_comp.jams,1316235,2,5,4,5,4,False,False,1,128|130|132|136|144|160|192
11208,00_Rock2-85-F_comp.jams,1867010,2,5,4,5,5,True,False,1,128|130|132|134|136|138|140|142|144|146|148|152|154|156|160|162|164|166|168|170|172|176|178|180|184|188|192|194|196|198|200|202|204|208|210|212|216|224|226|228|232|236|240|248
11264,00_Rock2-85-F_comp.jams,1983627,2,5,3,5,3,False,False,1,128|132|136|144|160|192
18584,01_Funk1-114-Ab_comp.jams,1009760,2,2,3,2,3,False,False,1,128|160
23931,01_Rock1-130-A_comp.jams,213916,2,2,4,2,4,False,False,1,128|132|136|140|144|148|152|156|160|168|192|200|216
26880,01_Rock2-85-F_comp.jams,1741995,2,2,4,2,4,False,False,1,128|130|132|134|136|138|140|142|144|146|148|150|152|154|156|158|160|162|164|166|168|170|172|176|178|180|182|184|186|188|192|194|196|198|200|202|204|208|210|212|214|216|218|220|224|226|228|230|232|236|240|242|244|248
37697,02_Jazz2-110-Bb_comp.jams,545500,2,3,4,3,4,False,False,1,128|130|132|134|136|138|144|146|148|150|152|154|160|162|164|166|176|178|180|182|192|194|196|198|208|210|212|214|224|226|240|242
40119,02_Rock1-130-A_comp.jams,886924,2,3,4,3,4,False,False,1,128
55645,03_Rock2-85-F_comp.jams,543810,2,2,4,2,4,False,False,1,128
55966,03_Rock2-85-F_comp.jams,1416382,2,3,4,3,4,False,False,1,128|130|132|134|144|146|148|150|160|164|176|180|192|196|208|212
56043,03_Rock2-85-F_comp.jams,1663775,2,2,3,2,2,True,False,1,128|144
65600,04_Jazz1-200-B_comp.jams,397591,2,2,4,2,4,False,False,1,128|130|132|136|138|160|162|164|168|170|192|194|224|226
66205,04_Jazz2-110-Bb_comp.jams,1435057,2,3,4,3,3,True,False,1,128|130|160
2154,00_Funk2-108-Eb_comp.jams,18954,4,5,4,5,4,False,False,1,128|130|132|134|136|138|140|144|146|152|160|162|168|192|194|200|208|224
2180,00_Funk2-108-Eb_comp.jams,92688,4,3,2,3,2,False,False,1,128
2279,00_Funk2-108-Eb_comp.jams,357316,4,4,3,4,3,False,False,1,128
2319,00_Funk2-108-Eb_comp.jams,483974,4,4,3,4,3,False,False,1,128|132|136|192
2322,00_Funk2-108-Eb_comp.jams,490302,4,5,3,5,3,False,False,1,128|132|136
2402,00_Funk2-108-Eb_comp.jams,735059,4,3,2,3,2,False,False,1,128
2404,00_Funk2-108-Eb_comp.jams,740097,4,5,3,5,3,False,False,1,128|130|132|134|136|138|140|142|144|146|148|150|152|154|156|158|160|162|164|168|172|176|180|184|188|192|194|196|198|200|202|204|208|210|212|216|220|224|228|232|236|240|244|248
2512,00_Funk2-108-Eb_comp.jams,1010690,4,5,3,5,5,True,False,1,128|132|144|160|192
2665,00_Funk2-108-Eb_comp.jams,1439537,4,4,3,4,2,False,False,1,128|136
2670,00_Funk2-108-Eb_comp.jams,1459057,4,3,2,3,2,False,False,1,128
5084,00_Jazz1-130-D_comp.jams,53600,4,2,3,4,2,True,True,2,132
5097,00_Jazz1-130-D_comp.jams,94968,4,4,3,4,3,False,False,1,128|132
5166,00_Jazz1-130-D_comp.jams,297574,4,5,3,5,3,False,False,1,128|132|136|140|192
5298,00_Jazz1-130-D_comp.jams,704898,4,5,3,5,5,True,False,1,128|132|136|144|148|152|160|192
5303,00_Jazz1-130-D_comp.jams,725185,4,5,3,5,3,False,False,1,128|132|136|144|148|152|160|192
6902,00_Jazz3-137-Eb_comp.jams,115844,4,3,2,3,2,False,False,1,128
6955,00_Jazz3-137-Eb_comp.jams,327685,4,4,3,4,3,False,False,1,128|130|132|134|136|138|140|144|160|162|192|194|196
8688,00_Rock1-90-C#_comp.jams,4,4,5,3,5,4,False,False,1,128
8739,00_Rock1-90-C#_comp.jams,115570,4,5,3,5,3,False,False,1,128|132|136|144|148|152|160|176|192|208
8775,00_Rock1-90-C#_comp.jams,205699,4,5,3,5,5,True,False,1,128
8901,00_Rock1-90-C#_comp.jams,501347,4,6,4,6,5,False,False,1,128|136
8922,00_Rock1-90-C#_comp.jams,551075,4,4,3,4,3,False,False,1,128|132|136|140|146|154|160|164|168|176|180|184|188|192|196|200|204|224|240|248
9041,00_Rock1-90-C#_comp.jams,823301,4,5,4,5,4,False,False,1,128|132|136|140
9122,00_Rock1-90-C#_comp.jams,1019924,4,5,3,5,3,False,False,1,128|132|136|140|144|192
9162,00_Rock1-90-C#_comp.jams,1102122,4,4,2,4,2,False,False,1,128|144|160|192
9172,00_Rock1-90-C#_comp.jams,1122676,4,5,3,5,3,False,False,1,128
18908,01_Funk2-108-Eb_comp.jams,281714,4,4,3,5,3,False,True,2,130|144|160
18910,01_Funk2-108-Eb_comp.jams,288568,4,4,3,4,3,False,False,1,128|130|132|134|136|138|140|144|146|148|152|160|162|164|168|176|192|194|196|200|208|224
18969,01_Funk2-108-Eb_comp.jams,538817,4,2,3,2,3,False,False,1,128|130|136|138|144|146|152|160|192
19111,01_Funk2-108-Eb_comp.jams,1255439,4,4,3,4,3,False,False,1,128
25045,01_Rock1-90-C#_comp.jams,1154599,4,4,3,4,4,True,False,1,128|130|132|134|136|138|140|142|144|146|148|150|152|154|156|158|160|162|164|166|168|176|178|180|192|194|196|198|200|202|204|208|210|212|214|216|224|226|228|240
25108,01_Rock1-90-C#_comp.jams,1293904,4,4,3,4,4,True,False,1,128|132
25123,01_Rock1-90-C#_comp.jams,1323166,4,4,3,4,3,False,False,1,128|132
25145,01_Rock1-90-C#_comp.jams,1366089,4,4,3,4,3,False,False,1,128|130|132|134|136|138|140|142|144|146|148|150|152|154|156|158|160|162|164|166|168|170|172|174|176|178|180|182|184|186|188|190|192|194|196|198|200|202|204|206|208|210|212|214|216|218|220|222|224|226|228|230|232|234|236|238|240|242|244|246|248|250|252|254
25160,01_Rock1-90-C#_comp.jams,1396487,4,4,3,4,4,True,False,1,128|130|132|134|136|138|140|142|144|146|148|150|152|154|156|158|160|162|164|166|168|170|172|174|176|178|180|182|184|186|188|190|192|194|196|198|200|202|204|206|208|210|212|214|216|218|220|222|224|226|228|230|232|234|236|238|240|242|244|246|248|250|252|254
29711,01_SS2-107-Ab_comp.jams,185734,4,2,3,2,3,False,False,1,128|130|132|136|144|160|162|164|192|194|224
29815,01_SS2-107-Ab_comp.jams,606213,4,2,3,2,2,True,False,1,128|130|132|134|160|162
29866,01_SS2-107-Ab_comp.jams,803283,4,2,3,2,3,False,False,1,128
29882,01_SS2-107-Ab_comp.jams,877352,4,4,3,4,3,False,False,1,128|130
29982,01_SS2-107-Ab_comp.jams,1298347,4,2,3,2,3,False,False,1,128|144
49306,03_Funk2-108-Eb_comp.jams,538274,4,4,3,5,3,False,True,2,132
49337,03_Funk2-108-Eb_comp.jams,661090,4,4,3,4,3,False,False,1,128|130|132|144
49421,03_Funk2-108-Eb_comp.jams,980141,4,4,3,4,3,False,False,1,128|130|132|160|192
49510,03_Funk2-108-Eb_comp.jams,1322464,4,4,3,4,3,False,False,1,128
49551,03_Funk2-108-Eb_comp.jams,1469320,4,4,2,4,2,False,False,1,128|130|132|134|136|138|140|144|146|148|152|156|160|162|164|168|176|192|194|196|200|208|212|224
49573,03_Funk2-108-Eb_comp.jams,1543810,4,4,3,4,3,False,False,1,128
51606,03_Jazz1-130-D_comp.jams,867174,4,2,3,2,3,False,False,1,128|132
53063,03_Jazz3-137-Eb_comp.jams,514403,4,4,3,4,4,True,False,1,128|144
54542,03_Rock1-90-C#_comp.jams,734616,4,4,3,4,3,False,False,1,128
58357,03_SS2-107-Ab_comp.jams,12996,4,4,3,4,3,False,False,1,128|130|136|144|152|160|168|176|192
58424,03_SS2-107-Ab_comp.jams,181888,4,3,2,3,2,False,False,1,128
58503,03_SS2-107-Ab_comp.jams,378396,4,3,2,3,2,False,False,1,128|130|132|134|136|138|140|142|144|146|148|150|152|154|156|158|160|162|164|168|170|172|176|184|192|194|196|198|200|202|204|206|208|210|212|216|218|220|224|232
58693,03_SS2-107-Ab_comp.jams,922348,4,4,3,4,3,False,False,1,128
58719,03_SS2-107-Ab_comp.jams,989126,4,2,3,2,3,False,False,1,128
58916,03_SS2-107-Ab_comp.jams,1532655,4,4,3,4,3,False,False,1,128|132|136|144|152|160|192
62652,04_Funk2-108-Eb_comp.jams,367427,4,2,3,2,3,False,False,1,128|130|132|134|136|138|140|142|144|146|148|150|152|156|160|162|164|168|176|192|194|196|198|200|204|208|210|212|224
62677,04_Funk2-108-Eb_comp.jams,453428,4,4,3,4,3,False,False,1,128
62862,04_Funk2-108-Eb_comp.jams,1114796,4,4,3,4,3,False,False,1,128
66805,04_Jazz3-137-Eb_comp.jams,463010,4,4,3,3,3,False,True,2,136|152|168|184|200|216
66872,04_Jazz3-137-Eb_comp.jams,688163,4,3,4,4,3,True,True,3,134|162|164|166|196
68381,04_Rock1-90-C#_comp.jams,647398,4,4,3,4,3,False,False,1,128
68642,04_Rock1-90-C#_comp.jams,1322031,4,4,3,4,4,True,False,1,128|130|132|134|136|138|140|142|144|146|148|152|156|160|162|164|166|168|170|172|174|176|178|180|184|188|192|194|196|198|200|202|204|206|208|212|216|224|226|228|230|232|234|236|240|244|248
