global_index,fold,recording_id,start_sample,true_K,frozen_K,predicted_K,expected_net_replay_K,selected_negative_estimated_net,keep_preferred_probability,keep_logit
638,0,00_BN2-166-Ab_comp.jams,271618,3,3,5,5,0,0.4459266662597656,-0.2171425223350525
753,0,00_BN2-166-Ab_comp.jams,662867,3,3,2,3,1,0.458341509103775,-0.16702115535736084
760,0,00_BN2-166-Ab_comp.jams,709555,3,3,4,4,0,0.40449488162994385,-0.38677090406417847
7499,0,00_Jazz3-150-C_comp.jams,387039,3,3,4,3,1,0.3233164846897125,-0.7385720014572144
7702,0,00_Jazz3-150-C_comp.jams,1005549,3,3,2,2,0,0.5135984420776367,0.05440717935562134
9996,0,00_Rock2-142-D_comp.jams,876371,3,3,5,5,0,0.4059487283229828,-0.38073867559432983
12317,0,00_Rock3-148-C_comp.jams,95533,3,3,5,5,0,0.489263653755188,-0.042952001094818115
12360,0,00_Rock3-148-C_comp.jams,198690,3,3,2,2,0,0.41221970319747925,-0.35479676723480225
12457,0,00_Rock3-148-C_comp.jams,412056,3,3,5,5,0,0.365324467420578,-0.5523278713226318
12499,0,00_Rock3-148-C_comp.jams,497208,3,3,2,3,1,0.4333401918411255,-0.26823604106903076
12687,0,00_Rock3-148-C_comp.jams,917684,3,3,2,2,0,0.3269394636154175,-0.7220602035522461
12800,0,00_Rock3-148-C_solo.jams,37490,3,3,4,3,1,0.43448153138160706,-0.2635895609855652
12822,0,00_Rock3-148-C_solo.jams,162407,3,3,4,4,0,0.48643410205841064,-0.054276883602142334
12844,0,00_Rock3-148-C_solo.jams,261018,3,3,2,2,0,0.5426127314567566,0.17086541652679443
13422,0,00_SS1-68-E_comp.jams,1438781,3,3,2,2,0,0.5489187240600586,0.1963028907775879
13441,0,00_SS1-68-E_comp.jams,1501438,3,3,4,3,1,0.3937605023384094,-0.43153226375579834
13820,0,00_SS1-68-E_solo.jams,816794,3,3,4,3,1,0.41089490056037903,-0.3602672219276428
13971,0,00_SS1-68-E_solo.jams,1537609,3,3,5,3,1,0.3807322382926941,-0.48644137382507324
17420,0,01_BN2-166-Ab_comp.jams,469374,3,3,4,3,1,0.38893404603004456,-0.45179516077041626
17446,0,01_BN2-166-Ab_comp.jams,557912,3,3,5,5,0,0.3616207242012024,-0.5683366656303406
17475,0,01_BN2-166-Ab_comp.jams,636589,3,3,4,3,1,0.40931832790374756,-0.36678409576416016
29198,0,01_SS1-68-E_comp.jams,1324601,3,3,5,3,1,0.406491756439209,-0.37848740816116333
29286,0,01_SS1-68-E_comp.jams,1557084,3,3,5,5,0,0.3452586531639099,-0.6399463415145874
41144,0,02_Rock2-142-D_comp.jams,728677,3,3,4,4,0,0.5120972394943237,0.048398375511169434
41185,0,02_Rock2-142-D_comp.jams,840035,3,3,4,4,0,0.4762284755706787,-0.09515780210494995
41192,0,02_Rock2-142-D_comp.jams,857961,3,3,4,4,0,0.3560798168182373,-0.5924198627471924
41242,0,02_Rock2-142-D_comp.jams,997545,3,3,4,4,0,0.4036310911178589,-0.3903581500053406
43268,0,02_Rock3-148-C_comp.jams,703355,3,3,2,2,0,0.4893897473812103,-0.04244732856750488
43378,0,02_Rock3-148-C_comp.jams,957828,3,3,5,3,1,0.23905402421951294,-1.1578727960586548
48077,0,03_BN2-166-Ab_comp.jams,454432,3,3,4,3,1,0.4395437240600586,-0.24301403760910034
53414,0,03_Jazz3-150-C_comp.jams,208649,3,3,2,2,0,0.5390523076057434,0.15652799606323242
53426,0,03_Jazz3-150-C_comp.jams,241607,3,3,2,2,0,0.4812457859516144,-0.07505208253860474
53546,0,03_Jazz3-150-C_comp.jams,803990,3,3,2,2,0,0.5243316888809204,0.09740370512008667
55096,0,03_Rock2-142-D_comp.jams,512254,3,3,2,3,1,0.4141603112220764,-0.3467930555343628
55169,0,03_Rock2-142-D_comp.jams,708314,3,3,5,5,0,0.38083937764167786,-0.4859870672225952
55256,0,03_Rock2-142-D_comp.jams,979876,3,3,4,3,1,0.39173778891563416,-0.4400132894515991
56954,0,03_Rock3-148-C_comp.jams,214890,3,3,4,3,1,0.4194691479206085,-0.32495301961898804
57054,0,03_Rock3-148-C_comp.jams,447149,3,3,5,5,0,0.3357364237308502,-0.6823526620864868
57128,0,03_Rock3-148-C_comp.jams,608363,3,3,5,5,0,0.3788750171661377,-0.4943259358406067
57267,0,03_Rock3-148-C_comp.jams,929638,3,3,2,2,0,0.4894419014453888,-0.042238712310791016
57324,0,03_Rock3-148-C_comp.jams,1072184,3,3,2,3,1,0.42795586585998535,-0.2901960611343384
57779,0,03_SS1-68-E_comp.jams,805918,3,3,5,5,0,0.3984435498714447,-0.41195446252822876
61336,0,04_BN2-166-Ab_comp.jams,182920,3,3,4,4,0,0.41121429204940796,-0.3589478135108948
61346,0,04_BN2-166-Ab_comp.jams,223312,3,3,5,5,0,0.38803380727767944,-0.4555845260620117
67233,0,04_Jazz3-150-C_comp.jams,294741,3,3,2,2,0,0.5658425092697144,0.26490843296051025
69084,0,04_Rock2-142-D_comp.jams,660226,3,3,5,3,1,0.293231725692749,-0.8797396421432495
69171,0,04_Rock2-142-D_comp.jams,874936,3,3,5,5,0,0.2840711176395416,-0.92435622215271
71220,0,04_Rock3-148-C_comp.jams,817995,3,3,2,3,1,0.34396299719810486,-0.6456830501556396
71227,0,04_Rock3-148-C_comp.jams,841024,3,3,4,3,1,0.3761615753173828,-0.5058726072311401
71279,0,04_Rock3-148-C_comp.jams,983623,3,3,4,3,1,0.33437126874923706,-0.6884800791740417
3684,1,00_Funk3-112-C#_comp.jams,296105,3,3,4,3,1,0.4043632447719574,-0.38731735944747925
4034,1,00_Funk3-112-C#_comp.jams,1158359,3,3,4,3,1,0.39437273144721985,-0.42896831035614014
16491,1,00_SS3-98-C_solo.jams,648108,3,3,4,3,1,0.36115050315856934,-0.5703741312026978
16496,1,00_SS3-98-C_solo.jams,676085,3,3,4,3,1,0.318011075258255,-0.7629272937774658
17768,1,01_BN3-154-E_comp.jams,25456,3,3,4,3,1,0.2898963689804077,-0.8958873748779297
17799,1,01_BN3-154-E_comp.jams,164005,3,3,4,4,0,0.3460891842842102,-0.6362744569778442
17854,1,01_BN3-154-E_comp.jams,370303,3,3,4,3,1,0.37607893347740173,-0.5062247514724731
17975,1,01_BN3-154-E_comp.jams,782961,3,3,4,3,1,0.3768523037433624,-0.5029302835464478
18000,1,01_BN3-154-E_comp.jams,877481,3,3,5,5,0,0.3673866391181946,-0.5434446334838867
19615,1,01_Funk2-119-G_comp.jams,617348,3,3,2,3,1,0.2504490315914154,-1.0962188243865967
19680,1,01_Funk2-119-G_comp.jams,872992,3,3,4,3,1,0.31683340668678284,-0.7683626413345337
20029,1,01_Funk3-112-C#_comp.jams,65951,3,3,2,3,1,0.3293197453022003,-0.7112634181976318
20034,1,01_Funk3-112-C#_comp.jams,81154,3,3,4,3,1,0.3399122357368469,-0.6636853218078613
20117,1,01_Funk3-112-C#_comp.jams,454365,3,3,4,3,1,0.33902549743652344,-0.667639970779419
20197,1,01_Funk3-112-C#_comp.jams,838507,3,3,6,5,0,0.24240794777870178,-1.1395230293273926
20299,1,01_Funk3-112-C#_comp.jams,1216398,3,3,4,3,1,0.3181929886341095,-0.7620886564254761
20321,1,01_Funk3-112-C#_comp.jams,1299884,3,3,6,6,0,0.2964249551296234,-0.8643804788589478
20358,1,01_Funk3-112-C#_comp.jams,1465207,3,3,2,2,0,0.5461912155151367,0.18529319763183594
31906,1,01_SS3-98-C_comp.jams,1181950,3,3,6,6,0,0.4885825514793396,-0.04567772150039673
31999,1,01_SS3-98-C_comp.jams,1384767,3,3,5,5,0,0.32377341389656067,-0.7364844083786011
32155,1,01_SS3-98-C_comp.jams,1709475,3,3,2,2,0,0.49700385332107544,-0.011984705924987793
34990,1,02_Funk2-119-G_comp.jams,178313,3,3,4,4,0,0.5357851386070251,0.14338570833206177
35513,1,02_Funk3-112-C#_comp.jams,7,3,3,4,4,0,0.3742544949054718,-0.5140078067779541
46591,1,02_SS3-98-C_comp.jams,81257,3,3,4,3,1,0.3513384461402893,-0.6131610870361328
46691,1,02_SS3-98-C_comp.jams,351662,3,3,4,3,1,0.3766612708568573,-0.5037437081336975
46757,1,02_SS3-98-C_comp.jams,513500,3,3,4,4,0,0.3422550559043884,-0.6532610654830933
46901,1,02_SS3-98-C_comp.jams,865360,3,3,2,2,0,0.5729700922966003,0.2939794659614563
47014,1,02_SS3-98-C_comp.jams,1161688,3,3,4,3,1,0.3218826949596405,-0.7451330423355103
47123,1,02_SS3-98-C_comp.jams,1444022,3,3,5,3,1,0.30113545060157776,-0.8418967723846436
49987,1,03_Funk2-119-G_comp.jams,1289044,3,3,5,5,0,0.3151567280292511,-0.7761200666427612
60066,1,03_SS3-98-C_comp.jams,143628,3,3,2,2,0,0.4121425151824951,-0.35511529445648193
60076,1,03_SS3-98-C_comp.jams,163276,3,3,4,3,1,0.3685499131679535,-0.5384426116943359
60206,1,03_SS3-98-C_comp.jams,466680,3,3,6,6,0,0.2400611788034439,-1.1523442268371582
60222,1,03_SS3-98-C_comp.jams,499442,3,3,4,3,1,0.4258071482181549,-0.2989788055419922
60225,1,03_SS3-98-C_comp.jams,506639,3,3,5,5,0,0.36755940318107605,-0.5427013039588928
60366,1,03_SS3-98-C_comp.jams,822002,3,3,5,5,0,0.3186574876308441,-0.7599483132362366
60460,1,03_SS3-98-C_comp.jams,1026129,3,3,5,5,0,0.26985862851142883,-0.9953399896621704
60485,1,03_SS3-98-C_comp.jams,1094000,3,3,4,3,1,0.29746347665786743,-0.8594059944152832
60579,1,03_SS3-98-C_comp.jams,1329587,3,3,2,3,1,0.3134109675884247,-0.7842205166816711
60623,1,03_SS3-98-C_comp.jams,1444153,3,3,6,3,1,0.3059324026107788,-0.8192051649093628
60661,1,03_SS3-98-C_comp.jams,1526270,3,3,4,3,1,0.3099384307861328,-0.8004071712493896
61709,1,04_BN3-154-E_comp.jams,78252,3,3,2,2,0,0.7907010912895203,1.3291566371917725
63261,1,04_Funk2-119-G_comp.jams,411417,3,3,4,3,1,0.39014166593551636,-0.4467167258262634
63282,1,04_Funk2-119-G_comp.jams,478261,3,3,4,3,1,0.3799058496952057,-0.48994794487953186
63302,1,04_Funk2-119-G_comp.jams,545582,3,3,4,3,1,0.32794955372810364,-0.7174736261367798
63365,1,04_Funk2-119-G_comp.jams,788586,3,3,4,3,1,0.3764866888523102,-0.5044874548912048
63405,1,04_Funk2-119-G_comp.jams,967077,3,3,2,3,1,0.4339265525341034,-0.2658485174179077
63475,1,04_Funk2-119-G_comp.jams,1200649,3,3,4,3,1,0.31853345036506653,-0.7605197429656982
63501,1,04_Funk2-119-G_comp.jams,1277752,3,3,4,4,0,0.32871946692466736,-0.7139824628829956
63769,1,04_Funk3-112-C#_comp.jams,36179,3,3,4,3,1,0.38689863681793213,-0.4603675305843353
63806,1,04_Funk3-112-C#_comp.jams,167460,3,3,4,3,1,0.2767477035522461,-0.9606518745422363
63981,1,04_Funk3-112-C#_comp.jams,697211,3,3,4,3,1,0.3597393333911896,-0.5764957070350647
63989,1,04_Funk3-112-C#_comp.jams,720360,3,3,4,3,1,0.41153883934020996,-0.35760754346847534
64087,1,04_Funk3-112-C#_comp.jams,1016120,3,3,5,3,1,0.2948799431324005,-0.8717998266220093
64095,1,04_Funk3-112-C#_comp.jams,1039885,3,3,4,4,0,0.39486250281333923,-0.42691802978515625
64115,1,04_Funk3-112-C#_comp.jams,1110979,3,3,4,3,1,0.34178343415260315,-0.655356764793396
1826,2,00_Funk1-114-Ab_comp.jams,337443,3,3,4,4,0,0.35193413496017456,-0.6105483770370483
5538,2,00_Jazz1-200-B_comp.jams,170117,3,3,2,2,0,0.5648928880691528,0.261043906211853
5856,2,00_Jazz2-110-Bb_comp.jams,254837,3,3,4,3,1,0.3359825015068054,-0.6812494993209839
5864,2,00_Jazz2-110-Bb_comp.jams,279237,3,3,4,3,1,0.29249998927116394,-0.8832729458808899
5895,2,00_Jazz2-110-Bb_comp.jams,406914,3,3,4,4,0,0.45696336030960083,-0.17257356643676758
5912,2,00_Jazz2-110-Bb_comp.jams,470229,3,3,4,3,1,0.4422830641269684,-0.23190152645111084
8330,2,00_Rock1-130-A_comp.jams,743456,3,3,5,5,0,0.29526710510253906,-0.8699384927749634
10759,2,00_Rock2-85-F_comp.jams,825657,3,3,5,5,0,0.4835605025291443,-0.06578171253204346
10983,2,00_Rock2-85-F_comp.jams,1355082,3,3,2,2,0,0.6856060028076172,0.779656171798706
10984,2,00_Rock2-85-F_comp.jams,1362513,3,3,4,3,1,0.43725958466529846,-0.2522914409637451
11149,2,00_Rock2-85-F_comp.jams,1742720,3,3,2,2,0,0.5416867733001709,0.1671351194381714
18355,2,01_Funk1-114-Ab_comp.jams,87774,3,3,2,2,0,0.36813220381736755,-0.5402379631996155
18367,2,01_Funk1-114-Ab_comp.jams,139363,3,3,2,3,1,0.3312947452068329,-0.7023348808288574
18377,2,01_Funk1-114-Ab_comp.jams,180949,3,3,2,2,0,0.3579065501689911,-0.5844618678092957
18397,2,01_Funk1-114-Ab_comp.jams,272659,3,3,2,3,1,0.2769962251186371,-0.9594104886054993
18485,2,01_Funk1-114-Ab_comp.jams,610144,3,3,2,2,0,0.28423988819122314,-0.9235265254974365
18493,2,01_Funk1-114-Ab_comp.jams,638207,3,3,2,3,1,0.37057048082351685,-0.5297702550888062
18501,2,01_Funk1-114-Ab_comp.jams,667276,3,3,2,3,1,0.3648872375488281,-0.5542141795158386
18515,2,01_Funk1-114-Ab_comp.jams,724789,3,3,4,3,1,0.3500883877277374,-0.6186507344245911
22132,2,01_Jazz2-110-Bb_comp.jams,232865,3,3,4,4,0,0.36944636702537537,-0.5345926284790039
22330,2,01_Jazz2-110-Bb_comp.jams,1003251,3,3,4,3,1,0.39125967025756836,-0.44202032685279846
23881,2,01_Rock1-130-A_comp.jams,71629,3,3,4,3,1,0.3994326889514923,-0.4078295826911926
23932,2,01_Rock1-130-A_comp.jams,215728,3,3,2,2,0,0.5300505757331848,0.12034732103347778
26369,2,01_Rock2-85-F_comp.jams,497214,3,3,4,4,0,0.3811293840408325,-0.48475730419158936
26478,2,01_Rock2-85-F_comp.jams,747515,3,3,4,3,1,0.2837141752243042,-0.9261119365692139
26633,2,01_Rock2-85-F_comp.jams,1088204,3,3,4,3,1,0.3874344527721405,-0.45810920000076294
26683,2,01_Rock2-85-F_comp.jams,1245974,3,3,4,4,0,0.4794809818267822,-0.08212220668792725
26703,2,01_Rock2-85-F_comp.jams,1289697,3,3,4,3,1,0.29589220881462097,-0.866936206817627
26896,2,01_Rock2-85-F_comp.jams,1773494,3,3,4,4,0,0.45038875937461853,-0.19910001754760742
26903,2,01_Rock2-85-F_comp.jams,1788302,3,3,2,2,0,0.4427204728126526,-0.23012840747833252
26957,2,01_Rock2-85-F_comp.jams,1913822,3,3,4,3,1,0.31372103095054626,-0.7827799320220947
37382,2,02_Jazz1-200-B_comp.jams,530167,3,3,2,2,0,0.6252804398536682,0.5120223760604858
37634,2,02_Jazz2-110-Bb_comp.jams,360647,3,3,4,4,0,0.42637357115745544,-0.29666244983673096
37848,2,02_Jazz2-110-Bb_comp.jams,998209,3,3,4,3,1,0.3578488230705261,-0.5847131013870239
37947,2,02_Jazz2-110-Bb_comp.jams,1251710,3,3,4,4,0,0.3732205927371979,-0.5184251070022583
39832,2,02_Rock1-130-A_comp.jams,30942,3,3,2,2,0,0.45738106966018677,-0.17089039087295532
40001,2,02_Rock1-130-A_comp.jams,540800,3,3,5,5,0,0.3377821147441864,-0.6731934547424316
40090,2,02_Rock1-130-A_comp.jams,804719,3,3,4,3,1,0.3195485770702362,-0.7558470964431763
41512,2,02_Rock2-85-F_comp.jams,342712,3,3,2,2,0,0.46795129776000977,-0.12837082147598267
41569,2,02_Rock2-85-F_comp.jams,530073,3,3,4,3,1,0.40053388476371765,-0.40324103832244873
52075,2,03_Jazz2-110-Bb_comp.jams,432984,3,3,2,2,0,0.574175238609314,0.29890668392181396
52287,2,03_Jazz2-110-Bb_comp.jams,1203651,3,3,2,2,0,0.5762381553649902,0.30734944343566895
53777,2,03_Rock1-130-A_comp.jams,81983,3,3,4,3,1,0.4212389290332794,-0.31768959760665894
54000,2,03_Rock1-130-A_comp.jams,650321,3,3,2,2,0,0.35303443670272827,-0.6057274341583252
55628,2,03_Rock2-85-F_comp.jams,496529,3,3,4,3,1,0.4148208498954773,-0.34407132863998413
55675,2,03_Rock2-85-F_comp.jams,647096,3,3,2,2,0,0.3021078109741211,-0.8372806310653687
55806,2,03_Rock2-85-F_comp.jams,963340,3,3,4,3,1,0.3900086283683777,-0.44727596640586853
56042,2,03_Rock2-85-F_comp.jams,1641632,3,3,4,3,1,0.2857729494571686,-0.9160033464431763
62343,2,04_Funk1-114-Ab_comp.jams,911706,3,3,4,3,1,0.33036404848098755,-0.7065389156341553
66011,2,04_Jazz2-110-Bb_comp.jams,735410,3,3,2,2,0,0.5672844648361206,0.2707803249359131
66117,2,04_Jazz2-110-Bb_comp.jams,1156014,3,3,2,2,0,0.5280406475067139,0.11228042840957642
2197,4,00_Funk2-108-Eb_comp.jams,134759,3,3,5,5,0,0.4193915128707886,-0.32527172565460205
2474,4,00_Funk2-108-Eb_comp.jams,928752,3,3,4,3,1,0.27498868107795715,-0.9694572687149048
5183,4,00_Jazz1-130-D_comp.jams,358751,3,3,4,3,1,0.35661813616752625,-0.5900728702545166
5196,4,00_Jazz1-130-D_comp.jams,385973,3,3,4,4,0,0.2785660922527313,-0.9515852928161621
5253,4,00_Jazz1-130-D_comp.jams,562616,3,3,4,3,1,0.3415759205818176,-0.6562792062759399
6886,4,00_Jazz3-137-Eb_comp.jams,50129,3,3,5,5,0,0.42094293236732483,-0.3189038038253784
7110,4,00_Jazz3-137-Eb_comp.jams,944941,3,3,4,3,1,0.4462619721889496,-0.21578550338745117
7158,4,00_Jazz3-137-Eb_comp.jams,1131996,3,3,5,5,0,0.4136633574962616,-0.3488415479660034
8745,4,00_Rock1-90-C#_comp.jams,136666,3,3,5,5,0,0.5172393321990967,0.06898468732833862
8785,4,00_Rock1-90-C#_comp.jams,227320,3,3,5,3,1,0.4761490225791931,-0.09547638893127441
8977,4,00_Rock1-90-C#_comp.jams,666473,3,3,5,5,0,0.3452950716018677,-0.6397852897644043
9024,4,00_Rock1-90-C#_comp.jams,781031,3,3,5,5,0,0.3563409149646759,-0.5912813544273376
18865,4,01_Funk2-108-Eb_comp.jams,110504,3,3,4,4,0,0.5747779607772827,0.3013722896575928
18895,4,01_Funk2-108-Eb_comp.jams,227495,3,3,2,3,1,0.45802727341651917,-0.16828703880310059
18916,4,01_Funk2-108-Eb_comp.jams,318449,3,3,2,2,0,0.7651834487915039,1.1813111305236816
18922,4,01_Funk2-108-Eb_comp.jams,342932,3,3,2,2,0,0.5370094180107117,0.14830893278121948
18930,4,01_Funk2-108-Eb_comp.jams,373713,3,3,4,3,1,0.30081069469451904,-0.8434404134750366
18963,4,01_Funk2-108-Eb_comp.jams,502813,3,3,2,2,0,0.5934014320373535,0.3780447840690613
19098,4,01_Funk2-108-Eb_comp.jams,1206807,3,3,5,3,1,0.2637401223182678,-1.0266189575195312
19128,4,01_Funk2-108-Eb_comp.jams,1323234,3,3,2,2,0,0.5747576951980591,0.301289439201355
19162,4,01_Funk2-108-Eb_comp.jams,1482085,3,3,2,2,0,0.4916002154350281,-0.03360229730606079
19170,4,01_Funk2-108-Eb_comp.jams,1519179,3,3,2,2,0,0.49106118083000183,-0.03575897216796875
19179,4,01_Funk2-108-Eb_comp.jams,1555375,3,3,2,2,0,0.511845052242279,0.047389090061187744
23165,4,01_Jazz3-137-Eb_comp.jams,417568,3,3,4,4,0,0.4682370722293854,-0.12722307443618774
23339,4,01_Jazz3-137-Eb_comp.jams,1150779,3,3,4,4,0,0.5014840960502625,0.005936384201049805
24534,4,01_Rock1-90-C#_comp.jams,74111,3,3,4,4,0,0.3657129108905792,-0.5506530404090881
24549,4,01_Rock1-90-C#_comp.jams,102859,3,3,4,3,1,0.34477531909942627,-0.6420853137969971
25063,4,01_Rock1-90-C#_comp.jams,1205842,3,3,4,4,0,0.3793943524360657,-0.4921196699142456
29680,4,01_SS2-107-Ab_comp.jams,87452,3,3,2,2,0,0.42838016152381897,-0.28846311569213867
29926,4,01_SS2-107-Ab_comp.jams,1050868,3,3,2,3,1,0.316839337348938,-0.768335223197937
34391,4,02_Funk2-108-Eb_comp.jams,25405,3,3,2,2,0,0.5177195072174072,0.07090771198272705
34537,4,02_Funk2-108-Eb_comp.jams,515257,3,3,4,4,0,0.39217737317085266,-0.4381689429283142
34775,4,02_Funk2-108-Eb_comp.jams,1323790,3,3,2,3,1,0.47768592834472656,-0.08931565284729004
36984,4,02_Jazz1-130-D_comp.jams,969110,3,3,5,5,0,0.4465445578098297,-0.21464216709136963
38667,4,02_Jazz3-137-Eb_comp.jams,251242,3,3,4,4,0,0.486296683549881,-0.05482703447341919
38681,4,02_Jazz3-137-Eb_comp.jams,289872,3,3,4,4,0,0.32468879222869873,-0.7323065400123596
38685,4,02_Jazz3-137-Eb_comp.jams,328221,3,3,4,3,1,0.3768961727619171,-0.5027434229850769
38822,4,02_Jazz3-137-Eb_comp.jams,869634,3,3,4,4,0,0.40436476469039917,-0.38731110095977783
40429,4,02_Rock1-90-C#_comp.jams,412034,3,3,4,3,1,0.4273568391799927,-0.2926434278488159
40530,4,02_Rock1-90-C#_comp.jams,765442,3,3,4,3,1,0.4004812240600586,-0.40346044301986694
44798,4,02_SS2-107-Ab_comp.jams,270708,3,3,4,3,1,0.31428879499435425,-0.7801443338394165
44892,4,02_SS2-107-Ab_comp.jams,569704,3,3,4,4,0,0.4402850270271301,-0.24000537395477295
44992,4,02_SS2-107-Ab_comp.jams,828407,3,3,4,4,0,0.38054129481315613,-0.48725131154060364
45098,4,02_SS2-107-Ab_comp.jams,1064480,3,3,4,4,0,0.399283230304718,-0.40845251083374023
45119,4,02_SS2-107-Ab_comp.jams,1139448,3,3,5,5,0,0.4149290919303894,-0.34362542629241943
45174,4,02_SS2-107-Ab_comp.jams,1322803,3,3,4,4,0,0.3811764121055603,-0.48455798625946045
49171,4,03_Funk2-108-Eb_comp.jams,6,3,3,4,3,1,0.3653486967086792,-0.5522235035896301
49194,4,03_Funk2-108-Eb_comp.jams,72727,3,3,4,4,0,0.25777870416641235,-1.0575459003448486
49201,4,03_Funk2-108-Eb_comp.jams,97466,3,3,4,4,0,0.23205320537090302,-1.196753740310669
49217,4,03_Funk2-108-Eb_comp.jams,146603,3,3,4,4,0,0.33061254024505615,-0.7054159641265869
49226,4,03_Funk2-108-Eb_comp.jams,195718,3,3,4,3,1,0.39116793870925903,-0.44240546226501465
49237,4,03_Funk2-108-Eb_comp.jams,244268,3,3,5,5,0,0.3655168116092682,-0.5514985918998718
49246,4,03_Funk2-108-Eb_comp.jams,294597,3,3,4,3,1,0.3819023370742798,-0.4814815819263458
49368,4,03_Funk2-108-Eb_comp.jams,784489,3,3,4,3,1,0.33323734998703003,-0.6935791969299316
49441,4,03_Funk2-108-Eb_comp.jams,1049361,3,3,4,3,1,0.4006524085998535,-0.4027475118637085
49447,4,03_Funk2-108-Eb_comp.jams,1078214,3,3,4,3,1,0.4194892942905426,-0.3248702883720398
49565,4,03_Funk2-108-Eb_comp.jams,1513975,3,3,5,5,0,0.509555459022522,0.03822648525238037
53095,4,03_Jazz3-137-Eb_comp.jams,706192,3,3,4,4,0,0.5064852833747864,0.025942623615264893
54441,4,03_Rock1-90-C#_comp.jams,500238,3,3,4,4,0,0.322022944688797,-0.7444906830787659
54572,4,03_Rock1-90-C#_comp.jams,808344,3,3,4,3,1,0.45749035477638245,-0.1704500913619995
54654,4,03_Rock1-90-C#_comp.jams,1015338,3,3,4,4,0,0.3306153118610382,-0.7054035663604736
54770,4,03_Rock1-90-C#_comp.jams,1322303,3,3,5,5,0,0.4483729302883148,-0.20724689960479736
54790,4,03_Rock1-90-C#_comp.jams,1366687,3,3,5,5,0,0.4081173539161682,-0.37175363302230835
58377,4,03_SS2-107-Ab_comp.jams,68755,3,3,4,3,1,0.3413158059120178,-0.6574360132217407
58392,4,03_SS2-107-Ab_comp.jams,110290,3,3,2,2,0,0.5687980055809021,0.2769487500190735
58410,4,03_SS2-107-Ab_comp.jams,148966,3,3,4,4,0,0.345785528421402,-0.6376166343688965
58436,4,03_SS2-107-Ab_comp.jams,210221,3,3,2,3,1,0.3189355134963989,-0.758668065071106
58497,4,03_SS2-107-Ab_comp.jams,364913,3,3,4,3,1,0.38312971591949463,-0.4762851595878601
58545,4,03_SS2-107-Ab_comp.jams,507998,3,3,4,4,0,0.3795570731163025,-0.4914286434650421
58593,4,03_SS2-107-Ab_comp.jams,625799,3,3,2,2,0,0.33754169940948486,-0.6742686033248901
58616,4,03_SS2-107-Ab_comp.jams,680400,3,3,2,2,0,0.5894192457199097,0.36156511306762695
58649,4,03_SS2-107-Ab_comp.jams,804204,3,3,4,3,1,0.3521246314048767,-0.6097131371498108
58661,4,03_SS2-107-Ab_comp.jams,840961,3,3,4,3,1,0.3717620074748993,-0.5246651768684387
58684,4,03_SS2-107-Ab_comp.jams,902852,3,3,2,2,0,0.37468498945236206,-0.5121699571609497
58784,4,03_SS2-107-Ab_comp.jams,1156774,3,3,6,4,0,0.26906925439834595,-0.99934983253479
58889,4,03_SS2-107-Ab_comp.jams,1454454,3,3,5,3,1,0.37222012877464294,-0.5227041244506836
62610,4,04_Funk2-108-Eb_comp.jams,159553,3,3,4,3,1,0.4115113317966461,-0.35772114992141724
62632,4,04_Funk2-108-Eb_comp.jams,257855,3,3,4,3,1,0.3996763229370117,-0.40681391954421997
62753,4,04_Funk2-108-Eb_comp.jams,734525,3,3,4,3,1,0.44034865498542786,-0.23974722623825073
62779,4,04_Funk2-108-Eb_comp.jams,820474,3,3,4,3,1,0.40409818291664124,-0.3884180784225464
62872,4,04_Funk2-108-Eb_comp.jams,1138912,3,3,4,3,1,0.3926681876182556,-0.43611031770706177
62877,4,04_Funk2-108-Eb_comp.jams,1158438,3,3,4,3,1,0.2930583953857422,-0.8805761337280273
62981,4,04_Funk2-108-Eb_comp.jams,1538236,3,3,4,4,0,0.37807613611221313,-0.4977220892906189
68187,4,04_Rock1-90-C#_comp.jams,146205,3,3,4,4,0,0.3579157590866089,-0.5844218730926514
68239,4,04_Rock1-90-C#_comp.jams,294626,3,3,4,4,0,0.3600025773048401,-0.5753529667854309
68267,4,04_Rock1-90-C#_comp.jams,380817,3,3,4,3,1,0.4023130536079407,-0.39583665132522583
68337,4,04_Rock1-90-C#_comp.jams,557210,3,3,4,3,1,0.2570621967315674,-1.0612943172454834
68411,4,04_Rock1-90-C#_comp.jams,734184,3,3,4,3,1,0.40677928924560547,-0.37729573249816895
68446,4,04_Rock1-90-C#_comp.jams,851769,3,3,4,3,1,0.43251174688339233,-0.2716105580329895
68494,4,04_Rock1-90-C#_comp.jams,970087,3,3,2,3,1,0.35733869671821594,-0.5869338512420654
68555,4,04_Rock1-90-C#_comp.jams,1115446,3,3,4,4,0,0.3707018494606018,-0.5292071104049683
68649,4,04_Rock1-90-C#_comp.jams,1336158,3,3,4,4,0,0.3188006579875946,-0.7592889666557312
